ISO-10303-21;
HEADER;
/* Generated by software containing ST-Developer
 * from STEP Tools, Inc. (www.steptools.com) 
 */

FILE_DESCRIPTION(
/* description */ (''),
/* implementation_level */ '2;1');

FILE_NAME(
/* name */ 'gello_crx10_12a.step',
/* time_stamp */ '2026-08-26T18:53:14+09:00',
/* author */ (''),
/* organization */ (''),
/* preprocessor_version */ 'ST-DEVELOPER v20.1',
/* originating_system */ 'Autodesk Translation Framework v15.8.0.0',
/* authorisation */ '');

FILE_SCHEMA (('AUTOMOTIVE_DESIGN { 1 0 10303 214 3 1 1 }'));
ENDSEC;

DATA;
#10=MECHANICAL_DESIGN_GEOMETRIC_PRESENTATION_REPRESENTATION('',(#47,#48,
#49,#50,#51,#52),#7374);
#11=ITEM_DEFINED_TRANSFORMATION($,$,#4384,#4856);
#12=ITEM_DEFINED_TRANSFORMATION($,$,#4466,#4857);
#13=ITEM_DEFINED_TRANSFORMATION($,$,#4541,#4858);
#14=ITEM_DEFINED_TRANSFORMATION($,$,#4620,#4859);
#15=ITEM_DEFINED_TRANSFORMATION($,$,#4697,#4860);
#16=ITEM_DEFINED_TRANSFORMATION($,$,#4772,#4861);
#17=(
REPRESENTATION_RELATIONSHIP($,$,#7400,#7399)
REPRESENTATION_RELATIONSHIP_WITH_TRANSFORMATION(#11)
SHAPE_REPRESENTATION_RELATIONSHIP()
);
#18=(
REPRESENTATION_RELATIONSHIP($,$,#7401,#7399)
REPRESENTATION_RELATIONSHIP_WITH_TRANSFORMATION(#12)
SHAPE_REPRESENTATION_RELATIONSHIP()
);
#19=(
REPRESENTATION_RELATIONSHIP($,$,#7402,#7399)
REPRESENTATION_RELATIONSHIP_WITH_TRANSFORMATION(#13)
SHAPE_REPRESENTATION_RELATIONSHIP()
);
#20=(
REPRESENTATION_RELATIONSHIP($,$,#7403,#7399)
REPRESENTATION_RELATIONSHIP_WITH_TRANSFORMATION(#14)
SHAPE_REPRESENTATION_RELATIONSHIP()
);
#21=(
REPRESENTATION_RELATIONSHIP($,$,#7404,#7399)
REPRESENTATION_RELATIONSHIP_WITH_TRANSFORMATION(#15)
SHAPE_REPRESENTATION_RELATIONSHIP()
);
#22=(
REPRESENTATION_RELATIONSHIP($,$,#7405,#7399)
REPRESENTATION_RELATIONSHIP_WITH_TRANSFORMATION(#16)
SHAPE_REPRESENTATION_RELATIONSHIP()
);
#23=CONTEXT_DEPENDENT_SHAPE_REPRESENTATION(#17,#7393);
#24=CONTEXT_DEPENDENT_SHAPE_REPRESENTATION(#18,#7394);
#25=CONTEXT_DEPENDENT_SHAPE_REPRESENTATION(#19,#7395);
#26=CONTEXT_DEPENDENT_SHAPE_REPRESENTATION(#20,#7396);
#27=CONTEXT_DEPENDENT_SHAPE_REPRESENTATION(#21,#7397);
#28=CONTEXT_DEPENDENT_SHAPE_REPRESENTATION(#22,#7398);
#29=NEXT_ASSEMBLY_USAGE_OCCURRENCE('L1:1','L1:1','L1:1',#7407,#7408,
'L1:1');
#30=NEXT_ASSEMBLY_USAGE_OCCURRENCE('L2:1','L2:1','L2:1',#7407,#7409,
'L2:1');
#31=NEXT_ASSEMBLY_USAGE_OCCURRENCE('L3:1','L3:1','L3:1',#7407,#7410,
'L3:1');
#32=NEXT_ASSEMBLY_USAGE_OCCURRENCE('L4:1','L4:1','L4:1',#7407,#7411,
'L4:1');
#33=NEXT_ASSEMBLY_USAGE_OCCURRENCE('L5:1','L5:1','L5:1',#7407,#7412,
'L5:1');
#34=NEXT_ASSEMBLY_USAGE_OCCURRENCE('ring:1','ring:1','ring:1',#7407,#7413,
'ring:1');
#35=SHAPE_REPRESENTATION_RELATIONSHIP('SRR','None',#7400,#41);
#36=SHAPE_REPRESENTATION_RELATIONSHIP('SRR','None',#7401,#42);
#37=SHAPE_REPRESENTATION_RELATIONSHIP('SRR','None',#7402,#43);
#38=SHAPE_REPRESENTATION_RELATIONSHIP('SRR','None',#7403,#44);
#39=SHAPE_REPRESENTATION_RELATIONSHIP('SRR','None',#7404,#45);
#40=SHAPE_REPRESENTATION_RELATIONSHIP('SRR','None',#7405,#46);
#41=ADVANCED_BREP_SHAPE_REPRESENTATION('',(#53),#7368);
#42=ADVANCED_BREP_SHAPE_REPRESENTATION('',(#54),#7369);
#43=ADVANCED_BREP_SHAPE_REPRESENTATION('',(#55),#7370);
#44=ADVANCED_BREP_SHAPE_REPRESENTATION('',(#56),#7371);
#45=ADVANCED_BREP_SHAPE_REPRESENTATION('',(#57),#7372);
#46=ADVANCED_BREP_SHAPE_REPRESENTATION('',(#58),#7373);
#47=STYLED_ITEM('',(#7438),#53);
#48=STYLED_ITEM('',(#7438),#54);
#49=STYLED_ITEM('',(#7438),#55);
#50=STYLED_ITEM('',(#7438),#56);
#51=STYLED_ITEM('',(#7438),#57);
#52=STYLED_ITEM('',(#7438),#58);
#53=MANIFOLD_SOLID_BREP('L1',#4310);
#54=MANIFOLD_SOLID_BREP('L2',#4311);
#55=MANIFOLD_SOLID_BREP('L3',#4312);
#56=MANIFOLD_SOLID_BREP('L4',#4313);
#57=MANIFOLD_SOLID_BREP('L5',#4314);
#58=MANIFOLD_SOLID_BREP('ring',#4315);
#59=CYLINDRICAL_SURFACE('',#4396,0.2);
#60=CYLINDRICAL_SURFACE('',#4398,0.1175);
#61=CYLINDRICAL_SURFACE('',#4403,0.2);
#62=CYLINDRICAL_SURFACE('',#4405,0.1175);
#63=CYLINDRICAL_SURFACE('',#4410,0.2);
#64=CYLINDRICAL_SURFACE('',#4412,0.1175);
#65=CYLINDRICAL_SURFACE('',#4417,0.2);
#66=CYLINDRICAL_SURFACE('',#4419,0.1175);
#67=CYLINDRICAL_SURFACE('',#4424,0.2);
#68=CYLINDRICAL_SURFACE('',#4427,0.1175);
#69=CYLINDRICAL_SURFACE('',#4432,0.2);
#70=CYLINDRICAL_SURFACE('',#4435,0.1175);
#71=CYLINDRICAL_SURFACE('',#4440,0.2);
#72=CYLINDRICAL_SURFACE('',#4442,0.1175);
#73=CYLINDRICAL_SURFACE('',#4447,0.2);
#74=CYLINDRICAL_SURFACE('',#4450,0.1175);
#75=CYLINDRICAL_SURFACE('',#4463,3.3);
#76=CYLINDRICAL_SURFACE('',#4477,0.2);
#77=CYLINDRICAL_SURFACE('',#4479,0.1175);
#78=CYLINDRICAL_SURFACE('',#4484,0.2);
#79=CYLINDRICAL_SURFACE('',#4486,0.1175);
#80=CYLINDRICAL_SURFACE('',#4491,0.2);
#81=CYLINDRICAL_SURFACE('',#4493,0.1175);
#82=CYLINDRICAL_SURFACE('',#4498,0.2);
#83=CYLINDRICAL_SURFACE('',#4500,0.1175);
#84=CYLINDRICAL_SURFACE('',#4506,0.2);
#85=CYLINDRICAL_SURFACE('',#4508,0.1175);
#86=CYLINDRICAL_SURFACE('',#4513,0.2);
#87=CYLINDRICAL_SURFACE('',#4515,0.1175);
#88=CYLINDRICAL_SURFACE('',#4520,0.2);
#89=CYLINDRICAL_SURFACE('',#4522,0.1175);
#90=CYLINDRICAL_SURFACE('',#4527,0.2);
#91=CYLINDRICAL_SURFACE('',#4529,0.1175);
#92=CYLINDRICAL_SURFACE('',#4531,1.45);
#93=CYLINDRICAL_SURFACE('',#4536,1.45);
#94=CYLINDRICAL_SURFACE('',#4552,0.2);
#95=CYLINDRICAL_SURFACE('',#4555,0.1175);
#96=CYLINDRICAL_SURFACE('',#4560,0.2);
#97=CYLINDRICAL_SURFACE('',#4563,0.1175);
#98=CYLINDRICAL_SURFACE('',#4568,0.2);
#99=CYLINDRICAL_SURFACE('',#4570,0.1175);
#100=CYLINDRICAL_SURFACE('',#4575,0.2);
#101=CYLINDRICAL_SURFACE('',#4577,0.1175);
#102=CYLINDRICAL_SURFACE('',#4583,0.2);
#103=CYLINDRICAL_SURFACE('',#4585,0.1175);
#104=CYLINDRICAL_SURFACE('',#4590,0.2);
#105=CYLINDRICAL_SURFACE('',#4592,0.1175);
#106=CYLINDRICAL_SURFACE('',#4597,0.2);
#107=CYLINDRICAL_SURFACE('',#4599,0.1175);
#108=CYLINDRICAL_SURFACE('',#4604,0.2);
#109=CYLINDRICAL_SURFACE('',#4606,0.1175);
#110=CYLINDRICAL_SURFACE('',#4615,1.45);
#111=CYLINDRICAL_SURFACE('',#4631,0.2);
#112=CYLINDRICAL_SURFACE('',#4633,0.1175);
#113=CYLINDRICAL_SURFACE('',#4638,0.2);
#114=CYLINDRICAL_SURFACE('',#4640,0.1175);
#115=CYLINDRICAL_SURFACE('',#4645,0.2);
#116=CYLINDRICAL_SURFACE('',#4647,0.1175);
#117=CYLINDRICAL_SURFACE('',#4652,0.2);
#118=CYLINDRICAL_SURFACE('',#4654,0.1175);
#119=CYLINDRICAL_SURFACE('',#4660,0.2);
#120=CYLINDRICAL_SURFACE('',#4662,0.1175);
#121=CYLINDRICAL_SURFACE('',#4667,0.2);
#122=CYLINDRICAL_SURFACE('',#4669,0.1175);
#123=CYLINDRICAL_SURFACE('',#4674,0.2);
#124=CYLINDRICAL_SURFACE('',#4676,0.1175);
#125=CYLINDRICAL_SURFACE('',#4681,0.2);
#126=CYLINDRICAL_SURFACE('',#4683,0.1175);
#127=CYLINDRICAL_SURFACE('',#4687,1.45);
#128=CYLINDRICAL_SURFACE('',#4690,1.45);
#129=CYLINDRICAL_SURFACE('',#4708,0.2);
#130=CYLINDRICAL_SURFACE('',#4710,0.1175);
#131=CYLINDRICAL_SURFACE('',#4715,0.2);
#132=CYLINDRICAL_SURFACE('',#4717,0.1175);
#133=CYLINDRICAL_SURFACE('',#4722,0.2);
#134=CYLINDRICAL_SURFACE('',#4724,0.1175);
#135=CYLINDRICAL_SURFACE('',#4729,0.2);
#136=CYLINDRICAL_SURFACE('',#4731,0.1175);
#137=CYLINDRICAL_SURFACE('',#4737,0.2);
#138=CYLINDRICAL_SURFACE('',#4739,0.1175);
#139=CYLINDRICAL_SURFACE('',#4744,0.2);
#140=CYLINDRICAL_SURFACE('',#4746,0.1175);
#141=CYLINDRICAL_SURFACE('',#4751,0.2);
#142=CYLINDRICAL_SURFACE('',#4753,0.1175);
#143=CYLINDRICAL_SURFACE('',#4758,0.2);
#144=CYLINDRICAL_SURFACE('',#4760,0.1175);
#145=CYLINDRICAL_SURFACE('',#4767,1.45);
#146=CYLINDRICAL_SURFACE('',#4773,0.22);
#147=CYLINDRICAL_SURFACE('',#4778,0.12);
#148=CYLINDRICAL_SURFACE('',#4780,0.22);
#149=CYLINDRICAL_SURFACE('',#4785,0.12);
#150=CYLINDRICAL_SURFACE('',#4787,0.22);
#151=CYLINDRICAL_SURFACE('',#4792,0.12);
#152=CYLINDRICAL_SURFACE('',#4794,0.22);
#153=CYLINDRICAL_SURFACE('',#4799,0.12);
#154=CYLINDRICAL_SURFACE('',#4804,3.9);
#155=CYLINDRICAL_SURFACE('',#4806,3.9);
#156=CYLINDRICAL_SURFACE('',#4814,3.9);
#157=CYLINDRICAL_SURFACE('',#4816,3.9);
#158=CYLINDRICAL_SURFACE('',#4824,3.3);
#159=CYLINDRICAL_SURFACE('',#4853,2.8);
#160=FACE_BOUND('',#784,.T.);
#161=FACE_BOUND('',#788,.T.);
#162=FACE_BOUND('',#792,.T.);
#163=FACE_BOUND('',#796,.T.);
#164=FACE_BOUND('',#800,.T.);
#165=FACE_BOUND('',#804,.T.);
#166=FACE_BOUND('',#808,.T.);
#167=FACE_BOUND('',#812,.T.);
#168=FACE_BOUND('',#817,.T.);
#169=FACE_BOUND('',#818,.T.);
#170=FACE_BOUND('',#823,.T.);
#171=FACE_BOUND('',#824,.T.);
#172=FACE_BOUND('',#825,.T.);
#173=FACE_BOUND('',#826,.T.);
#174=FACE_BOUND('',#827,.T.);
#175=FACE_BOUND('',#828,.T.);
#176=FACE_BOUND('',#831,.T.);
#177=FACE_BOUND('',#832,.T.);
#178=FACE_BOUND('',#833,.T.);
#179=FACE_BOUND('',#837,.T.);
#180=FACE_BOUND('',#838,.T.);
#181=FACE_BOUND('',#839,.T.);
#182=FACE_BOUND('',#842,.T.);
#183=FACE_BOUND('',#843,.T.);
#184=FACE_BOUND('',#844,.T.);
#185=FACE_BOUND('',#845,.T.);
#186=FACE_BOUND('',#854,.T.);
#187=FACE_BOUND('',#858,.T.);
#188=FACE_BOUND('',#862,.T.);
#189=FACE_BOUND('',#866,.T.);
#190=FACE_BOUND('',#871,.T.);
#191=FACE_BOUND('',#875,.T.);
#192=FACE_BOUND('',#879,.T.);
#193=FACE_BOUND('',#883,.T.);
#194=FACE_BOUND('',#888,.T.);
#195=FACE_BOUND('',#889,.T.);
#196=FACE_BOUND('',#890,.T.);
#197=FACE_BOUND('',#891,.T.);
#198=FACE_BOUND('',#892,.T.);
#199=FACE_BOUND('',#893,.T.);
#200=FACE_BOUND('',#894,.T.);
#201=FACE_BOUND('',#895,.T.);
#202=FACE_BOUND('',#896,.T.);
#203=FACE_BOUND('',#897,.T.);
#204=FACE_BOUND('',#900,.T.);
#205=FACE_BOUND('',#901,.T.);
#206=FACE_BOUND('',#902,.T.);
#207=FACE_BOUND('',#903,.T.);
#208=FACE_BOUND('',#904,.T.);
#209=FACE_BOUND('',#905,.T.);
#210=FACE_BOUND('',#906,.T.);
#211=FACE_BOUND('',#907,.T.);
#212=FACE_BOUND('',#908,.T.);
#213=FACE_BOUND('',#909,.T.);
#214=FACE_BOUND('',#920,.T.);
#215=FACE_BOUND('',#925,.T.);
#216=FACE_BOUND('',#930,.T.);
#217=FACE_BOUND('',#934,.T.);
#218=FACE_BOUND('',#939,.T.);
#219=FACE_BOUND('',#943,.T.);
#220=FACE_BOUND('',#947,.T.);
#221=FACE_BOUND('',#951,.T.);
#222=FACE_BOUND('',#955,.T.);
#223=FACE_BOUND('',#956,.T.);
#224=FACE_BOUND('',#957,.T.);
#225=FACE_BOUND('',#958,.T.);
#226=FACE_BOUND('',#963,.T.);
#227=FACE_BOUND('',#964,.T.);
#228=FACE_BOUND('',#965,.T.);
#229=FACE_BOUND('',#966,.T.);
#230=FACE_BOUND('',#970,.T.);
#231=FACE_BOUND('',#971,.T.);
#232=FACE_BOUND('',#972,.T.);
#233=FACE_BOUND('',#973,.T.);
#234=FACE_BOUND('',#975,.T.);
#235=FACE_BOUND('',#976,.T.);
#236=FACE_BOUND('',#977,.T.);
#237=FACE_BOUND('',#978,.T.);
#238=FACE_BOUND('',#979,.T.);
#239=FACE_BOUND('',#980,.T.);
#240=FACE_BOUND('',#990,.T.);
#241=FACE_BOUND('',#994,.T.);
#242=FACE_BOUND('',#998,.T.);
#243=FACE_BOUND('',#1002,.T.);
#244=FACE_BOUND('',#1007,.T.);
#245=FACE_BOUND('',#1011,.T.);
#246=FACE_BOUND('',#1015,.T.);
#247=FACE_BOUND('',#1019,.T.);
#248=FACE_BOUND('',#1023,.T.);
#249=FACE_BOUND('',#1024,.T.);
#250=FACE_BOUND('',#1025,.T.);
#251=FACE_BOUND('',#1026,.T.);
#252=FACE_BOUND('',#1027,.T.);
#253=FACE_BOUND('',#1028,.T.);
#254=FACE_BOUND('',#1033,.T.);
#255=FACE_BOUND('',#1034,.T.);
#256=FACE_BOUND('',#1035,.T.);
#257=FACE_BOUND('',#1036,.T.);
#258=FACE_BOUND('',#1038,.T.);
#259=FACE_BOUND('',#1039,.T.);
#260=FACE_BOUND('',#1040,.T.);
#261=FACE_BOUND('',#1041,.T.);
#262=FACE_BOUND('',#1044,.T.);
#263=FACE_BOUND('',#1045,.T.);
#264=FACE_BOUND('',#1046,.T.);
#265=FACE_BOUND('',#1047,.T.);
#266=FACE_BOUND('',#1048,.T.);
#267=FACE_BOUND('',#1049,.T.);
#268=FACE_BOUND('',#1058,.T.);
#269=FACE_BOUND('',#1062,.T.);
#270=FACE_BOUND('',#1066,.T.);
#271=FACE_BOUND('',#1070,.T.);
#272=FACE_BOUND('',#1075,.T.);
#273=FACE_BOUND('',#1079,.T.);
#274=FACE_BOUND('',#1083,.T.);
#275=FACE_BOUND('',#1087,.T.);
#276=FACE_BOUND('',#1091,.T.);
#277=FACE_BOUND('',#1092,.T.);
#278=FACE_BOUND('',#1093,.T.);
#279=FACE_BOUND('',#1094,.T.);
#280=FACE_BOUND('',#1095,.T.);
#281=FACE_BOUND('',#1096,.T.);
#282=FACE_BOUND('',#1099,.T.);
#283=FACE_BOUND('',#1100,.T.);
#284=FACE_BOUND('',#1101,.T.);
#285=FACE_BOUND('',#1102,.T.);
#286=FACE_BOUND('',#1106,.T.);
#287=FACE_BOUND('',#1107,.T.);
#288=FACE_BOUND('',#1108,.T.);
#289=FACE_BOUND('',#1109,.T.);
#290=FACE_BOUND('',#1111,.T.);
#291=FACE_BOUND('',#1112,.T.);
#292=FACE_BOUND('',#1113,.T.);
#293=FACE_BOUND('',#1114,.T.);
#294=FACE_BOUND('',#1115,.T.);
#295=FACE_BOUND('',#1116,.T.);
#296=FACE_BOUND('',#1120,.T.);
#297=FACE_BOUND('',#1124,.T.);
#298=FACE_BOUND('',#1128,.T.);
#299=FACE_BOUND('',#1132,.T.);
#300=FACE_BOUND('',#1135,.T.);
#301=FACE_BOUND('',#1139,.T.);
#302=FACE_BOUND('',#1141,.T.);
#303=FACE_BOUND('',#1145,.T.);
#304=FACE_BOUND('',#1151,.T.);
#305=FACE_BOUND('',#1153,.T.);
#306=FACE_BOUND('',#1158,.T.);
#307=FACE_BOUND('',#1160,.T.);
#308=FACE_BOUND('',#1169,.T.);
#309=CIRCLE('',#4394,0.2);
#310=CIRCLE('',#4395,0.1175);
#311=CIRCLE('',#4397,0.2);
#312=CIRCLE('',#4399,0.1175);
#313=CIRCLE('',#4401,0.2);
#314=CIRCLE('',#4402,0.1175);
#315=CIRCLE('',#4404,0.2);
#316=CIRCLE('',#4406,0.1175);
#317=CIRCLE('',#4408,0.2);
#318=CIRCLE('',#4409,0.1175);
#319=CIRCLE('',#4411,0.2);
#320=CIRCLE('',#4413,0.1175);
#321=CIRCLE('',#4415,0.2);
#322=CIRCLE('',#4416,0.1175);
#323=CIRCLE('',#4418,0.2);
#324=CIRCLE('',#4420,0.1175);
#325=CIRCLE('',#4422,0.2);
#326=CIRCLE('',#4423,0.1175);
#327=CIRCLE('',#4425,0.2);
#328=CIRCLE('',#4426,0.2);
#329=CIRCLE('',#4428,0.1175);
#330=CIRCLE('',#4430,0.2);
#331=CIRCLE('',#4431,0.1175);
#332=CIRCLE('',#4433,0.2);
#333=CIRCLE('',#4434,0.2);
#334=CIRCLE('',#4436,0.1175);
#335=CIRCLE('',#4438,0.2);
#336=CIRCLE('',#4439,0.1175);
#337=CIRCLE('',#4441,0.2);
#338=CIRCLE('',#4443,0.1175);
#339=CIRCLE('',#4445,0.2);
#340=CIRCLE('',#4446,0.1175);
#341=CIRCLE('',#4448,0.2);
#342=CIRCLE('',#4451,0.1175);
#343=CIRCLE('',#4453,3.3);
#344=CIRCLE('',#4464,3.3);
#345=CIRCLE('',#4475,0.2);
#346=CIRCLE('',#4476,0.1175);
#347=CIRCLE('',#4478,0.2);
#348=CIRCLE('',#4480,0.1175);
#349=CIRCLE('',#4482,0.2);
#350=CIRCLE('',#4483,0.1175);
#351=CIRCLE('',#4485,0.2);
#352=CIRCLE('',#4487,0.1175);
#353=CIRCLE('',#4489,0.2);
#354=CIRCLE('',#4490,0.1175);
#355=CIRCLE('',#4492,0.2);
#356=CIRCLE('',#4494,0.1175);
#357=CIRCLE('',#4496,0.2);
#358=CIRCLE('',#4497,0.1175);
#359=CIRCLE('',#4499,0.2);
#360=CIRCLE('',#4501,0.1175);
#361=CIRCLE('',#4504,0.2);
#362=CIRCLE('',#4505,0.1175);
#363=CIRCLE('',#4507,0.2);
#364=CIRCLE('',#4509,0.1175);
#365=CIRCLE('',#4511,0.2);
#366=CIRCLE('',#4512,0.1175);
#367=CIRCLE('',#4514,0.2);
#368=CIRCLE('',#4516,0.1175);
#369=CIRCLE('',#4518,0.2);
#370=CIRCLE('',#4519,0.1175);
#371=CIRCLE('',#4521,0.2);
#372=CIRCLE('',#4523,0.1175);
#373=CIRCLE('',#4525,0.2);
#374=CIRCLE('',#4526,0.1175);
#375=CIRCLE('',#4528,0.2);
#376=CIRCLE('',#4530,0.1175);
#377=CIRCLE('',#4532,1.45);
#378=CIRCLE('',#4533,1.45);
#379=CIRCLE('',#4535,1.45);
#380=CIRCLE('',#4537,1.45);
#381=CIRCLE('',#4550,0.2);
#382=CIRCLE('',#4551,0.1175);
#383=CIRCLE('',#4553,0.2);
#384=CIRCLE('',#4556,0.1175);
#385=CIRCLE('',#4558,0.2);
#386=CIRCLE('',#4559,0.1175);
#387=CIRCLE('',#4561,0.2);
#388=CIRCLE('',#4564,0.1175);
#389=CIRCLE('',#4566,0.2);
#390=CIRCLE('',#4567,0.1175);
#391=CIRCLE('',#4569,0.2);
#392=CIRCLE('',#4571,0.1175);
#393=CIRCLE('',#4573,0.2);
#394=CIRCLE('',#4574,0.1175);
#395=CIRCLE('',#4576,0.2);
#396=CIRCLE('',#4578,0.1175);
#397=CIRCLE('',#4581,0.2);
#398=CIRCLE('',#4582,0.1175);
#399=CIRCLE('',#4584,0.2);
#400=CIRCLE('',#4586,0.1175);
#401=CIRCLE('',#4588,0.2);
#402=CIRCLE('',#4589,0.1175);
#403=CIRCLE('',#4591,0.2);
#404=CIRCLE('',#4593,0.1175);
#405=CIRCLE('',#4595,0.2);
#406=CIRCLE('',#4596,0.1175);
#407=CIRCLE('',#4598,0.2);
#408=CIRCLE('',#4600,0.1175);
#409=CIRCLE('',#4602,0.2);
#410=CIRCLE('',#4603,0.1175);
#411=CIRCLE('',#4605,0.2);
#412=CIRCLE('',#4607,0.1175);
#413=CIRCLE('',#4613,1.45);
#414=CIRCLE('',#4616,1.45);
#415=CIRCLE('',#4629,0.2);
#416=CIRCLE('',#4630,0.1175);
#417=CIRCLE('',#4632,0.2);
#418=CIRCLE('',#4634,0.1175);
#419=CIRCLE('',#4636,0.2);
#420=CIRCLE('',#4637,0.1175);
#421=CIRCLE('',#4639,0.2);
#422=CIRCLE('',#4641,0.1175);
#423=CIRCLE('',#4643,0.2);
#424=CIRCLE('',#4644,0.1175);
#425=CIRCLE('',#4646,0.2);
#426=CIRCLE('',#4648,0.1175);
#427=CIRCLE('',#4650,0.2);
#428=CIRCLE('',#4651,0.1175);
#429=CIRCLE('',#4653,0.2);
#430=CIRCLE('',#4655,0.1175);
#431=CIRCLE('',#4658,0.2);
#432=CIRCLE('',#4659,0.1175);
#433=CIRCLE('',#4661,0.2);
#434=CIRCLE('',#4663,0.1175);
#435=CIRCLE('',#4665,0.2);
#436=CIRCLE('',#4666,0.1175);
#437=CIRCLE('',#4668,0.2);
#438=CIRCLE('',#4670,0.1175);
#439=CIRCLE('',#4672,0.2);
#440=CIRCLE('',#4673,0.1175);
#441=CIRCLE('',#4675,0.2);
#442=CIRCLE('',#4677,0.1175);
#443=CIRCLE('',#4679,0.2);
#444=CIRCLE('',#4680,0.1175);
#445=CIRCLE('',#4682,0.2);
#446=CIRCLE('',#4684,0.1175);
#447=CIRCLE('',#4686,1.45);
#448=CIRCLE('',#4688,1.45);
#449=CIRCLE('',#4691,1.45);
#450=CIRCLE('',#4692,1.45);
#451=CIRCLE('',#4706,0.2);
#452=CIRCLE('',#4707,0.1175);
#453=CIRCLE('',#4709,0.2);
#454=CIRCLE('',#4711,0.1175);
#455=CIRCLE('',#4713,0.2);
#456=CIRCLE('',#4714,0.1175);
#457=CIRCLE('',#4716,0.2);
#458=CIRCLE('',#4718,0.1175);
#459=CIRCLE('',#4720,0.2);
#460=CIRCLE('',#4721,0.1175);
#461=CIRCLE('',#4723,0.2);
#462=CIRCLE('',#4725,0.1175);
#463=CIRCLE('',#4727,0.2);
#464=CIRCLE('',#4728,0.1175);
#465=CIRCLE('',#4730,0.2);
#466=CIRCLE('',#4732,0.1175);
#467=CIRCLE('',#4735,0.2);
#468=CIRCLE('',#4736,0.1175);
#469=CIRCLE('',#4738,0.2);
#470=CIRCLE('',#4740,0.1175);
#471=CIRCLE('',#4742,0.2);
#472=CIRCLE('',#4743,0.1175);
#473=CIRCLE('',#4745,0.2);
#474=CIRCLE('',#4747,0.1175);
#475=CIRCLE('',#4749,0.2);
#476=CIRCLE('',#4750,0.1175);
#477=CIRCLE('',#4752,0.2);
#478=CIRCLE('',#4754,0.1175);
#479=CIRCLE('',#4756,0.2);
#480=CIRCLE('',#4757,0.1175);
#481=CIRCLE('',#4759,0.2);
#482=CIRCLE('',#4761,0.1175);
#483=CIRCLE('',#4765,1.45);
#484=CIRCLE('',#4768,1.45);
#485=CIRCLE('',#4774,0.22);
#486=CIRCLE('',#4775,0.22);
#487=CIRCLE('',#4777,0.12);
#488=CIRCLE('',#4779,0.12);
#489=CIRCLE('',#4781,0.22);
#490=CIRCLE('',#4782,0.22);
#491=CIRCLE('',#4784,0.12);
#492=CIRCLE('',#4786,0.12);
#493=CIRCLE('',#4788,0.22);
#494=CIRCLE('',#4789,0.22);
#495=CIRCLE('',#4791,0.12);
#496=CIRCLE('',#4793,0.12);
#497=CIRCLE('',#4795,0.22);
#498=CIRCLE('',#4796,0.22);
#499=CIRCLE('',#4798,0.12);
#500=CIRCLE('',#4800,0.12);
#501=CIRCLE('',#4802,3.3);
#502=CIRCLE('',#4803,3.9);
#503=CIRCLE('',#4805,3.9);
#504=CIRCLE('',#4807,3.9);
#505=CIRCLE('',#4808,3.9);
#506=CIRCLE('',#4810,3.3);
#507=CIRCLE('',#4812,3.3);
#508=CIRCLE('',#4813,3.9);
#509=CIRCLE('',#4815,3.9);
#510=CIRCLE('',#4817,3.9);
#511=CIRCLE('',#4818,3.9);
#512=CIRCLE('',#4820,3.3);
#513=CIRCLE('',#4821,3.3);
#514=CIRCLE('',#4825,3.3);
#515=CIRCLE('',#4826,3.3);
#516=CIRCLE('',#4827,3.3);
#517=CIRCLE('',#4828,3.3);
#518=CIRCLE('',#4829,3.3);
#519=CIRCLE('',#4832,2.8);
#520=CIRCLE('',#4834,2.8);
#521=CIRCLE('',#4839,2.8);
#522=CIRCLE('',#4841,2.8);
#523=CIRCLE('',#4842,2.8);
#524=CIRCLE('',#4846,2.8);
#525=CIRCLE('',#4848,2.8);
#526=CIRCLE('',#4850,2.8);
#527=CIRCLE('',#4852,2.8);
#528=CIRCLE('',#4854,2.8);
#529=FACE_OUTER_BOUND('',#775,.T.);
#530=FACE_OUTER_BOUND('',#776,.T.);
#531=FACE_OUTER_BOUND('',#777,.T.);
#532=FACE_OUTER_BOUND('',#778,.T.);
#533=FACE_OUTER_BOUND('',#779,.T.);
#534=FACE_OUTER_BOUND('',#780,.T.);
#535=FACE_OUTER_BOUND('',#781,.T.);
#536=FACE_OUTER_BOUND('',#782,.T.);
#537=FACE_OUTER_BOUND('',#783,.T.);
#538=FACE_OUTER_BOUND('',#785,.T.);
#539=FACE_OUTER_BOUND('',#786,.T.);
#540=FACE_OUTER_BOUND('',#787,.T.);
#541=FACE_OUTER_BOUND('',#789,.T.);
#542=FACE_OUTER_BOUND('',#790,.T.);
#543=FACE_OUTER_BOUND('',#791,.T.);
#544=FACE_OUTER_BOUND('',#793,.T.);
#545=FACE_OUTER_BOUND('',#794,.T.);
#546=FACE_OUTER_BOUND('',#795,.T.);
#547=FACE_OUTER_BOUND('',#797,.T.);
#548=FACE_OUTER_BOUND('',#798,.T.);
#549=FACE_OUTER_BOUND('',#799,.T.);
#550=FACE_OUTER_BOUND('',#801,.T.);
#551=FACE_OUTER_BOUND('',#802,.T.);
#552=FACE_OUTER_BOUND('',#803,.T.);
#553=FACE_OUTER_BOUND('',#805,.T.);
#554=FACE_OUTER_BOUND('',#806,.T.);
#555=FACE_OUTER_BOUND('',#807,.T.);
#556=FACE_OUTER_BOUND('',#809,.T.);
#557=FACE_OUTER_BOUND('',#810,.T.);
#558=FACE_OUTER_BOUND('',#811,.T.);
#559=FACE_OUTER_BOUND('',#813,.T.);
#560=FACE_OUTER_BOUND('',#814,.T.);
#561=FACE_OUTER_BOUND('',#815,.T.);
#562=FACE_OUTER_BOUND('',#816,.T.);
#563=FACE_OUTER_BOUND('',#819,.T.);
#564=FACE_OUTER_BOUND('',#820,.T.);
#565=FACE_OUTER_BOUND('',#821,.T.);
#566=FACE_OUTER_BOUND('',#822,.T.);
#567=FACE_OUTER_BOUND('',#829,.T.);
#568=FACE_OUTER_BOUND('',#830,.T.);
#569=FACE_OUTER_BOUND('',#834,.T.);
#570=FACE_OUTER_BOUND('',#835,.T.);
#571=FACE_OUTER_BOUND('',#836,.T.);
#572=FACE_OUTER_BOUND('',#840,.T.);
#573=FACE_OUTER_BOUND('',#841,.T.);
#574=FACE_OUTER_BOUND('',#846,.T.);
#575=FACE_OUTER_BOUND('',#847,.T.);
#576=FACE_OUTER_BOUND('',#848,.T.);
#577=FACE_OUTER_BOUND('',#849,.T.);
#578=FACE_OUTER_BOUND('',#850,.T.);
#579=FACE_OUTER_BOUND('',#851,.T.);
#580=FACE_OUTER_BOUND('',#852,.T.);
#581=FACE_OUTER_BOUND('',#853,.T.);
#582=FACE_OUTER_BOUND('',#855,.T.);
#583=FACE_OUTER_BOUND('',#856,.T.);
#584=FACE_OUTER_BOUND('',#857,.T.);
#585=FACE_OUTER_BOUND('',#859,.T.);
#586=FACE_OUTER_BOUND('',#860,.T.);
#587=FACE_OUTER_BOUND('',#861,.T.);
#588=FACE_OUTER_BOUND('',#863,.T.);
#589=FACE_OUTER_BOUND('',#864,.T.);
#590=FACE_OUTER_BOUND('',#865,.T.);
#591=FACE_OUTER_BOUND('',#867,.T.);
#592=FACE_OUTER_BOUND('',#868,.T.);
#593=FACE_OUTER_BOUND('',#869,.T.);
#594=FACE_OUTER_BOUND('',#870,.T.);
#595=FACE_OUTER_BOUND('',#872,.T.);
#596=FACE_OUTER_BOUND('',#873,.T.);
#597=FACE_OUTER_BOUND('',#874,.T.);
#598=FACE_OUTER_BOUND('',#876,.T.);
#599=FACE_OUTER_BOUND('',#877,.T.);
#600=FACE_OUTER_BOUND('',#878,.T.);
#601=FACE_OUTER_BOUND('',#880,.T.);
#602=FACE_OUTER_BOUND('',#881,.T.);
#603=FACE_OUTER_BOUND('',#882,.T.);
#604=FACE_OUTER_BOUND('',#884,.T.);
#605=FACE_OUTER_BOUND('',#885,.T.);
#606=FACE_OUTER_BOUND('',#886,.T.);
#607=FACE_OUTER_BOUND('',#887,.T.);
#608=FACE_OUTER_BOUND('',#898,.T.);
#609=FACE_OUTER_BOUND('',#899,.T.);
#610=FACE_OUTER_BOUND('',#910,.T.);
#611=FACE_OUTER_BOUND('',#911,.T.);
#612=FACE_OUTER_BOUND('',#912,.T.);
#613=FACE_OUTER_BOUND('',#913,.T.);
#614=FACE_OUTER_BOUND('',#914,.T.);
#615=FACE_OUTER_BOUND('',#915,.T.);
#616=FACE_OUTER_BOUND('',#916,.T.);
#617=FACE_OUTER_BOUND('',#917,.T.);
#618=FACE_OUTER_BOUND('',#918,.T.);
#619=FACE_OUTER_BOUND('',#919,.T.);
#620=FACE_OUTER_BOUND('',#921,.T.);
#621=FACE_OUTER_BOUND('',#922,.T.);
#622=FACE_OUTER_BOUND('',#923,.T.);
#623=FACE_OUTER_BOUND('',#924,.T.);
#624=FACE_OUTER_BOUND('',#926,.T.);
#625=FACE_OUTER_BOUND('',#927,.T.);
#626=FACE_OUTER_BOUND('',#928,.T.);
#627=FACE_OUTER_BOUND('',#929,.T.);
#628=FACE_OUTER_BOUND('',#931,.T.);
#629=FACE_OUTER_BOUND('',#932,.T.);
#630=FACE_OUTER_BOUND('',#933,.T.);
#631=FACE_OUTER_BOUND('',#935,.T.);
#632=FACE_OUTER_BOUND('',#936,.T.);
#633=FACE_OUTER_BOUND('',#937,.T.);
#634=FACE_OUTER_BOUND('',#938,.T.);
#635=FACE_OUTER_BOUND('',#940,.T.);
#636=FACE_OUTER_BOUND('',#941,.T.);
#637=FACE_OUTER_BOUND('',#942,.T.);
#638=FACE_OUTER_BOUND('',#944,.T.);
#639=FACE_OUTER_BOUND('',#945,.T.);
#640=FACE_OUTER_BOUND('',#946,.T.);
#641=FACE_OUTER_BOUND('',#948,.T.);
#642=FACE_OUTER_BOUND('',#949,.T.);
#643=FACE_OUTER_BOUND('',#950,.T.);
#644=FACE_OUTER_BOUND('',#952,.T.);
#645=FACE_OUTER_BOUND('',#953,.T.);
#646=FACE_OUTER_BOUND('',#954,.T.);
#647=FACE_OUTER_BOUND('',#959,.T.);
#648=FACE_OUTER_BOUND('',#960,.T.);
#649=FACE_OUTER_BOUND('',#961,.T.);
#650=FACE_OUTER_BOUND('',#962,.T.);
#651=FACE_OUTER_BOUND('',#967,.T.);
#652=FACE_OUTER_BOUND('',#968,.T.);
#653=FACE_OUTER_BOUND('',#969,.T.);
#654=FACE_OUTER_BOUND('',#974,.T.);
#655=FACE_OUTER_BOUND('',#981,.T.);
#656=FACE_OUTER_BOUND('',#982,.T.);
#657=FACE_OUTER_BOUND('',#983,.T.);
#658=FACE_OUTER_BOUND('',#984,.T.);
#659=FACE_OUTER_BOUND('',#985,.T.);
#660=FACE_OUTER_BOUND('',#986,.T.);
#661=FACE_OUTER_BOUND('',#987,.T.);
#662=FACE_OUTER_BOUND('',#988,.T.);
#663=FACE_OUTER_BOUND('',#989,.T.);
#664=FACE_OUTER_BOUND('',#991,.T.);
#665=FACE_OUTER_BOUND('',#992,.T.);
#666=FACE_OUTER_BOUND('',#993,.T.);
#667=FACE_OUTER_BOUND('',#995,.T.);
#668=FACE_OUTER_BOUND('',#996,.T.);
#669=FACE_OUTER_BOUND('',#997,.T.);
#670=FACE_OUTER_BOUND('',#999,.T.);
#671=FACE_OUTER_BOUND('',#1000,.T.);
#672=FACE_OUTER_BOUND('',#1001,.T.);
#673=FACE_OUTER_BOUND('',#1003,.T.);
#674=FACE_OUTER_BOUND('',#1004,.T.);
#675=FACE_OUTER_BOUND('',#1005,.T.);
#676=FACE_OUTER_BOUND('',#1006,.T.);
#677=FACE_OUTER_BOUND('',#1008,.T.);
#678=FACE_OUTER_BOUND('',#1009,.T.);
#679=FACE_OUTER_BOUND('',#1010,.T.);
#680=FACE_OUTER_BOUND('',#1012,.T.);
#681=FACE_OUTER_BOUND('',#1013,.T.);
#682=FACE_OUTER_BOUND('',#1014,.T.);
#683=FACE_OUTER_BOUND('',#1016,.T.);
#684=FACE_OUTER_BOUND('',#1017,.T.);
#685=FACE_OUTER_BOUND('',#1018,.T.);
#686=FACE_OUTER_BOUND('',#1020,.T.);
#687=FACE_OUTER_BOUND('',#1021,.T.);
#688=FACE_OUTER_BOUND('',#1022,.T.);
#689=FACE_OUTER_BOUND('',#1029,.T.);
#690=FACE_OUTER_BOUND('',#1030,.T.);
#691=FACE_OUTER_BOUND('',#1031,.T.);
#692=FACE_OUTER_BOUND('',#1032,.T.);
#693=FACE_OUTER_BOUND('',#1037,.T.);
#694=FACE_OUTER_BOUND('',#1042,.T.);
#695=FACE_OUTER_BOUND('',#1043,.T.);
#696=FACE_OUTER_BOUND('',#1050,.T.);
#697=FACE_OUTER_BOUND('',#1051,.T.);
#698=FACE_OUTER_BOUND('',#1052,.T.);
#699=FACE_OUTER_BOUND('',#1053,.T.);
#700=FACE_OUTER_BOUND('',#1054,.T.);
#701=FACE_OUTER_BOUND('',#1055,.T.);
#702=FACE_OUTER_BOUND('',#1056,.T.);
#703=FACE_OUTER_BOUND('',#1057,.T.);
#704=FACE_OUTER_BOUND('',#1059,.T.);
#705=FACE_OUTER_BOUND('',#1060,.T.);
#706=FACE_OUTER_BOUND('',#1061,.T.);
#707=FACE_OUTER_BOUND('',#1063,.T.);
#708=FACE_OUTER_BOUND('',#1064,.T.);
#709=FACE_OUTER_BOUND('',#1065,.T.);
#710=FACE_OUTER_BOUND('',#1067,.T.);
#711=FACE_OUTER_BOUND('',#1068,.T.);
#712=FACE_OUTER_BOUND('',#1069,.T.);
#713=FACE_OUTER_BOUND('',#1071,.T.);
#714=FACE_OUTER_BOUND('',#1072,.T.);
#715=FACE_OUTER_BOUND('',#1073,.T.);
#716=FACE_OUTER_BOUND('',#1074,.T.);
#717=FACE_OUTER_BOUND('',#1076,.T.);
#718=FACE_OUTER_BOUND('',#1077,.T.);
#719=FACE_OUTER_BOUND('',#1078,.T.);
#720=FACE_OUTER_BOUND('',#1080,.T.);
#721=FACE_OUTER_BOUND('',#1081,.T.);
#722=FACE_OUTER_BOUND('',#1082,.T.);
#723=FACE_OUTER_BOUND('',#1084,.T.);
#724=FACE_OUTER_BOUND('',#1085,.T.);
#725=FACE_OUTER_BOUND('',#1086,.T.);
#726=FACE_OUTER_BOUND('',#1088,.T.);
#727=FACE_OUTER_BOUND('',#1089,.T.);
#728=FACE_OUTER_BOUND('',#1090,.T.);
#729=FACE_OUTER_BOUND('',#1097,.T.);
#730=FACE_OUTER_BOUND('',#1098,.T.);
#731=FACE_OUTER_BOUND('',#1103,.T.);
#732=FACE_OUTER_BOUND('',#1104,.T.);
#733=FACE_OUTER_BOUND('',#1105,.T.);
#734=FACE_OUTER_BOUND('',#1110,.T.);
#735=FACE_OUTER_BOUND('',#1117,.T.);
#736=FACE_OUTER_BOUND('',#1118,.T.);
#737=FACE_OUTER_BOUND('',#1119,.T.);
#738=FACE_OUTER_BOUND('',#1121,.T.);
#739=FACE_OUTER_BOUND('',#1122,.T.);
#740=FACE_OUTER_BOUND('',#1123,.T.);
#741=FACE_OUTER_BOUND('',#1125,.T.);
#742=FACE_OUTER_BOUND('',#1126,.T.);
#743=FACE_OUTER_BOUND('',#1127,.T.);
#744=FACE_OUTER_BOUND('',#1129,.T.);
#745=FACE_OUTER_BOUND('',#1130,.T.);
#746=FACE_OUTER_BOUND('',#1131,.T.);
#747=FACE_OUTER_BOUND('',#1133,.T.);
#748=FACE_OUTER_BOUND('',#1134,.T.);
#749=FACE_OUTER_BOUND('',#1136,.T.);
#750=FACE_OUTER_BOUND('',#1137,.T.);
#751=FACE_OUTER_BOUND('',#1138,.T.);
#752=FACE_OUTER_BOUND('',#1140,.T.);
#753=FACE_OUTER_BOUND('',#1142,.T.);
#754=FACE_OUTER_BOUND('',#1143,.T.);
#755=FACE_OUTER_BOUND('',#1144,.T.);
#756=FACE_OUTER_BOUND('',#1146,.T.);
#757=FACE_OUTER_BOUND('',#1147,.T.);
#758=FACE_OUTER_BOUND('',#1148,.T.);
#759=FACE_OUTER_BOUND('',#1149,.T.);
#760=FACE_OUTER_BOUND('',#1150,.T.);
#761=FACE_OUTER_BOUND('',#1152,.T.);
#762=FACE_OUTER_BOUND('',#1154,.T.);
#763=FACE_OUTER_BOUND('',#1155,.T.);
#764=FACE_OUTER_BOUND('',#1156,.T.);
#765=FACE_OUTER_BOUND('',#1157,.T.);
#766=FACE_OUTER_BOUND('',#1159,.T.);
#767=FACE_OUTER_BOUND('',#1161,.T.);
#768=FACE_OUTER_BOUND('',#1162,.T.);
#769=FACE_OUTER_BOUND('',#1163,.T.);
#770=FACE_OUTER_BOUND('',#1164,.T.);
#771=FACE_OUTER_BOUND('',#1165,.T.);
#772=FACE_OUTER_BOUND('',#1166,.T.);
#773=FACE_OUTER_BOUND('',#1167,.T.);
#774=FACE_OUTER_BOUND('',#1168,.T.);
#775=EDGE_LOOP('',(#2793,#2794,#2795,#2796));
#776=EDGE_LOOP('',(#2797,#2798,#2799,#2800));
#777=EDGE_LOOP('',(#2801,#2802,#2803,#2804));
#778=EDGE_LOOP('',(#2805,#2806,#2807,#2808));
#779=EDGE_LOOP('',(#2809,#2810,#2811,#2812));
#780=EDGE_LOOP('',(#2813,#2814,#2815,#2816));
#781=EDGE_LOOP('',(#2817,#2818,#2819,#2820));
#782=EDGE_LOOP('',(#2821,#2822,#2823,#2824));
#783=EDGE_LOOP('',(#2825));
#784=EDGE_LOOP('',(#2826));
#785=EDGE_LOOP('',(#2827,#2828,#2829,#2830));
#786=EDGE_LOOP('',(#2831,#2832,#2833,#2834));
#787=EDGE_LOOP('',(#2835));
#788=EDGE_LOOP('',(#2836));
#789=EDGE_LOOP('',(#2837,#2838,#2839,#2840));
#790=EDGE_LOOP('',(#2841,#2842,#2843,#2844));
#791=EDGE_LOOP('',(#2845));
#792=EDGE_LOOP('',(#2846));
#793=EDGE_LOOP('',(#2847,#2848,#2849,#2850));
#794=EDGE_LOOP('',(#2851,#2852,#2853,#2854));
#795=EDGE_LOOP('',(#2855));
#796=EDGE_LOOP('',(#2856));
#797=EDGE_LOOP('',(#2857,#2858,#2859,#2860));
#798=EDGE_LOOP('',(#2861,#2862,#2863,#2864));
#799=EDGE_LOOP('',(#2865));
#800=EDGE_LOOP('',(#2866));
#801=EDGE_LOOP('',(#2867,#2868,#2869,#2870,#2871));
#802=EDGE_LOOP('',(#2872,#2873,#2874,#2875));
#803=EDGE_LOOP('',(#2876));
#804=EDGE_LOOP('',(#2877));
#805=EDGE_LOOP('',(#2878,#2879,#2880,#2881,#2882));
#806=EDGE_LOOP('',(#2883,#2884,#2885,#2886));
#807=EDGE_LOOP('',(#2887));
#808=EDGE_LOOP('',(#2888));
#809=EDGE_LOOP('',(#2889,#2890,#2891,#2892));
#810=EDGE_LOOP('',(#2893,#2894,#2895,#2896));
#811=EDGE_LOOP('',(#2897));
#812=EDGE_LOOP('',(#2898));
#813=EDGE_LOOP('',(#2899,#2900,#2901,#2902));
#814=EDGE_LOOP('',(#2903));
#815=EDGE_LOOP('',(#2904,#2905,#2906,#2907));
#816=EDGE_LOOP('',(#2908));
#817=EDGE_LOOP('',(#2909,#2910,#2911,#2912,#2913,#2914,#2915,#2916,#2917,
#2918,#2919,#2920));
#818=EDGE_LOOP('',(#2921));
#819=EDGE_LOOP('',(#2922,#2923,#2924,#2925));
#820=EDGE_LOOP('',(#2926,#2927,#2928,#2929));
#821=EDGE_LOOP('',(#2930,#2931,#2932,#2933));
#822=EDGE_LOOP('',(#2934,#2935,#2936,#2937));
#823=EDGE_LOOP('',(#2938,#2939,#2940,#2941));
#824=EDGE_LOOP('',(#2942));
#825=EDGE_LOOP('',(#2943));
#826=EDGE_LOOP('',(#2944));
#827=EDGE_LOOP('',(#2945));
#828=EDGE_LOOP('',(#2946,#2947,#2948,#2949));
#829=EDGE_LOOP('',(#2950,#2951,#2952,#2953,#2954,#2955,#2956,#2957));
#830=EDGE_LOOP('',(#2958,#2959,#2960,#2961));
#831=EDGE_LOOP('',(#2962,#2963,#2964,#2965));
#832=EDGE_LOOP('',(#2966));
#833=EDGE_LOOP('',(#2967));
#834=EDGE_LOOP('',(#2968,#2969,#2970,#2971));
#835=EDGE_LOOP('',(#2972,#2973,#2974,#2975));
#836=EDGE_LOOP('',(#2976,#2977,#2978,#2979));
#837=EDGE_LOOP('',(#2980,#2981,#2982,#2983));
#838=EDGE_LOOP('',(#2984));
#839=EDGE_LOOP('',(#2985));
#840=EDGE_LOOP('',(#2986,#2987,#2988,#2989));
#841=EDGE_LOOP('',(#2990));
#842=EDGE_LOOP('',(#2991));
#843=EDGE_LOOP('',(#2992));
#844=EDGE_LOOP('',(#2993));
#845=EDGE_LOOP('',(#2994));
#846=EDGE_LOOP('',(#2995,#2996,#2997,#2998));
#847=EDGE_LOOP('',(#2999,#3000,#3001,#3002));
#848=EDGE_LOOP('',(#3003,#3004,#3005,#3006));
#849=EDGE_LOOP('',(#3007,#3008,#3009,#3010));
#850=EDGE_LOOP('',(#3011,#3012,#3013,#3014));
#851=EDGE_LOOP('',(#3015,#3016,#3017,#3018));
#852=EDGE_LOOP('',(#3019,#3020,#3021,#3022));
#853=EDGE_LOOP('',(#3023));
#854=EDGE_LOOP('',(#3024));
#855=EDGE_LOOP('',(#3025,#3026,#3027,#3028));
#856=EDGE_LOOP('',(#3029,#3030,#3031,#3032));
#857=EDGE_LOOP('',(#3033));
#858=EDGE_LOOP('',(#3034));
#859=EDGE_LOOP('',(#3035,#3036,#3037,#3038));
#860=EDGE_LOOP('',(#3039,#3040,#3041,#3042));
#861=EDGE_LOOP('',(#3043));
#862=EDGE_LOOP('',(#3044));
#863=EDGE_LOOP('',(#3045,#3046,#3047,#3048));
#864=EDGE_LOOP('',(#3049,#3050,#3051,#3052));
#865=EDGE_LOOP('',(#3053));
#866=EDGE_LOOP('',(#3054));
#867=EDGE_LOOP('',(#3055,#3056,#3057,#3058));
#868=EDGE_LOOP('',(#3059,#3060,#3061,#3062));
#869=EDGE_LOOP('',(#3063,#3064,#3065,#3066));
#870=EDGE_LOOP('',(#3067));
#871=EDGE_LOOP('',(#3068));
#872=EDGE_LOOP('',(#3069,#3070,#3071,#3072));
#873=EDGE_LOOP('',(#3073,#3074,#3075,#3076));
#874=EDGE_LOOP('',(#3077));
#875=EDGE_LOOP('',(#3078));
#876=EDGE_LOOP('',(#3079,#3080,#3081,#3082));
#877=EDGE_LOOP('',(#3083,#3084,#3085,#3086));
#878=EDGE_LOOP('',(#3087));
#879=EDGE_LOOP('',(#3088));
#880=EDGE_LOOP('',(#3089,#3090,#3091,#3092));
#881=EDGE_LOOP('',(#3093,#3094,#3095,#3096));
#882=EDGE_LOOP('',(#3097));
#883=EDGE_LOOP('',(#3098));
#884=EDGE_LOOP('',(#3099,#3100,#3101,#3102));
#885=EDGE_LOOP('',(#3103,#3104,#3105,#3106));
#886=EDGE_LOOP('',(#3107,#3108,#3109,#3110));
#887=EDGE_LOOP('',(#3111,#3112,#3113,#3114));
#888=EDGE_LOOP('',(#3115));
#889=EDGE_LOOP('',(#3116));
#890=EDGE_LOOP('',(#3117));
#891=EDGE_LOOP('',(#3118));
#892=EDGE_LOOP('',(#3119));
#893=EDGE_LOOP('',(#3120));
#894=EDGE_LOOP('',(#3121));
#895=EDGE_LOOP('',(#3122));
#896=EDGE_LOOP('',(#3123,#3124,#3125,#3126));
#897=EDGE_LOOP('',(#3127,#3128,#3129,#3130));
#898=EDGE_LOOP('',(#3131,#3132,#3133,#3134));
#899=EDGE_LOOP('',(#3135,#3136,#3137,#3138));
#900=EDGE_LOOP('',(#3139,#3140,#3141,#3142));
#901=EDGE_LOOP('',(#3143));
#902=EDGE_LOOP('',(#3144));
#903=EDGE_LOOP('',(#3145));
#904=EDGE_LOOP('',(#3146));
#905=EDGE_LOOP('',(#3147));
#906=EDGE_LOOP('',(#3148));
#907=EDGE_LOOP('',(#3149));
#908=EDGE_LOOP('',(#3150));
#909=EDGE_LOOP('',(#3151,#3152,#3153,#3154));
#910=EDGE_LOOP('',(#3155,#3156,#3157,#3158));
#911=EDGE_LOOP('',(#3159,#3160,#3161,#3162));
#912=EDGE_LOOP('',(#3163,#3164,#3165,#3166));
#913=EDGE_LOOP('',(#3167,#3168,#3169,#3170));
#914=EDGE_LOOP('',(#3171,#3172,#3173,#3174));
#915=EDGE_LOOP('',(#3175,#3176,#3177,#3178));
#916=EDGE_LOOP('',(#3179,#3180,#3181,#3182));
#917=EDGE_LOOP('',(#3183,#3184,#3185,#3186));
#918=EDGE_LOOP('',(#3187,#3188,#3189,#3190));
#919=EDGE_LOOP('',(#3191));
#920=EDGE_LOOP('',(#3192));
#921=EDGE_LOOP('',(#3193,#3194,#3195,#3196));
#922=EDGE_LOOP('',(#3197));
#923=EDGE_LOOP('',(#3198,#3199,#3200,#3201));
#924=EDGE_LOOP('',(#3202));
#925=EDGE_LOOP('',(#3203));
#926=EDGE_LOOP('',(#3204,#3205,#3206,#3207));
#927=EDGE_LOOP('',(#3208));
#928=EDGE_LOOP('',(#3209,#3210,#3211,#3212));
#929=EDGE_LOOP('',(#3213));
#930=EDGE_LOOP('',(#3214));
#931=EDGE_LOOP('',(#3215,#3216,#3217,#3218));
#932=EDGE_LOOP('',(#3219,#3220,#3221,#3222));
#933=EDGE_LOOP('',(#3223));
#934=EDGE_LOOP('',(#3224));
#935=EDGE_LOOP('',(#3225,#3226,#3227,#3228));
#936=EDGE_LOOP('',(#3229,#3230,#3231,#3232));
#937=EDGE_LOOP('',(#3233,#3234,#3235,#3236));
#938=EDGE_LOOP('',(#3237));
#939=EDGE_LOOP('',(#3238));
#940=EDGE_LOOP('',(#3239,#3240,#3241,#3242));
#941=EDGE_LOOP('',(#3243,#3244,#3245,#3246));
#942=EDGE_LOOP('',(#3247));
#943=EDGE_LOOP('',(#3248));
#944=EDGE_LOOP('',(#3249,#3250,#3251,#3252));
#945=EDGE_LOOP('',(#3253,#3254,#3255,#3256));
#946=EDGE_LOOP('',(#3257));
#947=EDGE_LOOP('',(#3258));
#948=EDGE_LOOP('',(#3259,#3260,#3261,#3262));
#949=EDGE_LOOP('',(#3263,#3264,#3265,#3266));
#950=EDGE_LOOP('',(#3267));
#951=EDGE_LOOP('',(#3268));
#952=EDGE_LOOP('',(#3269,#3270,#3271,#3272));
#953=EDGE_LOOP('',(#3273,#3274,#3275,#3276));
#954=EDGE_LOOP('',(#3277,#3278,#3279,#3280));
#955=EDGE_LOOP('',(#3281,#3282,#3283,#3284));
#956=EDGE_LOOP('',(#3285,#3286,#3287,#3288));
#957=EDGE_LOOP('',(#3289));
#958=EDGE_LOOP('',(#3290));
#959=EDGE_LOOP('',(#3291,#3292,#3293,#3294));
#960=EDGE_LOOP('',(#3295,#3296,#3297,#3298));
#961=EDGE_LOOP('',(#3299,#3300,#3301,#3302));
#962=EDGE_LOOP('',(#3303,#3304,#3305,#3306));
#963=EDGE_LOOP('',(#3307));
#964=EDGE_LOOP('',(#3308));
#965=EDGE_LOOP('',(#3309));
#966=EDGE_LOOP('',(#3310));
#967=EDGE_LOOP('',(#3311,#3312,#3313,#3314,#3315,#3316,#3317,#3318));
#968=EDGE_LOOP('',(#3319,#3320,#3321,#3322));
#969=EDGE_LOOP('',(#3323,#3324,#3325,#3326));
#970=EDGE_LOOP('',(#3327));
#971=EDGE_LOOP('',(#3328));
#972=EDGE_LOOP('',(#3329));
#973=EDGE_LOOP('',(#3330));
#974=EDGE_LOOP('',(#3331,#3332,#3333,#3334));
#975=EDGE_LOOP('',(#3335,#3336,#3337,#3338));
#976=EDGE_LOOP('',(#3339));
#977=EDGE_LOOP('',(#3340));
#978=EDGE_LOOP('',(#3341));
#979=EDGE_LOOP('',(#3342));
#980=EDGE_LOOP('',(#3343,#3344,#3345,#3346));
#981=EDGE_LOOP('',(#3347,#3348,#3349,#3350,#3351,#3352,#3353,#3354));
#982=EDGE_LOOP('',(#3355,#3356,#3357,#3358));
#983=EDGE_LOOP('',(#3359,#3360,#3361,#3362));
#984=EDGE_LOOP('',(#3363,#3364,#3365,#3366));
#985=EDGE_LOOP('',(#3367,#3368,#3369,#3370));
#986=EDGE_LOOP('',(#3371,#3372,#3373,#3374));
#987=EDGE_LOOP('',(#3375,#3376,#3377,#3378));
#988=EDGE_LOOP('',(#3379,#3380,#3381,#3382));
#989=EDGE_LOOP('',(#3383));
#990=EDGE_LOOP('',(#3384));
#991=EDGE_LOOP('',(#3385,#3386,#3387,#3388));
#992=EDGE_LOOP('',(#3389,#3390,#3391,#3392));
#993=EDGE_LOOP('',(#3393));
#994=EDGE_LOOP('',(#3394));
#995=EDGE_LOOP('',(#3395,#3396,#3397,#3398));
#996=EDGE_LOOP('',(#3399,#3400,#3401,#3402));
#997=EDGE_LOOP('',(#3403));
#998=EDGE_LOOP('',(#3404));
#999=EDGE_LOOP('',(#3405,#3406,#3407,#3408));
#1000=EDGE_LOOP('',(#3409,#3410,#3411,#3412));
#1001=EDGE_LOOP('',(#3413));
#1002=EDGE_LOOP('',(#3414));
#1003=EDGE_LOOP('',(#3415,#3416,#3417,#3418));
#1004=EDGE_LOOP('',(#3419,#3420,#3421,#3422));
#1005=EDGE_LOOP('',(#3423,#3424,#3425,#3426));
#1006=EDGE_LOOP('',(#3427));
#1007=EDGE_LOOP('',(#3428));
#1008=EDGE_LOOP('',(#3429,#3430,#3431,#3432));
#1009=EDGE_LOOP('',(#3433,#3434,#3435,#3436));
#1010=EDGE_LOOP('',(#3437));
#1011=EDGE_LOOP('',(#3438));
#1012=EDGE_LOOP('',(#3439,#3440,#3441,#3442));
#1013=EDGE_LOOP('',(#3443,#3444,#3445,#3446));
#1014=EDGE_LOOP('',(#3447));
#1015=EDGE_LOOP('',(#3448));
#1016=EDGE_LOOP('',(#3449,#3450,#3451,#3452));
#1017=EDGE_LOOP('',(#3453,#3454,#3455,#3456));
#1018=EDGE_LOOP('',(#3457));
#1019=EDGE_LOOP('',(#3458));
#1020=EDGE_LOOP('',(#3459,#3460,#3461,#3462));
#1021=EDGE_LOOP('',(#3463,#3464,#3465,#3466));
#1022=EDGE_LOOP('',(#3467,#3468,#3469,#3470));
#1023=EDGE_LOOP('',(#3471,#3472,#3473,#3474));
#1024=EDGE_LOOP('',(#3475));
#1025=EDGE_LOOP('',(#3476));
#1026=EDGE_LOOP('',(#3477));
#1027=EDGE_LOOP('',(#3478));
#1028=EDGE_LOOP('',(#3479,#3480,#3481,#3482));
#1029=EDGE_LOOP('',(#3483,#3484,#3485,#3486));
#1030=EDGE_LOOP('',(#3487,#3488,#3489,#3490,#3491,#3492));
#1031=EDGE_LOOP('',(#3493,#3494,#3495,#3496));
#1032=EDGE_LOOP('',(#3497,#3498,#3499,#3500));
#1033=EDGE_LOOP('',(#3501));
#1034=EDGE_LOOP('',(#3502));
#1035=EDGE_LOOP('',(#3503));
#1036=EDGE_LOOP('',(#3504));
#1037=EDGE_LOOP('',(#3505,#3506,#3507,#3508));
#1038=EDGE_LOOP('',(#3509));
#1039=EDGE_LOOP('',(#3510));
#1040=EDGE_LOOP('',(#3511));
#1041=EDGE_LOOP('',(#3512));
#1042=EDGE_LOOP('',(#3513,#3514,#3515,#3516,#3517,#3518));
#1043=EDGE_LOOP('',(#3519,#3520,#3521,#3522));
#1044=EDGE_LOOP('',(#3523));
#1045=EDGE_LOOP('',(#3524));
#1046=EDGE_LOOP('',(#3525));
#1047=EDGE_LOOP('',(#3526));
#1048=EDGE_LOOP('',(#3527,#3528,#3529,#3530));
#1049=EDGE_LOOP('',(#3531,#3532,#3533,#3534));
#1050=EDGE_LOOP('',(#3535,#3536,#3537,#3538));
#1051=EDGE_LOOP('',(#3539,#3540,#3541,#3542));
#1052=EDGE_LOOP('',(#3543,#3544,#3545,#3546));
#1053=EDGE_LOOP('',(#3547,#3548,#3549,#3550));
#1054=EDGE_LOOP('',(#3551,#3552,#3553,#3554));
#1055=EDGE_LOOP('',(#3555,#3556,#3557,#3558));
#1056=EDGE_LOOP('',(#3559,#3560,#3561,#3562));
#1057=EDGE_LOOP('',(#3563));
#1058=EDGE_LOOP('',(#3564));
#1059=EDGE_LOOP('',(#3565,#3566,#3567,#3568));
#1060=EDGE_LOOP('',(#3569,#3570,#3571,#3572));
#1061=EDGE_LOOP('',(#3573));
#1062=EDGE_LOOP('',(#3574));
#1063=EDGE_LOOP('',(#3575,#3576,#3577,#3578));
#1064=EDGE_LOOP('',(#3579,#3580,#3581,#3582));
#1065=EDGE_LOOP('',(#3583));
#1066=EDGE_LOOP('',(#3584));
#1067=EDGE_LOOP('',(#3585,#3586,#3587,#3588));
#1068=EDGE_LOOP('',(#3589,#3590,#3591,#3592));
#1069=EDGE_LOOP('',(#3593));
#1070=EDGE_LOOP('',(#3594));
#1071=EDGE_LOOP('',(#3595,#3596,#3597,#3598));
#1072=EDGE_LOOP('',(#3599,#3600,#3601,#3602));
#1073=EDGE_LOOP('',(#3603,#3604,#3605,#3606));
#1074=EDGE_LOOP('',(#3607));
#1075=EDGE_LOOP('',(#3608));
#1076=EDGE_LOOP('',(#3609,#3610,#3611,#3612));
#1077=EDGE_LOOP('',(#3613,#3614,#3615,#3616));
#1078=EDGE_LOOP('',(#3617));
#1079=EDGE_LOOP('',(#3618));
#1080=EDGE_LOOP('',(#3619,#3620,#3621,#3622));
#1081=EDGE_LOOP('',(#3623,#3624,#3625,#3626));
#1082=EDGE_LOOP('',(#3627));
#1083=EDGE_LOOP('',(#3628));
#1084=EDGE_LOOP('',(#3629,#3630,#3631,#3632));
#1085=EDGE_LOOP('',(#3633,#3634,#3635,#3636));
#1086=EDGE_LOOP('',(#3637));
#1087=EDGE_LOOP('',(#3638));
#1088=EDGE_LOOP('',(#3639,#3640,#3641,#3642));
#1089=EDGE_LOOP('',(#3643,#3644,#3645,#3646));
#1090=EDGE_LOOP('',(#3647,#3648,#3649,#3650));
#1091=EDGE_LOOP('',(#3651));
#1092=EDGE_LOOP('',(#3652));
#1093=EDGE_LOOP('',(#3653));
#1094=EDGE_LOOP('',(#3654));
#1095=EDGE_LOOP('',(#3655,#3656,#3657,#3658));
#1096=EDGE_LOOP('',(#3659,#3660,#3661,#3662));
#1097=EDGE_LOOP('',(#3663,#3664,#3665,#3666));
#1098=EDGE_LOOP('',(#3667,#3668,#3669,#3670));
#1099=EDGE_LOOP('',(#3671));
#1100=EDGE_LOOP('',(#3672));
#1101=EDGE_LOOP('',(#3673));
#1102=EDGE_LOOP('',(#3674));
#1103=EDGE_LOOP('',(#3675,#3676,#3677,#3678,#3679,#3680));
#1104=EDGE_LOOP('',(#3681,#3682,#3683,#3684));
#1105=EDGE_LOOP('',(#3685,#3686,#3687,#3688));
#1106=EDGE_LOOP('',(#3689));
#1107=EDGE_LOOP('',(#3690));
#1108=EDGE_LOOP('',(#3691));
#1109=EDGE_LOOP('',(#3692));
#1110=EDGE_LOOP('',(#3693,#3694,#3695,#3696));
#1111=EDGE_LOOP('',(#3697,#3698,#3699,#3700));
#1112=EDGE_LOOP('',(#3701));
#1113=EDGE_LOOP('',(#3702));
#1114=EDGE_LOOP('',(#3703));
#1115=EDGE_LOOP('',(#3704));
#1116=EDGE_LOOP('',(#3705,#3706,#3707,#3708));
#1117=EDGE_LOOP('',(#3709,#3710,#3711,#3712,#3713,#3714));
#1118=EDGE_LOOP('',(#3715,#3716,#3717,#3718));
#1119=EDGE_LOOP('',(#3719));
#1120=EDGE_LOOP('',(#3720));
#1121=EDGE_LOOP('',(#3721,#3722,#3723,#3724));
#1122=EDGE_LOOP('',(#3725,#3726,#3727,#3728));
#1123=EDGE_LOOP('',(#3729));
#1124=EDGE_LOOP('',(#3730));
#1125=EDGE_LOOP('',(#3731,#3732,#3733,#3734));
#1126=EDGE_LOOP('',(#3735,#3736,#3737,#3738));
#1127=EDGE_LOOP('',(#3739));
#1128=EDGE_LOOP('',(#3740));
#1129=EDGE_LOOP('',(#3741,#3742,#3743,#3744));
#1130=EDGE_LOOP('',(#3745,#3746,#3747,#3748));
#1131=EDGE_LOOP('',(#3749));
#1132=EDGE_LOOP('',(#3750));
#1133=EDGE_LOOP('',(#3751,#3752,#3753,#3754));
#1134=EDGE_LOOP('',(#3755,#3756,#3757,#3758));
#1135=EDGE_LOOP('',(#3759));
#1136=EDGE_LOOP('',(#3760,#3761,#3762,#3763));
#1137=EDGE_LOOP('',(#3764,#3765,#3766,#3767));
#1138=EDGE_LOOP('',(#3768,#3769,#3770,#3771));
#1139=EDGE_LOOP('',(#3772));
#1140=EDGE_LOOP('',(#3773,#3774,#3775,#3776));
#1141=EDGE_LOOP('',(#3777));
#1142=EDGE_LOOP('',(#3778,#3779,#3780,#3781));
#1143=EDGE_LOOP('',(#3782,#3783,#3784,#3785));
#1144=EDGE_LOOP('',(#3786,#3787,#3788,#3789,#3790));
#1145=EDGE_LOOP('',(#3791));
#1146=EDGE_LOOP('',(#3792,#3793,#3794,#3795,#3796,#3797));
#1147=EDGE_LOOP('',(#3798,#3799,#3800,#3801,#3802,#3803));
#1148=EDGE_LOOP('',(#3804,#3805,#3806,#3807,#3808,#3809,#3810,#3811,#3812,
#3813,#3814,#3815,#3816,#3817,#3818,#3819,#3820,#3821,#3822,#3823));
#1149=EDGE_LOOP('',(#3824,#3825,#3826,#3827,#3828,#3829));
#1150=EDGE_LOOP('',(#3830,#3831,#3832,#3833));
#1151=EDGE_LOOP('',(#3834));
#1152=EDGE_LOOP('',(#3835,#3836,#3837,#3838));
#1153=EDGE_LOOP('',(#3839));
#1154=EDGE_LOOP('',(#3840,#3841,#3842,#3843,#3844,#3845));
#1155=EDGE_LOOP('',(#3846,#3847,#3848,#3849,#3850,#3851));
#1156=EDGE_LOOP('',(#3852,#3853,#3854,#3855,#3856,#3857));
#1157=EDGE_LOOP('',(#3858,#3859,#3860,#3861));
#1158=EDGE_LOOP('',(#3862));
#1159=EDGE_LOOP('',(#3863,#3864,#3865,#3866,#3867));
#1160=EDGE_LOOP('',(#3868));
#1161=EDGE_LOOP('',(#3869,#3870,#3871,#3872,#3873,#3874));
#1162=EDGE_LOOP('',(#3875,#3876,#3877,#3878,#3879,#3880));
#1163=EDGE_LOOP('',(#3881,#3882,#3883,#3884));
#1164=EDGE_LOOP('',(#3885,#3886,#3887,#3888));
#1165=EDGE_LOOP('',(#3889,#3890,#3891,#3892));
#1166=EDGE_LOOP('',(#3893,#3894,#3895,#3896));
#1167=EDGE_LOOP('',(#3897,#3898,#3899,#3900,#3901,#3902,#3903,#3904,#3905,
#3906,#3907,#3908,#3909,#3910,#3911,#3912,#3913,#3914,#3915,#3916));
#1168=EDGE_LOOP('',(#3917));
#1169=EDGE_LOOP('',(#3918));
#1170=LINE('',#6168,#1513);
#1171=LINE('',#6170,#1514);
#1172=LINE('',#6172,#1515);
#1173=LINE('',#6173,#1516);
#1174=LINE('',#6176,#1517);
#1175=LINE('',#6178,#1518);
#1176=LINE('',#6179,#1519);
#1177=LINE('',#6183,#1520);
#1178=LINE('',#6185,#1521);
#1179=LINE('',#6187,#1522);
#1180=LINE('',#6188,#1523);
#1181=LINE('',#6191,#1524);
#1182=LINE('',#6193,#1525);
#1183=LINE('',#6194,#1526);
#1184=LINE('',#6197,#1527);
#1185=LINE('',#6199,#1528);
#1186=LINE('',#6200,#1529);
#1187=LINE('',#6202,#1530);
#1188=LINE('',#6203,#1531);
#1189=LINE('',#6206,#1532);
#1190=LINE('',#6208,#1533);
#1191=LINE('',#6209,#1534);
#1192=LINE('',#6211,#1535);
#1193=LINE('',#6212,#1536);
#1194=LINE('',#6220,#1537);
#1195=LINE('',#6225,#1538);
#1196=LINE('',#6233,#1539);
#1197=LINE('',#6238,#1540);
#1198=LINE('',#6246,#1541);
#1199=LINE('',#6251,#1542);
#1200=LINE('',#6259,#1543);
#1201=LINE('',#6264,#1544);
#1202=LINE('',#6272,#1545);
#1203=LINE('',#6279,#1546);
#1204=LINE('',#6287,#1547);
#1205=LINE('',#6294,#1548);
#1206=LINE('',#6302,#1549);
#1207=LINE('',#6307,#1550);
#1208=LINE('',#6315,#1551);
#1209=LINE('',#6321,#1552);
#1210=LINE('',#6326,#1553);
#1211=LINE('',#6327,#1554);
#1212=LINE('',#6329,#1555);
#1213=LINE('',#6331,#1556);
#1214=LINE('',#6333,#1557);
#1215=LINE('',#6335,#1558);
#1216=LINE('',#6337,#1559);
#1217=LINE('',#6338,#1560);
#1218=LINE('',#6341,#1561);
#1219=LINE('',#6343,#1562);
#1220=LINE('',#6344,#1563);
#1221=LINE('',#6347,#1564);
#1222=LINE('',#6349,#1565);
#1223=LINE('',#6350,#1566);
#1224=LINE('',#6352,#1567);
#1225=LINE('',#6356,#1568);
#1226=LINE('',#6357,#1569);
#1227=LINE('',#6358,#1570);
#1228=LINE('',#6361,#1571);
#1229=LINE('',#6362,#1572);
#1230=LINE('',#6364,#1573);
#1231=LINE('',#6365,#1574);
#1232=LINE('',#6367,#1575);
#1233=LINE('',#6370,#1576);
#1234=LINE('',#6374,#1577);
#1235=LINE('',#6381,#1578);
#1236=LINE('',#6383,#1579);
#1237=LINE('',#6385,#1580);
#1238=LINE('',#6386,#1581);
#1239=LINE('',#6390,#1582);
#1240=LINE('',#6392,#1583);
#1241=LINE('',#6394,#1584);
#1242=LINE('',#6395,#1585);
#1243=LINE('',#6398,#1586);
#1244=LINE('',#6400,#1587);
#1245=LINE('',#6401,#1588);
#1246=LINE('',#6404,#1589);
#1247=LINE('',#6406,#1590);
#1248=LINE('',#6407,#1591);
#1249=LINE('',#6410,#1592);
#1250=LINE('',#6412,#1593);
#1251=LINE('',#6413,#1594);
#1252=LINE('',#6415,#1595);
#1253=LINE('',#6416,#1596);
#1254=LINE('',#6419,#1597);
#1255=LINE('',#6421,#1598);
#1256=LINE('',#6422,#1599);
#1257=LINE('',#6430,#1600);
#1258=LINE('',#6435,#1601);
#1259=LINE('',#6443,#1602);
#1260=LINE('',#6448,#1603);
#1261=LINE('',#6456,#1604);
#1262=LINE('',#6461,#1605);
#1263=LINE('',#6469,#1606);
#1264=LINE('',#6474,#1607);
#1265=LINE('',#6476,#1608);
#1266=LINE('',#6477,#1609);
#1267=LINE('',#6485,#1610);
#1268=LINE('',#6490,#1611);
#1269=LINE('',#6498,#1612);
#1270=LINE('',#6503,#1613);
#1271=LINE('',#6511,#1614);
#1272=LINE('',#6516,#1615);
#1273=LINE('',#6524,#1616);
#1274=LINE('',#6529,#1617);
#1275=LINE('',#6533,#1618);
#1276=LINE('',#6537,#1619);
#1277=LINE('',#6541,#1620);
#1278=LINE('',#6544,#1621);
#1279=LINE('',#6547,#1622);
#1280=LINE('',#6549,#1623);
#1281=LINE('',#6552,#1624);
#1282=LINE('',#6553,#1625);
#1283=LINE('',#6560,#1626);
#1284=LINE('',#6562,#1627);
#1285=LINE('',#6564,#1628);
#1286=LINE('',#6565,#1629);
#1287=LINE('',#6568,#1630);
#1288=LINE('',#6570,#1631);
#1289=LINE('',#6571,#1632);
#1290=LINE('',#6575,#1633);
#1291=LINE('',#6577,#1634);
#1292=LINE('',#6579,#1635);
#1293=LINE('',#6580,#1636);
#1294=LINE('',#6583,#1637);
#1295=LINE('',#6585,#1638);
#1296=LINE('',#6586,#1639);
#1297=LINE('',#6589,#1640);
#1298=LINE('',#6591,#1641);
#1299=LINE('',#6592,#1642);
#1300=LINE('',#6595,#1643);
#1301=LINE('',#6597,#1644);
#1302=LINE('',#6598,#1645);
#1303=LINE('',#6600,#1646);
#1304=LINE('',#6601,#1647);
#1305=LINE('',#6609,#1648);
#1306=LINE('',#6615,#1649);
#1307=LINE('',#6623,#1650);
#1308=LINE('',#6629,#1651);
#1309=LINE('',#6637,#1652);
#1310=LINE('',#6642,#1653);
#1311=LINE('',#6650,#1654);
#1312=LINE('',#6655,#1655);
#1313=LINE('',#6657,#1656);
#1314=LINE('',#6658,#1657);
#1315=LINE('',#6666,#1658);
#1316=LINE('',#6671,#1659);
#1317=LINE('',#6679,#1660);
#1318=LINE('',#6684,#1661);
#1319=LINE('',#6692,#1662);
#1320=LINE('',#6697,#1663);
#1321=LINE('',#6705,#1664);
#1322=LINE('',#6710,#1665);
#1323=LINE('',#6714,#1666);
#1324=LINE('',#6716,#1667);
#1325=LINE('',#6718,#1668);
#1326=LINE('',#6719,#1669);
#1327=LINE('',#6723,#1670);
#1328=LINE('',#6725,#1671);
#1329=LINE('',#6727,#1672);
#1330=LINE('',#6728,#1673);
#1331=LINE('',#6731,#1674);
#1332=LINE('',#6733,#1675);
#1333=LINE('',#6734,#1676);
#1334=LINE('',#6737,#1677);
#1335=LINE('',#6739,#1678);
#1336=LINE('',#6740,#1679);
#1337=LINE('',#6743,#1680);
#1338=LINE('',#6746,#1681);
#1339=LINE('',#6749,#1682);
#1340=LINE('',#6750,#1683);
#1341=LINE('',#6751,#1684);
#1342=LINE('',#6754,#1685);
#1343=LINE('',#6757,#1686);
#1344=LINE('',#6759,#1687);
#1345=LINE('',#6765,#1688);
#1346=LINE('',#6767,#1689);
#1347=LINE('',#6769,#1690);
#1348=LINE('',#6770,#1691);
#1349=LINE('',#6774,#1692);
#1350=LINE('',#6776,#1693);
#1351=LINE('',#6778,#1694);
#1352=LINE('',#6779,#1695);
#1353=LINE('',#6782,#1696);
#1354=LINE('',#6784,#1697);
#1355=LINE('',#6785,#1698);
#1356=LINE('',#6788,#1699);
#1357=LINE('',#6790,#1700);
#1358=LINE('',#6791,#1701);
#1359=LINE('',#6794,#1702);
#1360=LINE('',#6796,#1703);
#1361=LINE('',#6797,#1704);
#1362=LINE('',#6799,#1705);
#1363=LINE('',#6800,#1706);
#1364=LINE('',#6803,#1707);
#1365=LINE('',#6805,#1708);
#1366=LINE('',#6806,#1709);
#1367=LINE('',#6814,#1710);
#1368=LINE('',#6819,#1711);
#1369=LINE('',#6827,#1712);
#1370=LINE('',#6832,#1713);
#1371=LINE('',#6840,#1714);
#1372=LINE('',#6845,#1715);
#1373=LINE('',#6853,#1716);
#1374=LINE('',#6858,#1717);
#1375=LINE('',#6860,#1718);
#1376=LINE('',#6861,#1719);
#1377=LINE('',#6869,#1720);
#1378=LINE('',#6874,#1721);
#1379=LINE('',#6882,#1722);
#1380=LINE('',#6887,#1723);
#1381=LINE('',#6895,#1724);
#1382=LINE('',#6900,#1725);
#1383=LINE('',#6908,#1726);
#1384=LINE('',#6913,#1727);
#1385=LINE('',#6917,#1728);
#1386=LINE('',#6919,#1729);
#1387=LINE('',#6922,#1730);
#1388=LINE('',#6925,#1731);
#1389=LINE('',#6927,#1732);
#1390=LINE('',#6932,#1733);
#1391=LINE('',#6934,#1734);
#1392=LINE('',#6935,#1735);
#1393=LINE('',#6936,#1736);
#1394=LINE('',#6941,#1737);
#1395=LINE('',#6944,#1738);
#1396=LINE('',#6947,#1739);
#1397=LINE('',#6948,#1740);
#1398=LINE('',#6950,#1741);
#1399=LINE('',#6956,#1742);
#1400=LINE('',#6958,#1743);
#1401=LINE('',#6960,#1744);
#1402=LINE('',#6961,#1745);
#1403=LINE('',#6964,#1746);
#1404=LINE('',#6966,#1747);
#1405=LINE('',#6967,#1748);
#1406=LINE('',#6971,#1749);
#1407=LINE('',#6973,#1750);
#1408=LINE('',#6975,#1751);
#1409=LINE('',#6976,#1752);
#1410=LINE('',#6979,#1753);
#1411=LINE('',#6981,#1754);
#1412=LINE('',#6982,#1755);
#1413=LINE('',#6985,#1756);
#1414=LINE('',#6987,#1757);
#1415=LINE('',#6988,#1758);
#1416=LINE('',#6991,#1759);
#1417=LINE('',#6993,#1760);
#1418=LINE('',#6994,#1761);
#1419=LINE('',#6996,#1762);
#1420=LINE('',#6997,#1763);
#1421=LINE('',#7005,#1764);
#1422=LINE('',#7010,#1765);
#1423=LINE('',#7018,#1766);
#1424=LINE('',#7023,#1767);
#1425=LINE('',#7031,#1768);
#1426=LINE('',#7036,#1769);
#1427=LINE('',#7044,#1770);
#1428=LINE('',#7049,#1771);
#1429=LINE('',#7051,#1772);
#1430=LINE('',#7052,#1773);
#1431=LINE('',#7060,#1774);
#1432=LINE('',#7065,#1775);
#1433=LINE('',#7073,#1776);
#1434=LINE('',#7078,#1777);
#1435=LINE('',#7086,#1778);
#1436=LINE('',#7091,#1779);
#1437=LINE('',#7099,#1780);
#1438=LINE('',#7104,#1781);
#1439=LINE('',#7108,#1782);
#1440=LINE('',#7110,#1783);
#1441=LINE('',#7112,#1784);
#1442=LINE('',#7113,#1785);
#1443=LINE('',#7116,#1786);
#1444=LINE('',#7118,#1787);
#1445=LINE('',#7119,#1788);
#1446=LINE('',#7123,#1789);
#1447=LINE('',#7127,#1790);
#1448=LINE('',#7128,#1791);
#1449=LINE('',#7131,#1792);
#1450=LINE('',#7132,#1793);
#1451=LINE('',#7133,#1794);
#1452=LINE('',#7136,#1795);
#1453=LINE('',#7139,#1796);
#1454=LINE('',#7141,#1797);
#1455=LINE('',#7148,#1798);
#1456=LINE('',#7156,#1799);
#1457=LINE('',#7161,#1800);
#1458=LINE('',#7169,#1801);
#1459=LINE('',#7174,#1802);
#1460=LINE('',#7182,#1803);
#1461=LINE('',#7187,#1804);
#1462=LINE('',#7195,#1805);
#1463=LINE('',#7201,#1806);
#1464=LINE('',#7204,#1807);
#1465=LINE('',#7207,#1808);
#1466=LINE('',#7210,#1809);
#1467=LINE('',#7214,#1810);
#1468=LINE('',#7218,#1811);
#1469=LINE('',#7224,#1812);
#1470=LINE('',#7225,#1813);
#1471=LINE('',#7231,#1814);
#1472=LINE('',#7234,#1815);
#1473=LINE('',#7237,#1816);
#1474=LINE('',#7240,#1817);
#1475=LINE('',#7244,#1818);
#1476=LINE('',#7248,#1819);
#1477=LINE('',#7254,#1820);
#1478=LINE('',#7256,#1821);
#1479=LINE('',#7261,#1822);
#1480=LINE('',#7263,#1823);
#1481=LINE('',#7264,#1824);
#1482=LINE('',#7265,#1825);
#1483=LINE('',#7269,#1826);
#1484=LINE('',#7271,#1827);
#1485=LINE('',#7272,#1828);
#1486=LINE('',#7273,#1829);
#1487=LINE('',#7277,#1830);
#1488=LINE('',#7279,#1831);
#1489=LINE('',#7282,#1832);
#1490=LINE('',#7285,#1833);
#1491=LINE('',#7288,#1834);
#1492=LINE('',#7290,#1835);
#1493=LINE('',#7293,#1836);
#1494=LINE('',#7296,#1837);
#1495=LINE('',#7298,#1838);
#1496=LINE('',#7299,#1839);
#1497=LINE('',#7304,#1840);
#1498=LINE('',#7306,#1841);
#1499=LINE('',#7310,#1842);
#1500=LINE('',#7311,#1843);
#1501=LINE('',#7314,#1844);
#1502=LINE('',#7315,#1845);
#1503=LINE('',#7318,#1846);
#1504=LINE('',#7320,#1847);
#1505=LINE('',#7321,#1848);
#1506=LINE('',#7326,#1849);
#1507=LINE('',#7328,#1850);
#1508=LINE('',#7334,#1851);
#1509=LINE('',#7335,#1852);
#1510=LINE('',#7338,#1853);
#1511=LINE('',#7339,#1854);
#1512=LINE('',#7350,#1855);
#1513=VECTOR('',#4868,1.);
#1514=VECTOR('',#4869,1.);
#1515=VECTOR('',#4870,1.);
#1516=VECTOR('',#4871,1.);
#1517=VECTOR('',#4874,1.);
#1518=VECTOR('',#4875,1.);
#1519=VECTOR('',#4876,1.);
#1520=VECTOR('',#4879,1.);
#1521=VECTOR('',#4880,1.);
#1522=VECTOR('',#4881,1.);
#1523=VECTOR('',#4882,1.);
#1524=VECTOR('',#4885,1.);
#1525=VECTOR('',#4886,1.);
#1526=VECTOR('',#4887,1.);
#1527=VECTOR('',#4890,1.);
#1528=VECTOR('',#4891,1.);
#1529=VECTOR('',#4892,1.);
#1530=VECTOR('',#4895,1.);
#1531=VECTOR('',#4896,1.);
#1532=VECTOR('',#4899,1.);
#1533=VECTOR('',#4900,1.);
#1534=VECTOR('',#4901,1.);
#1535=VECTOR('',#4904,1.);
#1536=VECTOR('',#4905,1.);
#1537=VECTOR('',#4914,0.2);
#1538=VECTOR('',#4921,0.1175);
#1539=VECTOR('',#4930,0.2);
#1540=VECTOR('',#4937,0.1175);
#1541=VECTOR('',#4946,0.2);
#1542=VECTOR('',#4953,0.1175);
#1543=VECTOR('',#4962,0.2);
#1544=VECTOR('',#4969,0.1175);
#1545=VECTOR('',#4978,0.2);
#1546=VECTOR('',#4987,0.1175);
#1547=VECTOR('',#4996,0.2);
#1548=VECTOR('',#5005,0.1175);
#1549=VECTOR('',#5014,0.2);
#1550=VECTOR('',#5021,0.1175);
#1551=VECTOR('',#5030,0.2);
#1552=VECTOR('',#5039,0.1175);
#1553=VECTOR('',#5044,1.);
#1554=VECTOR('',#5045,1.);
#1555=VECTOR('',#5046,1.);
#1556=VECTOR('',#5047,1.);
#1557=VECTOR('',#5048,1.);
#1558=VECTOR('',#5049,1.);
#1559=VECTOR('',#5050,1.);
#1560=VECTOR('',#5051,1.);
#1561=VECTOR('',#5054,1.);
#1562=VECTOR('',#5055,1.);
#1563=VECTOR('',#5056,1.);
#1564=VECTOR('',#5059,1.);
#1565=VECTOR('',#5060,1.);
#1566=VECTOR('',#5061,1.);
#1567=VECTOR('',#5064,1.);
#1568=VECTOR('',#5067,1.);
#1569=VECTOR('',#5068,1.);
#1570=VECTOR('',#5069,1.);
#1571=VECTOR('',#5072,1.);
#1572=VECTOR('',#5073,1.);
#1573=VECTOR('',#5074,1.);
#1574=VECTOR('',#5075,1.);
#1575=VECTOR('',#5078,1.);
#1576=VECTOR('',#5083,1.);
#1577=VECTOR('',#5088,3.3);
#1578=VECTOR('',#5097,1.);
#1579=VECTOR('',#5098,1.);
#1580=VECTOR('',#5099,1.);
#1581=VECTOR('',#5100,1.);
#1582=VECTOR('',#5103,1.);
#1583=VECTOR('',#5104,1.);
#1584=VECTOR('',#5105,1.);
#1585=VECTOR('',#5106,1.);
#1586=VECTOR('',#5109,1.);
#1587=VECTOR('',#5110,1.);
#1588=VECTOR('',#5111,1.);
#1589=VECTOR('',#5114,1.);
#1590=VECTOR('',#5115,1.);
#1591=VECTOR('',#5116,1.);
#1592=VECTOR('',#5119,1.);
#1593=VECTOR('',#5120,1.);
#1594=VECTOR('',#5121,1.);
#1595=VECTOR('',#5124,1.);
#1596=VECTOR('',#5125,1.);
#1597=VECTOR('',#5128,1.);
#1598=VECTOR('',#5129,1.);
#1599=VECTOR('',#5130,1.);
#1600=VECTOR('',#5139,0.2);
#1601=VECTOR('',#5146,0.1175);
#1602=VECTOR('',#5155,0.2);
#1603=VECTOR('',#5162,0.1175);
#1604=VECTOR('',#5171,0.2);
#1605=VECTOR('',#5178,0.1175);
#1606=VECTOR('',#5187,0.2);
#1607=VECTOR('',#5194,0.1175);
#1608=VECTOR('',#5197,1.);
#1609=VECTOR('',#5198,1.);
#1610=VECTOR('',#5207,0.2);
#1611=VECTOR('',#5214,0.1175);
#1612=VECTOR('',#5223,0.2);
#1613=VECTOR('',#5230,0.1175);
#1614=VECTOR('',#5239,0.2);
#1615=VECTOR('',#5246,0.1175);
#1616=VECTOR('',#5255,0.2);
#1617=VECTOR('',#5262,0.1175);
#1618=VECTOR('',#5265,1.);
#1619=VECTOR('',#5268,1.);
#1620=VECTOR('',#5273,1.);
#1621=VECTOR('',#5276,1.);
#1622=VECTOR('',#5279,1.);
#1623=VECTOR('',#5280,1.);
#1624=VECTOR('',#5285,1.);
#1625=VECTOR('',#5286,1.);
#1626=VECTOR('',#5295,1.);
#1627=VECTOR('',#5296,1.);
#1628=VECTOR('',#5297,1.);
#1629=VECTOR('',#5298,1.);
#1630=VECTOR('',#5301,1.);
#1631=VECTOR('',#5302,1.);
#1632=VECTOR('',#5303,1.);
#1633=VECTOR('',#5306,1.);
#1634=VECTOR('',#5307,1.);
#1635=VECTOR('',#5308,1.);
#1636=VECTOR('',#5309,1.);
#1637=VECTOR('',#5312,1.);
#1638=VECTOR('',#5313,1.);
#1639=VECTOR('',#5314,1.);
#1640=VECTOR('',#5317,1.);
#1641=VECTOR('',#5318,1.);
#1642=VECTOR('',#5319,1.);
#1643=VECTOR('',#5322,1.);
#1644=VECTOR('',#5323,1.);
#1645=VECTOR('',#5324,1.);
#1646=VECTOR('',#5327,1.);
#1647=VECTOR('',#5328,1.);
#1648=VECTOR('',#5337,0.2);
#1649=VECTOR('',#5346,0.1175);
#1650=VECTOR('',#5355,0.2);
#1651=VECTOR('',#5364,0.1175);
#1652=VECTOR('',#5373,0.2);
#1653=VECTOR('',#5380,0.1175);
#1654=VECTOR('',#5389,0.2);
#1655=VECTOR('',#5396,0.1175);
#1656=VECTOR('',#5399,1.);
#1657=VECTOR('',#5400,1.);
#1658=VECTOR('',#5409,0.2);
#1659=VECTOR('',#5416,0.1175);
#1660=VECTOR('',#5425,0.2);
#1661=VECTOR('',#5432,0.1175);
#1662=VECTOR('',#5441,0.2);
#1663=VECTOR('',#5448,0.1175);
#1664=VECTOR('',#5457,0.2);
#1665=VECTOR('',#5464,0.1175);
#1666=VECTOR('',#5467,1.);
#1667=VECTOR('',#5468,1.);
#1668=VECTOR('',#5469,1.);
#1669=VECTOR('',#5470,1.);
#1670=VECTOR('',#5473,1.);
#1671=VECTOR('',#5474,1.);
#1672=VECTOR('',#5475,1.);
#1673=VECTOR('',#5476,1.);
#1674=VECTOR('',#5479,1.);
#1675=VECTOR('',#5480,1.);
#1676=VECTOR('',#5481,1.);
#1677=VECTOR('',#5484,1.);
#1678=VECTOR('',#5485,1.);
#1679=VECTOR('',#5486,1.);
#1680=VECTOR('',#5489,1.);
#1681=VECTOR('',#5492,1.);
#1682=VECTOR('',#5495,1.);
#1683=VECTOR('',#5496,1.);
#1684=VECTOR('',#5497,1.);
#1685=VECTOR('',#5500,1.);
#1686=VECTOR('',#5505,1.);
#1687=VECTOR('',#5508,1.);
#1688=VECTOR('',#5515,1.);
#1689=VECTOR('',#5516,1.);
#1690=VECTOR('',#5517,1.);
#1691=VECTOR('',#5518,1.);
#1692=VECTOR('',#5521,1.);
#1693=VECTOR('',#5522,1.);
#1694=VECTOR('',#5523,1.);
#1695=VECTOR('',#5524,1.);
#1696=VECTOR('',#5527,1.);
#1697=VECTOR('',#5528,1.);
#1698=VECTOR('',#5529,1.);
#1699=VECTOR('',#5532,1.);
#1700=VECTOR('',#5533,1.);
#1701=VECTOR('',#5534,1.);
#1702=VECTOR('',#5537,1.);
#1703=VECTOR('',#5538,1.);
#1704=VECTOR('',#5539,1.);
#1705=VECTOR('',#5542,1.);
#1706=VECTOR('',#5543,1.);
#1707=VECTOR('',#5546,1.);
#1708=VECTOR('',#5547,1.);
#1709=VECTOR('',#5548,1.);
#1710=VECTOR('',#5557,0.2);
#1711=VECTOR('',#5564,0.1175);
#1712=VECTOR('',#5573,0.2);
#1713=VECTOR('',#5580,0.1175);
#1714=VECTOR('',#5589,0.2);
#1715=VECTOR('',#5596,0.1175);
#1716=VECTOR('',#5605,0.2);
#1717=VECTOR('',#5612,0.1175);
#1718=VECTOR('',#5615,1.);
#1719=VECTOR('',#5616,1.);
#1720=VECTOR('',#5625,0.2);
#1721=VECTOR('',#5632,0.1175);
#1722=VECTOR('',#5641,0.2);
#1723=VECTOR('',#5648,0.1175);
#1724=VECTOR('',#5657,0.2);
#1725=VECTOR('',#5664,0.1175);
#1726=VECTOR('',#5673,0.2);
#1727=VECTOR('',#5680,0.1175);
#1728=VECTOR('',#5683,1.);
#1729=VECTOR('',#5684,1.);
#1730=VECTOR('',#5687,1.);
#1731=VECTOR('',#5690,1.);
#1732=VECTOR('',#5691,1.);
#1733=VECTOR('',#5696,1.);
#1734=VECTOR('',#5697,1.);
#1735=VECTOR('',#5698,1.);
#1736=VECTOR('',#5699,1.);
#1737=VECTOR('',#5704,1.);
#1738=VECTOR('',#5709,1.);
#1739=VECTOR('',#5712,1.);
#1740=VECTOR('',#5713,1.);
#1741=VECTOR('',#5716,1.);
#1742=VECTOR('',#5723,1.);
#1743=VECTOR('',#5724,1.);
#1744=VECTOR('',#5725,1.);
#1745=VECTOR('',#5726,1.);
#1746=VECTOR('',#5729,1.);
#1747=VECTOR('',#5730,1.);
#1748=VECTOR('',#5731,1.);
#1749=VECTOR('',#5734,1.);
#1750=VECTOR('',#5735,1.);
#1751=VECTOR('',#5736,1.);
#1752=VECTOR('',#5737,1.);
#1753=VECTOR('',#5740,1.);
#1754=VECTOR('',#5741,1.);
#1755=VECTOR('',#5742,1.);
#1756=VECTOR('',#5745,1.);
#1757=VECTOR('',#5746,1.);
#1758=VECTOR('',#5747,1.);
#1759=VECTOR('',#5750,1.);
#1760=VECTOR('',#5751,1.);
#1761=VECTOR('',#5752,1.);
#1762=VECTOR('',#5755,1.);
#1763=VECTOR('',#5756,1.);
#1764=VECTOR('',#5765,0.2);
#1765=VECTOR('',#5772,0.1175);
#1766=VECTOR('',#5781,0.2);
#1767=VECTOR('',#5788,0.1175);
#1768=VECTOR('',#5797,0.2);
#1769=VECTOR('',#5804,0.1175);
#1770=VECTOR('',#5813,0.2);
#1771=VECTOR('',#5820,0.1175);
#1772=VECTOR('',#5823,1.);
#1773=VECTOR('',#5824,1.);
#1774=VECTOR('',#5833,0.2);
#1775=VECTOR('',#5840,0.1175);
#1776=VECTOR('',#5849,0.2);
#1777=VECTOR('',#5856,0.1175);
#1778=VECTOR('',#5865,0.2);
#1779=VECTOR('',#5872,0.1175);
#1780=VECTOR('',#5881,0.2);
#1781=VECTOR('',#5888,0.1175);
#1782=VECTOR('',#5891,1.);
#1783=VECTOR('',#5892,1.);
#1784=VECTOR('',#5893,1.);
#1785=VECTOR('',#5894,1.);
#1786=VECTOR('',#5897,1.);
#1787=VECTOR('',#5898,1.);
#1788=VECTOR('',#5899,1.);
#1789=VECTOR('',#5902,1.);
#1790=VECTOR('',#5905,1.);
#1791=VECTOR('',#5906,1.);
#1792=VECTOR('',#5909,1.);
#1793=VECTOR('',#5910,1.);
#1794=VECTOR('',#5911,1.);
#1795=VECTOR('',#5914,1.);
#1796=VECTOR('',#5919,1.);
#1797=VECTOR('',#5922,1.);
#1798=VECTOR('',#5931,0.22);
#1799=VECTOR('',#5942,0.12);
#1800=VECTOR('',#5947,0.22);
#1801=VECTOR('',#5958,0.12);
#1802=VECTOR('',#5963,0.22);
#1803=VECTOR('',#5974,0.12);
#1804=VECTOR('',#5979,0.22);
#1805=VECTOR('',#5990,0.12);
#1806=VECTOR('',#5995,1.);
#1807=VECTOR('',#5998,1.);
#1808=VECTOR('',#6001,1.);
#1809=VECTOR('',#6004,1.);
#1810=VECTOR('',#6007,1.);
#1811=VECTOR('',#6010,1.);
#1812=VECTOR('',#6017,1.);
#1813=VECTOR('',#6018,1.);
#1814=VECTOR('',#6023,1.);
#1815=VECTOR('',#6026,1.);
#1816=VECTOR('',#6029,1.);
#1817=VECTOR('',#6032,1.);
#1818=VECTOR('',#6035,1.);
#1819=VECTOR('',#6038,1.);
#1820=VECTOR('',#6045,1.);
#1821=VECTOR('',#6046,1.);
#1822=VECTOR('',#6051,1.);
#1823=VECTOR('',#6052,1.);
#1824=VECTOR('',#6053,1.);
#1825=VECTOR('',#6054,1.);
#1826=VECTOR('',#6057,1.);
#1827=VECTOR('',#6058,1.);
#1828=VECTOR('',#6059,1.);
#1829=VECTOR('',#6060,1.);
#1830=VECTOR('',#6065,3.3);
#1831=VECTOR('',#6066,1.);
#1832=VECTOR('',#6069,1.);
#1833=VECTOR('',#6072,1.);
#1834=VECTOR('',#6075,1.);
#1835=VECTOR('',#6076,1.);
#1836=VECTOR('',#6079,1.);
#1837=VECTOR('',#6082,1.);
#1838=VECTOR('',#6083,1.);
#1839=VECTOR('',#6084,1.);
#1840=VECTOR('',#6091,1.);
#1841=VECTOR('',#6092,1.);
#1842=VECTOR('',#6097,1.);
#1843=VECTOR('',#6098,1.);
#1844=VECTOR('',#6101,1.);
#1845=VECTOR('',#6102,1.);
#1846=VECTOR('',#6105,1.);
#1847=VECTOR('',#6106,1.);
#1848=VECTOR('',#6107,1.);
#1849=VECTOR('',#6114,1.);
#1850=VECTOR('',#6115,1.);
#1851=VECTOR('',#6122,1.);
#1852=VECTOR('',#6123,1.);
#1853=VECTOR('',#6126,1.);
#1854=VECTOR('',#6127,1.);
#1855=VECTOR('',#6146,2.8);
#1856=VERTEX_POINT('',#6166);
#1857=VERTEX_POINT('',#6167);
#1858=VERTEX_POINT('',#6169);
#1859=VERTEX_POINT('',#6171);
#1860=VERTEX_POINT('',#6175);
#1861=VERTEX_POINT('',#6177);
#1862=VERTEX_POINT('',#6181);
#1863=VERTEX_POINT('',#6182);
#1864=VERTEX_POINT('',#6184);
#1865=VERTEX_POINT('',#6186);
#1866=VERTEX_POINT('',#6190);
#1867=VERTEX_POINT('',#6192);
#1868=VERTEX_POINT('',#6196);
#1869=VERTEX_POINT('',#6198);
#1870=VERTEX_POINT('',#6205);
#1871=VERTEX_POINT('',#6207);
#1872=VERTEX_POINT('',#6214);
#1873=VERTEX_POINT('',#6216);
#1874=VERTEX_POINT('',#6219);
#1875=VERTEX_POINT('',#6223);
#1876=VERTEX_POINT('',#6227);
#1877=VERTEX_POINT('',#6229);
#1878=VERTEX_POINT('',#6232);
#1879=VERTEX_POINT('',#6236);
#1880=VERTEX_POINT('',#6240);
#1881=VERTEX_POINT('',#6242);
#1882=VERTEX_POINT('',#6245);
#1883=VERTEX_POINT('',#6249);
#1884=VERTEX_POINT('',#6253);
#1885=VERTEX_POINT('',#6255);
#1886=VERTEX_POINT('',#6258);
#1887=VERTEX_POINT('',#6262);
#1888=VERTEX_POINT('',#6266);
#1889=VERTEX_POINT('',#6268);
#1890=VERTEX_POINT('',#6271);
#1891=VERTEX_POINT('',#6273);
#1892=VERTEX_POINT('',#6277);
#1893=VERTEX_POINT('',#6281);
#1894=VERTEX_POINT('',#6283);
#1895=VERTEX_POINT('',#6286);
#1896=VERTEX_POINT('',#6288);
#1897=VERTEX_POINT('',#6292);
#1898=VERTEX_POINT('',#6296);
#1899=VERTEX_POINT('',#6298);
#1900=VERTEX_POINT('',#6301);
#1901=VERTEX_POINT('',#6305);
#1902=VERTEX_POINT('',#6309);
#1903=VERTEX_POINT('',#6311);
#1904=VERTEX_POINT('',#6314);
#1905=VERTEX_POINT('',#6319);
#1906=VERTEX_POINT('',#6323);
#1907=VERTEX_POINT('',#6325);
#1908=VERTEX_POINT('',#6328);
#1909=VERTEX_POINT('',#6330);
#1910=VERTEX_POINT('',#6332);
#1911=VERTEX_POINT('',#6334);
#1912=VERTEX_POINT('',#6336);
#1913=VERTEX_POINT('',#6340);
#1914=VERTEX_POINT('',#6342);
#1915=VERTEX_POINT('',#6346);
#1916=VERTEX_POINT('',#6348);
#1917=VERTEX_POINT('',#6354);
#1918=VERTEX_POINT('',#6355);
#1919=VERTEX_POINT('',#6360);
#1920=VERTEX_POINT('',#6363);
#1921=VERTEX_POINT('',#6373);
#1922=VERTEX_POINT('',#6379);
#1923=VERTEX_POINT('',#6380);
#1924=VERTEX_POINT('',#6382);
#1925=VERTEX_POINT('',#6384);
#1926=VERTEX_POINT('',#6388);
#1927=VERTEX_POINT('',#6389);
#1928=VERTEX_POINT('',#6391);
#1929=VERTEX_POINT('',#6393);
#1930=VERTEX_POINT('',#6397);
#1931=VERTEX_POINT('',#6399);
#1932=VERTEX_POINT('',#6403);
#1933=VERTEX_POINT('',#6405);
#1934=VERTEX_POINT('',#6409);
#1935=VERTEX_POINT('',#6411);
#1936=VERTEX_POINT('',#6418);
#1937=VERTEX_POINT('',#6420);
#1938=VERTEX_POINT('',#6424);
#1939=VERTEX_POINT('',#6426);
#1940=VERTEX_POINT('',#6429);
#1941=VERTEX_POINT('',#6433);
#1942=VERTEX_POINT('',#6437);
#1943=VERTEX_POINT('',#6439);
#1944=VERTEX_POINT('',#6442);
#1945=VERTEX_POINT('',#6446);
#1946=VERTEX_POINT('',#6450);
#1947=VERTEX_POINT('',#6452);
#1948=VERTEX_POINT('',#6455);
#1949=VERTEX_POINT('',#6459);
#1950=VERTEX_POINT('',#6463);
#1951=VERTEX_POINT('',#6465);
#1952=VERTEX_POINT('',#6468);
#1953=VERTEX_POINT('',#6472);
#1954=VERTEX_POINT('',#6479);
#1955=VERTEX_POINT('',#6481);
#1956=VERTEX_POINT('',#6484);
#1957=VERTEX_POINT('',#6488);
#1958=VERTEX_POINT('',#6492);
#1959=VERTEX_POINT('',#6494);
#1960=VERTEX_POINT('',#6497);
#1961=VERTEX_POINT('',#6501);
#1962=VERTEX_POINT('',#6505);
#1963=VERTEX_POINT('',#6507);
#1964=VERTEX_POINT('',#6510);
#1965=VERTEX_POINT('',#6514);
#1966=VERTEX_POINT('',#6518);
#1967=VERTEX_POINT('',#6520);
#1968=VERTEX_POINT('',#6523);
#1969=VERTEX_POINT('',#6527);
#1970=VERTEX_POINT('',#6531);
#1971=VERTEX_POINT('',#6532);
#1972=VERTEX_POINT('',#6534);
#1973=VERTEX_POINT('',#6536);
#1974=VERTEX_POINT('',#6540);
#1975=VERTEX_POINT('',#6542);
#1976=VERTEX_POINT('',#6546);
#1977=VERTEX_POINT('',#6548);
#1978=VERTEX_POINT('',#6558);
#1979=VERTEX_POINT('',#6559);
#1980=VERTEX_POINT('',#6561);
#1981=VERTEX_POINT('',#6563);
#1982=VERTEX_POINT('',#6567);
#1983=VERTEX_POINT('',#6569);
#1984=VERTEX_POINT('',#6573);
#1985=VERTEX_POINT('',#6574);
#1986=VERTEX_POINT('',#6576);
#1987=VERTEX_POINT('',#6578);
#1988=VERTEX_POINT('',#6582);
#1989=VERTEX_POINT('',#6584);
#1990=VERTEX_POINT('',#6588);
#1991=VERTEX_POINT('',#6590);
#1992=VERTEX_POINT('',#6594);
#1993=VERTEX_POINT('',#6596);
#1994=VERTEX_POINT('',#6603);
#1995=VERTEX_POINT('',#6605);
#1996=VERTEX_POINT('',#6608);
#1997=VERTEX_POINT('',#6613);
#1998=VERTEX_POINT('',#6617);
#1999=VERTEX_POINT('',#6619);
#2000=VERTEX_POINT('',#6622);
#2001=VERTEX_POINT('',#6627);
#2002=VERTEX_POINT('',#6631);
#2003=VERTEX_POINT('',#6633);
#2004=VERTEX_POINT('',#6636);
#2005=VERTEX_POINT('',#6640);
#2006=VERTEX_POINT('',#6644);
#2007=VERTEX_POINT('',#6646);
#2008=VERTEX_POINT('',#6649);
#2009=VERTEX_POINT('',#6653);
#2010=VERTEX_POINT('',#6660);
#2011=VERTEX_POINT('',#6662);
#2012=VERTEX_POINT('',#6665);
#2013=VERTEX_POINT('',#6669);
#2014=VERTEX_POINT('',#6673);
#2015=VERTEX_POINT('',#6675);
#2016=VERTEX_POINT('',#6678);
#2017=VERTEX_POINT('',#6682);
#2018=VERTEX_POINT('',#6686);
#2019=VERTEX_POINT('',#6688);
#2020=VERTEX_POINT('',#6691);
#2021=VERTEX_POINT('',#6695);
#2022=VERTEX_POINT('',#6699);
#2023=VERTEX_POINT('',#6701);
#2024=VERTEX_POINT('',#6704);
#2025=VERTEX_POINT('',#6708);
#2026=VERTEX_POINT('',#6712);
#2027=VERTEX_POINT('',#6713);
#2028=VERTEX_POINT('',#6715);
#2029=VERTEX_POINT('',#6717);
#2030=VERTEX_POINT('',#6721);
#2031=VERTEX_POINT('',#6722);
#2032=VERTEX_POINT('',#6724);
#2033=VERTEX_POINT('',#6726);
#2034=VERTEX_POINT('',#6730);
#2035=VERTEX_POINT('',#6732);
#2036=VERTEX_POINT('',#6736);
#2037=VERTEX_POINT('',#6738);
#2038=VERTEX_POINT('',#6742);
#2039=VERTEX_POINT('',#6744);
#2040=VERTEX_POINT('',#6748);
#2041=VERTEX_POINT('',#6753);
#2042=VERTEX_POINT('',#6763);
#2043=VERTEX_POINT('',#6764);
#2044=VERTEX_POINT('',#6766);
#2045=VERTEX_POINT('',#6768);
#2046=VERTEX_POINT('',#6772);
#2047=VERTEX_POINT('',#6773);
#2048=VERTEX_POINT('',#6775);
#2049=VERTEX_POINT('',#6777);
#2050=VERTEX_POINT('',#6781);
#2051=VERTEX_POINT('',#6783);
#2052=VERTEX_POINT('',#6787);
#2053=VERTEX_POINT('',#6789);
#2054=VERTEX_POINT('',#6793);
#2055=VERTEX_POINT('',#6795);
#2056=VERTEX_POINT('',#6802);
#2057=VERTEX_POINT('',#6804);
#2058=VERTEX_POINT('',#6808);
#2059=VERTEX_POINT('',#6810);
#2060=VERTEX_POINT('',#6813);
#2061=VERTEX_POINT('',#6817);
#2062=VERTEX_POINT('',#6821);
#2063=VERTEX_POINT('',#6823);
#2064=VERTEX_POINT('',#6826);
#2065=VERTEX_POINT('',#6830);
#2066=VERTEX_POINT('',#6834);
#2067=VERTEX_POINT('',#6836);
#2068=VERTEX_POINT('',#6839);
#2069=VERTEX_POINT('',#6843);
#2070=VERTEX_POINT('',#6847);
#2071=VERTEX_POINT('',#6849);
#2072=VERTEX_POINT('',#6852);
#2073=VERTEX_POINT('',#6856);
#2074=VERTEX_POINT('',#6863);
#2075=VERTEX_POINT('',#6865);
#2076=VERTEX_POINT('',#6868);
#2077=VERTEX_POINT('',#6872);
#2078=VERTEX_POINT('',#6876);
#2079=VERTEX_POINT('',#6878);
#2080=VERTEX_POINT('',#6881);
#2081=VERTEX_POINT('',#6885);
#2082=VERTEX_POINT('',#6889);
#2083=VERTEX_POINT('',#6891);
#2084=VERTEX_POINT('',#6894);
#2085=VERTEX_POINT('',#6898);
#2086=VERTEX_POINT('',#6902);
#2087=VERTEX_POINT('',#6904);
#2088=VERTEX_POINT('',#6907);
#2089=VERTEX_POINT('',#6911);
#2090=VERTEX_POINT('',#6915);
#2091=VERTEX_POINT('',#6916);
#2092=VERTEX_POINT('',#6918);
#2093=VERTEX_POINT('',#6920);
#2094=VERTEX_POINT('',#6924);
#2095=VERTEX_POINT('',#6926);
#2096=VERTEX_POINT('',#6930);
#2097=VERTEX_POINT('',#6931);
#2098=VERTEX_POINT('',#6933);
#2099=VERTEX_POINT('',#6938);
#2100=VERTEX_POINT('',#6940);
#2101=VERTEX_POINT('',#6946);
#2102=VERTEX_POINT('',#6954);
#2103=VERTEX_POINT('',#6955);
#2104=VERTEX_POINT('',#6957);
#2105=VERTEX_POINT('',#6959);
#2106=VERTEX_POINT('',#6963);
#2107=VERTEX_POINT('',#6965);
#2108=VERTEX_POINT('',#6969);
#2109=VERTEX_POINT('',#6970);
#2110=VERTEX_POINT('',#6972);
#2111=VERTEX_POINT('',#6974);
#2112=VERTEX_POINT('',#6978);
#2113=VERTEX_POINT('',#6980);
#2114=VERTEX_POINT('',#6984);
#2115=VERTEX_POINT('',#6986);
#2116=VERTEX_POINT('',#6990);
#2117=VERTEX_POINT('',#6992);
#2118=VERTEX_POINT('',#6999);
#2119=VERTEX_POINT('',#7001);
#2120=VERTEX_POINT('',#7004);
#2121=VERTEX_POINT('',#7008);
#2122=VERTEX_POINT('',#7012);
#2123=VERTEX_POINT('',#7014);
#2124=VERTEX_POINT('',#7017);
#2125=VERTEX_POINT('',#7021);
#2126=VERTEX_POINT('',#7025);
#2127=VERTEX_POINT('',#7027);
#2128=VERTEX_POINT('',#7030);
#2129=VERTEX_POINT('',#7034);
#2130=VERTEX_POINT('',#7038);
#2131=VERTEX_POINT('',#7040);
#2132=VERTEX_POINT('',#7043);
#2133=VERTEX_POINT('',#7047);
#2134=VERTEX_POINT('',#7054);
#2135=VERTEX_POINT('',#7056);
#2136=VERTEX_POINT('',#7059);
#2137=VERTEX_POINT('',#7063);
#2138=VERTEX_POINT('',#7067);
#2139=VERTEX_POINT('',#7069);
#2140=VERTEX_POINT('',#7072);
#2141=VERTEX_POINT('',#7076);
#2142=VERTEX_POINT('',#7080);
#2143=VERTEX_POINT('',#7082);
#2144=VERTEX_POINT('',#7085);
#2145=VERTEX_POINT('',#7089);
#2146=VERTEX_POINT('',#7093);
#2147=VERTEX_POINT('',#7095);
#2148=VERTEX_POINT('',#7098);
#2149=VERTEX_POINT('',#7102);
#2150=VERTEX_POINT('',#7106);
#2151=VERTEX_POINT('',#7107);
#2152=VERTEX_POINT('',#7109);
#2153=VERTEX_POINT('',#7111);
#2154=VERTEX_POINT('',#7115);
#2155=VERTEX_POINT('',#7117);
#2156=VERTEX_POINT('',#7121);
#2157=VERTEX_POINT('',#7122);
#2158=VERTEX_POINT('',#7124);
#2159=VERTEX_POINT('',#7126);
#2160=VERTEX_POINT('',#7130);
#2161=VERTEX_POINT('',#7135);
#2162=VERTEX_POINT('',#7145);
#2163=VERTEX_POINT('',#7147);
#2164=VERTEX_POINT('',#7151);
#2165=VERTEX_POINT('',#7154);
#2166=VERTEX_POINT('',#7158);
#2167=VERTEX_POINT('',#7160);
#2168=VERTEX_POINT('',#7164);
#2169=VERTEX_POINT('',#7167);
#2170=VERTEX_POINT('',#7171);
#2171=VERTEX_POINT('',#7173);
#2172=VERTEX_POINT('',#7177);
#2173=VERTEX_POINT('',#7180);
#2174=VERTEX_POINT('',#7184);
#2175=VERTEX_POINT('',#7186);
#2176=VERTEX_POINT('',#7190);
#2177=VERTEX_POINT('',#7193);
#2178=VERTEX_POINT('',#7197);
#2179=VERTEX_POINT('',#7198);
#2180=VERTEX_POINT('',#7200);
#2181=VERTEX_POINT('',#7202);
#2182=VERTEX_POINT('',#7206);
#2183=VERTEX_POINT('',#7208);
#2184=VERTEX_POINT('',#7212);
#2185=VERTEX_POINT('',#7213);
#2186=VERTEX_POINT('',#7215);
#2187=VERTEX_POINT('',#7217);
#2188=VERTEX_POINT('',#7221);
#2189=VERTEX_POINT('',#7222);
#2190=VERTEX_POINT('',#7227);
#2191=VERTEX_POINT('',#7228);
#2192=VERTEX_POINT('',#7230);
#2193=VERTEX_POINT('',#7232);
#2194=VERTEX_POINT('',#7236);
#2195=VERTEX_POINT('',#7238);
#2196=VERTEX_POINT('',#7242);
#2197=VERTEX_POINT('',#7243);
#2198=VERTEX_POINT('',#7245);
#2199=VERTEX_POINT('',#7247);
#2200=VERTEX_POINT('',#7251);
#2201=VERTEX_POINT('',#7252);
#2202=VERTEX_POINT('',#7255);
#2203=VERTEX_POINT('',#7259);
#2204=VERTEX_POINT('',#7260);
#2205=VERTEX_POINT('',#7262);
#2206=VERTEX_POINT('',#7267);
#2207=VERTEX_POINT('',#7268);
#2208=VERTEX_POINT('',#7270);
#2209=VERTEX_POINT('',#7275);
#2210=VERTEX_POINT('',#7278);
#2211=VERTEX_POINT('',#7280);
#2212=VERTEX_POINT('',#7283);
#2213=VERTEX_POINT('',#7286);
#2214=VERTEX_POINT('',#7289);
#2215=VERTEX_POINT('',#7291);
#2216=VERTEX_POINT('',#7295);
#2217=VERTEX_POINT('',#7297);
#2218=VERTEX_POINT('',#7303);
#2219=VERTEX_POINT('',#7305);
#2220=VERTEX_POINT('',#7309);
#2221=VERTEX_POINT('',#7313);
#2222=VERTEX_POINT('',#7317);
#2223=VERTEX_POINT('',#7319);
#2224=VERTEX_POINT('',#7325);
#2225=VERTEX_POINT('',#7327);
#2226=VERTEX_POINT('',#7329);
#2227=VERTEX_POINT('',#7333);
#2228=VERTEX_POINT('',#7337);
#2229=VERTEX_POINT('',#7349);
#2230=EDGE_CURVE('',#1856,#1857,#1170,.T.);
#2231=EDGE_CURVE('',#1856,#1858,#1171,.T.);
#2232=EDGE_CURVE('',#1859,#1858,#1172,.T.);
#2233=EDGE_CURVE('',#1859,#1857,#1173,.T.);
#2234=EDGE_CURVE('',#1860,#1856,#1174,.T.);
#2235=EDGE_CURVE('',#1861,#1860,#1175,.T.);
#2236=EDGE_CURVE('',#1858,#1861,#1176,.T.);
#2237=EDGE_CURVE('',#1862,#1863,#1177,.T.);
#2238=EDGE_CURVE('',#1864,#1862,#1178,.T.);
#2239=EDGE_CURVE('',#1865,#1864,#1179,.T.);
#2240=EDGE_CURVE('',#1863,#1865,#1180,.T.);
#2241=EDGE_CURVE('',#1864,#1866,#1181,.T.);
#2242=EDGE_CURVE('',#1867,#1862,#1182,.T.);
#2243=EDGE_CURVE('',#1867,#1866,#1183,.T.);
#2244=EDGE_CURVE('',#1857,#1868,#1184,.T.);
#2245=EDGE_CURVE('',#1869,#1859,#1185,.T.);
#2246=EDGE_CURVE('',#1868,#1869,#1186,.T.);
#2247=EDGE_CURVE('',#1868,#1860,#1187,.T.);
#2248=EDGE_CURVE('',#1861,#1869,#1188,.T.);
#2249=EDGE_CURVE('',#1866,#1870,#1189,.T.);
#2250=EDGE_CURVE('',#1871,#1867,#1190,.T.);
#2251=EDGE_CURVE('',#1870,#1871,#1191,.T.);
#2252=EDGE_CURVE('',#1870,#1865,#1192,.T.);
#2253=EDGE_CURVE('',#1863,#1871,#1193,.T.);
#2254=EDGE_CURVE('',#1872,#1872,#309,.T.);
#2255=EDGE_CURVE('',#1873,#1873,#310,.T.);
#2256=EDGE_CURVE('',#1872,#1874,#1194,.T.);
#2257=EDGE_CURVE('',#1874,#1874,#311,.T.);
#2258=EDGE_CURVE('',#1875,#1875,#312,.T.);
#2259=EDGE_CURVE('',#1875,#1873,#1195,.T.);
#2260=EDGE_CURVE('',#1876,#1876,#313,.T.);
#2261=EDGE_CURVE('',#1877,#1877,#314,.T.);
#2262=EDGE_CURVE('',#1876,#1878,#1196,.T.);
#2263=EDGE_CURVE('',#1878,#1878,#315,.T.);
#2264=EDGE_CURVE('',#1879,#1879,#316,.T.);
#2265=EDGE_CURVE('',#1879,#1877,#1197,.T.);
#2266=EDGE_CURVE('',#1880,#1880,#317,.T.);
#2267=EDGE_CURVE('',#1881,#1881,#318,.T.);
#2268=EDGE_CURVE('',#1880,#1882,#1198,.T.);
#2269=EDGE_CURVE('',#1882,#1882,#319,.T.);
#2270=EDGE_CURVE('',#1883,#1883,#320,.T.);
#2271=EDGE_CURVE('',#1883,#1881,#1199,.T.);
#2272=EDGE_CURVE('',#1884,#1884,#321,.T.);
#2273=EDGE_CURVE('',#1885,#1885,#322,.T.);
#2274=EDGE_CURVE('',#1884,#1886,#1200,.T.);
#2275=EDGE_CURVE('',#1886,#1886,#323,.T.);
#2276=EDGE_CURVE('',#1887,#1887,#324,.T.);
#2277=EDGE_CURVE('',#1887,#1885,#1201,.T.);
#2278=EDGE_CURVE('',#1888,#1888,#325,.T.);
#2279=EDGE_CURVE('',#1889,#1889,#326,.T.);
#2280=EDGE_CURVE('',#1888,#1890,#1202,.T.);
#2281=EDGE_CURVE('',#1891,#1890,#327,.T.);
#2282=EDGE_CURVE('',#1890,#1891,#328,.T.);
#2283=EDGE_CURVE('',#1892,#1892,#329,.T.);
#2284=EDGE_CURVE('',#1892,#1889,#1203,.T.);
#2285=EDGE_CURVE('',#1893,#1893,#330,.T.);
#2286=EDGE_CURVE('',#1894,#1894,#331,.T.);
#2287=EDGE_CURVE('',#1893,#1895,#1204,.T.);
#2288=EDGE_CURVE('',#1896,#1895,#332,.T.);
#2289=EDGE_CURVE('',#1895,#1896,#333,.T.);
#2290=EDGE_CURVE('',#1897,#1897,#334,.T.);
#2291=EDGE_CURVE('',#1897,#1894,#1205,.T.);
#2292=EDGE_CURVE('',#1898,#1898,#335,.T.);
#2293=EDGE_CURVE('',#1899,#1899,#336,.T.);
#2294=EDGE_CURVE('',#1898,#1900,#1206,.T.);
#2295=EDGE_CURVE('',#1900,#1900,#337,.T.);
#2296=EDGE_CURVE('',#1901,#1901,#338,.T.);
#2297=EDGE_CURVE('',#1901,#1899,#1207,.T.);
#2298=EDGE_CURVE('',#1902,#1902,#339,.T.);
#2299=EDGE_CURVE('',#1903,#1903,#340,.T.);
#2300=EDGE_CURVE('',#1902,#1904,#1208,.T.);
#2301=EDGE_CURVE('',#1904,#1904,#341,.T.);
#2302=EDGE_CURVE('',#1905,#1905,#342,.T.);
#2303=EDGE_CURVE('',#1905,#1903,#1209,.T.);
#2304=EDGE_CURVE('',#1906,#1906,#343,.T.);
#2305=EDGE_CURVE('',#1907,#1891,#1210,.T.);
#2306=EDGE_CURVE('',#1891,#1896,#1211,.T.);
#2307=EDGE_CURVE('',#1896,#1908,#1212,.T.);
#2308=EDGE_CURVE('',#1908,#1909,#1213,.T.);
#2309=EDGE_CURVE('',#1909,#1910,#1214,.T.);
#2310=EDGE_CURVE('',#1910,#1911,#1215,.T.);
#2311=EDGE_CURVE('',#1911,#1912,#1216,.T.);
#2312=EDGE_CURVE('',#1912,#1907,#1217,.T.);
#2313=EDGE_CURVE('',#1913,#1907,#1218,.T.);
#2314=EDGE_CURVE('',#1913,#1914,#1219,.T.);
#2315=EDGE_CURVE('',#1914,#1891,#1220,.T.);
#2316=EDGE_CURVE('',#1896,#1915,#1221,.T.);
#2317=EDGE_CURVE('',#1915,#1916,#1222,.T.);
#2318=EDGE_CURVE('',#1908,#1916,#1223,.T.);
#2319=EDGE_CURVE('',#1914,#1915,#1224,.T.);
#2320=EDGE_CURVE('',#1917,#1918,#1225,.T.);
#2321=EDGE_CURVE('',#1911,#1917,#1226,.T.);
#2322=EDGE_CURVE('',#1918,#1910,#1227,.T.);
#2323=EDGE_CURVE('',#1919,#1913,#1228,.T.);
#2324=EDGE_CURVE('',#1917,#1919,#1229,.T.);
#2325=EDGE_CURVE('',#1920,#1918,#1230,.T.);
#2326=EDGE_CURVE('',#1916,#1920,#1231,.T.);
#2327=EDGE_CURVE('',#1909,#1920,#1232,.T.);
#2328=EDGE_CURVE('',#1919,#1912,#1233,.T.);
#2329=EDGE_CURVE('',#1906,#1921,#1234,.T.);
#2330=EDGE_CURVE('',#1921,#1921,#344,.T.);
#2331=EDGE_CURVE('',#1922,#1923,#1235,.T.);
#2332=EDGE_CURVE('',#1924,#1922,#1236,.T.);
#2333=EDGE_CURVE('',#1925,#1924,#1237,.T.);
#2334=EDGE_CURVE('',#1923,#1925,#1238,.T.);
#2335=EDGE_CURVE('',#1926,#1927,#1239,.T.);
#2336=EDGE_CURVE('',#1928,#1926,#1240,.T.);
#2337=EDGE_CURVE('',#1929,#1928,#1241,.T.);
#2338=EDGE_CURVE('',#1927,#1929,#1242,.T.);
#2339=EDGE_CURVE('',#1927,#1930,#1243,.T.);
#2340=EDGE_CURVE('',#1931,#1929,#1244,.T.);
#2341=EDGE_CURVE('',#1931,#1930,#1245,.T.);
#2342=EDGE_CURVE('',#1923,#1932,#1246,.T.);
#2343=EDGE_CURVE('',#1933,#1925,#1247,.T.);
#2344=EDGE_CURVE('',#1933,#1932,#1248,.T.);
#2345=EDGE_CURVE('',#1932,#1934,#1249,.T.);
#2346=EDGE_CURVE('',#1935,#1933,#1250,.T.);
#2347=EDGE_CURVE('',#1934,#1935,#1251,.T.);
#2348=EDGE_CURVE('',#1934,#1922,#1252,.T.);
#2349=EDGE_CURVE('',#1924,#1935,#1253,.T.);
#2350=EDGE_CURVE('',#1930,#1936,#1254,.T.);
#2351=EDGE_CURVE('',#1937,#1931,#1255,.T.);
#2352=EDGE_CURVE('',#1936,#1937,#1256,.T.);
#2353=EDGE_CURVE('',#1938,#1938,#345,.T.);
#2354=EDGE_CURVE('',#1939,#1939,#346,.T.);
#2355=EDGE_CURVE('',#1938,#1940,#1257,.T.);
#2356=EDGE_CURVE('',#1940,#1940,#347,.T.);
#2357=EDGE_CURVE('',#1941,#1941,#348,.T.);
#2358=EDGE_CURVE('',#1941,#1939,#1258,.T.);
#2359=EDGE_CURVE('',#1942,#1942,#349,.T.);
#2360=EDGE_CURVE('',#1943,#1943,#350,.T.);
#2361=EDGE_CURVE('',#1942,#1944,#1259,.T.);
#2362=EDGE_CURVE('',#1944,#1944,#351,.T.);
#2363=EDGE_CURVE('',#1945,#1945,#352,.T.);
#2364=EDGE_CURVE('',#1945,#1943,#1260,.T.);
#2365=EDGE_CURVE('',#1946,#1946,#353,.T.);
#2366=EDGE_CURVE('',#1947,#1947,#354,.T.);
#2367=EDGE_CURVE('',#1946,#1948,#1261,.T.);
#2368=EDGE_CURVE('',#1948,#1948,#355,.T.);
#2369=EDGE_CURVE('',#1949,#1949,#356,.T.);
#2370=EDGE_CURVE('',#1949,#1947,#1262,.T.);
#2371=EDGE_CURVE('',#1950,#1950,#357,.T.);
#2372=EDGE_CURVE('',#1951,#1951,#358,.T.);
#2373=EDGE_CURVE('',#1950,#1952,#1263,.T.);
#2374=EDGE_CURVE('',#1952,#1952,#359,.T.);
#2375=EDGE_CURVE('',#1953,#1953,#360,.T.);
#2376=EDGE_CURVE('',#1953,#1951,#1264,.T.);
#2377=EDGE_CURVE('',#1936,#1926,#1265,.T.);
#2378=EDGE_CURVE('',#1928,#1937,#1266,.T.);
#2379=EDGE_CURVE('',#1954,#1954,#361,.T.);
#2380=EDGE_CURVE('',#1955,#1955,#362,.T.);
#2381=EDGE_CURVE('',#1954,#1956,#1267,.T.);
#2382=EDGE_CURVE('',#1956,#1956,#363,.T.);
#2383=EDGE_CURVE('',#1957,#1957,#364,.T.);
#2384=EDGE_CURVE('',#1957,#1955,#1268,.T.);
#2385=EDGE_CURVE('',#1958,#1958,#365,.T.);
#2386=EDGE_CURVE('',#1959,#1959,#366,.T.);
#2387=EDGE_CURVE('',#1958,#1960,#1269,.T.);
#2388=EDGE_CURVE('',#1960,#1960,#367,.T.);
#2389=EDGE_CURVE('',#1961,#1961,#368,.T.);
#2390=EDGE_CURVE('',#1961,#1959,#1270,.T.);
#2391=EDGE_CURVE('',#1962,#1962,#369,.T.);
#2392=EDGE_CURVE('',#1963,#1963,#370,.T.);
#2393=EDGE_CURVE('',#1962,#1964,#1271,.T.);
#2394=EDGE_CURVE('',#1964,#1964,#371,.T.);
#2395=EDGE_CURVE('',#1965,#1965,#372,.T.);
#2396=EDGE_CURVE('',#1965,#1963,#1272,.T.);
#2397=EDGE_CURVE('',#1966,#1966,#373,.T.);
#2398=EDGE_CURVE('',#1967,#1967,#374,.T.);
#2399=EDGE_CURVE('',#1966,#1968,#1273,.T.);
#2400=EDGE_CURVE('',#1968,#1968,#375,.T.);
#2401=EDGE_CURVE('',#1969,#1969,#376,.T.);
#2402=EDGE_CURVE('',#1969,#1967,#1274,.T.);
#2403=EDGE_CURVE('',#1970,#1971,#1275,.T.);
#2404=EDGE_CURVE('',#1972,#1971,#377,.T.);
#2405=EDGE_CURVE('',#1972,#1973,#1276,.T.);
#2406=EDGE_CURVE('',#1970,#1973,#378,.T.);
#2407=EDGE_CURVE('',#1973,#1974,#1277,.T.);
#2408=EDGE_CURVE('',#1974,#1975,#379,.T.);
#2409=EDGE_CURVE('',#1970,#1975,#1278,.T.);
#2410=EDGE_CURVE('',#1976,#1975,#1279,.T.);
#2411=EDGE_CURVE('',#1974,#1977,#1280,.T.);
#2412=EDGE_CURVE('',#1976,#1977,#380,.T.);
#2413=EDGE_CURVE('',#1971,#1976,#1281,.T.);
#2414=EDGE_CURVE('',#1972,#1977,#1282,.T.);
#2415=EDGE_CURVE('',#1978,#1979,#1283,.T.);
#2416=EDGE_CURVE('',#1980,#1978,#1284,.T.);
#2417=EDGE_CURVE('',#1981,#1980,#1285,.T.);
#2418=EDGE_CURVE('',#1981,#1979,#1286,.T.);
#2419=EDGE_CURVE('',#1979,#1982,#1287,.T.);
#2420=EDGE_CURVE('',#1983,#1981,#1288,.T.);
#2421=EDGE_CURVE('',#1983,#1982,#1289,.T.);
#2422=EDGE_CURVE('',#1984,#1985,#1290,.T.);
#2423=EDGE_CURVE('',#1986,#1984,#1291,.T.);
#2424=EDGE_CURVE('',#1987,#1986,#1292,.T.);
#2425=EDGE_CURVE('',#1987,#1985,#1293,.T.);
#2426=EDGE_CURVE('',#1988,#1984,#1294,.T.);
#2427=EDGE_CURVE('',#1989,#1988,#1295,.T.);
#2428=EDGE_CURVE('',#1986,#1989,#1296,.T.);
#2429=EDGE_CURVE('',#1982,#1990,#1297,.T.);
#2430=EDGE_CURVE('',#1991,#1983,#1298,.T.);
#2431=EDGE_CURVE('',#1991,#1990,#1299,.T.);
#2432=EDGE_CURVE('',#1985,#1992,#1300,.T.);
#2433=EDGE_CURVE('',#1993,#1987,#1301,.T.);
#2434=EDGE_CURVE('',#1993,#1992,#1302,.T.);
#2435=EDGE_CURVE('',#1992,#1988,#1303,.T.);
#2436=EDGE_CURVE('',#1989,#1993,#1304,.T.);
#2437=EDGE_CURVE('',#1994,#1994,#381,.T.);
#2438=EDGE_CURVE('',#1995,#1995,#382,.T.);
#2439=EDGE_CURVE('',#1994,#1996,#1305,.T.);
#2440=EDGE_CURVE('',#1996,#1996,#383,.T.);
#2441=EDGE_CURVE('',#1997,#1997,#384,.T.);
#2442=EDGE_CURVE('',#1997,#1995,#1306,.T.);
#2443=EDGE_CURVE('',#1998,#1998,#385,.T.);
#2444=EDGE_CURVE('',#1999,#1999,#386,.T.);
#2445=EDGE_CURVE('',#1998,#2000,#1307,.T.);
#2446=EDGE_CURVE('',#2000,#2000,#387,.T.);
#2447=EDGE_CURVE('',#2001,#2001,#388,.T.);
#2448=EDGE_CURVE('',#2001,#1999,#1308,.T.);
#2449=EDGE_CURVE('',#2002,#2002,#389,.T.);
#2450=EDGE_CURVE('',#2003,#2003,#390,.T.);
#2451=EDGE_CURVE('',#2002,#2004,#1309,.T.);
#2452=EDGE_CURVE('',#2004,#2004,#391,.T.);
#2453=EDGE_CURVE('',#2005,#2005,#392,.T.);
#2454=EDGE_CURVE('',#2005,#2003,#1310,.T.);
#2455=EDGE_CURVE('',#2006,#2006,#393,.T.);
#2456=EDGE_CURVE('',#2007,#2007,#394,.T.);
#2457=EDGE_CURVE('',#2006,#2008,#1311,.T.);
#2458=EDGE_CURVE('',#2008,#2008,#395,.T.);
#2459=EDGE_CURVE('',#2009,#2009,#396,.T.);
#2460=EDGE_CURVE('',#2009,#2007,#1312,.T.);
#2461=EDGE_CURVE('',#1990,#1978,#1313,.T.);
#2462=EDGE_CURVE('',#1980,#1991,#1314,.T.);
#2463=EDGE_CURVE('',#2010,#2010,#397,.T.);
#2464=EDGE_CURVE('',#2011,#2011,#398,.T.);
#2465=EDGE_CURVE('',#2010,#2012,#1315,.T.);
#2466=EDGE_CURVE('',#2012,#2012,#399,.T.);
#2467=EDGE_CURVE('',#2013,#2013,#400,.T.);
#2468=EDGE_CURVE('',#2013,#2011,#1316,.T.);
#2469=EDGE_CURVE('',#2014,#2014,#401,.T.);
#2470=EDGE_CURVE('',#2015,#2015,#402,.T.);
#2471=EDGE_CURVE('',#2014,#2016,#1317,.T.);
#2472=EDGE_CURVE('',#2016,#2016,#403,.T.);
#2473=EDGE_CURVE('',#2017,#2017,#404,.T.);
#2474=EDGE_CURVE('',#2017,#2015,#1318,.T.);
#2475=EDGE_CURVE('',#2018,#2018,#405,.T.);
#2476=EDGE_CURVE('',#2019,#2019,#406,.T.);
#2477=EDGE_CURVE('',#2018,#2020,#1319,.T.);
#2478=EDGE_CURVE('',#2020,#2020,#407,.T.);
#2479=EDGE_CURVE('',#2021,#2021,#408,.T.);
#2480=EDGE_CURVE('',#2021,#2019,#1320,.T.);
#2481=EDGE_CURVE('',#2022,#2022,#409,.T.);
#2482=EDGE_CURVE('',#2023,#2023,#410,.T.);
#2483=EDGE_CURVE('',#2022,#2024,#1321,.T.);
#2484=EDGE_CURVE('',#2024,#2024,#411,.T.);
#2485=EDGE_CURVE('',#2025,#2025,#412,.T.);
#2486=EDGE_CURVE('',#2025,#2023,#1322,.T.);
#2487=EDGE_CURVE('',#2026,#2027,#1323,.T.);
#2488=EDGE_CURVE('',#2026,#2028,#1324,.T.);
#2489=EDGE_CURVE('',#2028,#2029,#1325,.T.);
#2490=EDGE_CURVE('',#2029,#2027,#1326,.T.);
#2491=EDGE_CURVE('',#2030,#2031,#1327,.T.);
#2492=EDGE_CURVE('',#2030,#2032,#1328,.T.);
#2493=EDGE_CURVE('',#2032,#2033,#1329,.T.);
#2494=EDGE_CURVE('',#2033,#2031,#1330,.T.);
#2495=EDGE_CURVE('',#2034,#2029,#1331,.T.);
#2496=EDGE_CURVE('',#2035,#2028,#1332,.T.);
#2497=EDGE_CURVE('',#2034,#2035,#1333,.T.);
#2498=EDGE_CURVE('',#2036,#2033,#1334,.T.);
#2499=EDGE_CURVE('',#2037,#2032,#1335,.T.);
#2500=EDGE_CURVE('',#2036,#2037,#1336,.T.);
#2501=EDGE_CURVE('',#2031,#2038,#1337,.T.);
#2502=EDGE_CURVE('',#2038,#2039,#413,.T.);
#2503=EDGE_CURVE('',#2030,#2039,#1338,.T.);
#2504=EDGE_CURVE('',#2026,#2040,#1339,.T.);
#2505=EDGE_CURVE('',#2038,#2040,#1340,.T.);
#2506=EDGE_CURVE('',#2035,#2036,#1341,.T.);
#2507=EDGE_CURVE('',#2041,#2039,#1342,.T.);
#2508=EDGE_CURVE('',#2041,#2040,#414,.T.);
#2509=EDGE_CURVE('',#2027,#2041,#1343,.T.);
#2510=EDGE_CURVE('',#2037,#2034,#1344,.T.);
#2511=EDGE_CURVE('',#2042,#2043,#1345,.T.);
#2512=EDGE_CURVE('',#2044,#2042,#1346,.T.);
#2513=EDGE_CURVE('',#2045,#2044,#1347,.T.);
#2514=EDGE_CURVE('',#2043,#2045,#1348,.T.);
#2515=EDGE_CURVE('',#2046,#2047,#1349,.T.);
#2516=EDGE_CURVE('',#2048,#2046,#1350,.T.);
#2517=EDGE_CURVE('',#2049,#2048,#1351,.T.);
#2518=EDGE_CURVE('',#2047,#2049,#1352,.T.);
#2519=EDGE_CURVE('',#2047,#2050,#1353,.T.);
#2520=EDGE_CURVE('',#2051,#2049,#1354,.T.);
#2521=EDGE_CURVE('',#2051,#2050,#1355,.T.);
#2522=EDGE_CURVE('',#2043,#2052,#1356,.T.);
#2523=EDGE_CURVE('',#2053,#2045,#1357,.T.);
#2524=EDGE_CURVE('',#2053,#2052,#1358,.T.);
#2525=EDGE_CURVE('',#2052,#2054,#1359,.T.);
#2526=EDGE_CURVE('',#2055,#2053,#1360,.T.);
#2527=EDGE_CURVE('',#2054,#2055,#1361,.T.);
#2528=EDGE_CURVE('',#2054,#2042,#1362,.T.);
#2529=EDGE_CURVE('',#2044,#2055,#1363,.T.);
#2530=EDGE_CURVE('',#2050,#2056,#1364,.T.);
#2531=EDGE_CURVE('',#2057,#2051,#1365,.T.);
#2532=EDGE_CURVE('',#2056,#2057,#1366,.T.);
#2533=EDGE_CURVE('',#2058,#2058,#415,.T.);
#2534=EDGE_CURVE('',#2059,#2059,#416,.T.);
#2535=EDGE_CURVE('',#2058,#2060,#1367,.T.);
#2536=EDGE_CURVE('',#2060,#2060,#417,.T.);
#2537=EDGE_CURVE('',#2061,#2061,#418,.T.);
#2538=EDGE_CURVE('',#2061,#2059,#1368,.T.);
#2539=EDGE_CURVE('',#2062,#2062,#419,.T.);
#2540=EDGE_CURVE('',#2063,#2063,#420,.T.);
#2541=EDGE_CURVE('',#2062,#2064,#1369,.T.);
#2542=EDGE_CURVE('',#2064,#2064,#421,.T.);
#2543=EDGE_CURVE('',#2065,#2065,#422,.T.);
#2544=EDGE_CURVE('',#2065,#2063,#1370,.T.);
#2545=EDGE_CURVE('',#2066,#2066,#423,.T.);
#2546=EDGE_CURVE('',#2067,#2067,#424,.T.);
#2547=EDGE_CURVE('',#2066,#2068,#1371,.T.);
#2548=EDGE_CURVE('',#2068,#2068,#425,.T.);
#2549=EDGE_CURVE('',#2069,#2069,#426,.T.);
#2550=EDGE_CURVE('',#2069,#2067,#1372,.T.);
#2551=EDGE_CURVE('',#2070,#2070,#427,.T.);
#2552=EDGE_CURVE('',#2071,#2071,#428,.T.);
#2553=EDGE_CURVE('',#2070,#2072,#1373,.T.);
#2554=EDGE_CURVE('',#2072,#2072,#429,.T.);
#2555=EDGE_CURVE('',#2073,#2073,#430,.T.);
#2556=EDGE_CURVE('',#2073,#2071,#1374,.T.);
#2557=EDGE_CURVE('',#2056,#2046,#1375,.T.);
#2558=EDGE_CURVE('',#2048,#2057,#1376,.T.);
#2559=EDGE_CURVE('',#2074,#2074,#431,.T.);
#2560=EDGE_CURVE('',#2075,#2075,#432,.T.);
#2561=EDGE_CURVE('',#2074,#2076,#1377,.T.);
#2562=EDGE_CURVE('',#2076,#2076,#433,.T.);
#2563=EDGE_CURVE('',#2077,#2077,#434,.T.);
#2564=EDGE_CURVE('',#2077,#2075,#1378,.T.);
#2565=EDGE_CURVE('',#2078,#2078,#435,.T.);
#2566=EDGE_CURVE('',#2079,#2079,#436,.T.);
#2567=EDGE_CURVE('',#2078,#2080,#1379,.T.);
#2568=EDGE_CURVE('',#2080,#2080,#437,.T.);
#2569=EDGE_CURVE('',#2081,#2081,#438,.T.);
#2570=EDGE_CURVE('',#2081,#2079,#1380,.T.);
#2571=EDGE_CURVE('',#2082,#2082,#439,.T.);
#2572=EDGE_CURVE('',#2083,#2083,#440,.T.);
#2573=EDGE_CURVE('',#2082,#2084,#1381,.T.);
#2574=EDGE_CURVE('',#2084,#2084,#441,.T.);
#2575=EDGE_CURVE('',#2085,#2085,#442,.T.);
#2576=EDGE_CURVE('',#2085,#2083,#1382,.T.);
#2577=EDGE_CURVE('',#2086,#2086,#443,.T.);
#2578=EDGE_CURVE('',#2087,#2087,#444,.T.);
#2579=EDGE_CURVE('',#2086,#2088,#1383,.T.);
#2580=EDGE_CURVE('',#2088,#2088,#445,.T.);
#2581=EDGE_CURVE('',#2089,#2089,#446,.T.);
#2582=EDGE_CURVE('',#2089,#2087,#1384,.T.);
#2583=EDGE_CURVE('',#2090,#2091,#1385,.T.);
#2584=EDGE_CURVE('',#2092,#2090,#1386,.T.);
#2585=EDGE_CURVE('',#2092,#2093,#447,.T.);
#2586=EDGE_CURVE('',#2093,#2091,#1387,.T.);
#2587=EDGE_CURVE('',#2094,#2093,#1388,.T.);
#2588=EDGE_CURVE('',#2092,#2095,#1389,.T.);
#2589=EDGE_CURVE('',#2094,#2095,#448,.T.);
#2590=EDGE_CURVE('',#2096,#2097,#1390,.T.);
#2591=EDGE_CURVE('',#2098,#2096,#1391,.T.);
#2592=EDGE_CURVE('',#2091,#2098,#1392,.T.);
#2593=EDGE_CURVE('',#2094,#2097,#1393,.T.);
#2594=EDGE_CURVE('',#2099,#2096,#449,.T.);
#2595=EDGE_CURVE('',#2100,#2099,#1394,.T.);
#2596=EDGE_CURVE('',#2098,#2100,#450,.T.);
#2597=EDGE_CURVE('',#2100,#2090,#1395,.T.);
#2598=EDGE_CURVE('',#2101,#2099,#1396,.T.);
#2599=EDGE_CURVE('',#2097,#2101,#1397,.T.);
#2600=EDGE_CURVE('',#2095,#2101,#1398,.T.);
#2601=EDGE_CURVE('',#2102,#2103,#1399,.T.);
#2602=EDGE_CURVE('',#2104,#2102,#1400,.T.);
#2603=EDGE_CURVE('',#2105,#2104,#1401,.T.);
#2604=EDGE_CURVE('',#2105,#2103,#1402,.T.);
#2605=EDGE_CURVE('',#2103,#2106,#1403,.T.);
#2606=EDGE_CURVE('',#2107,#2105,#1404,.T.);
#2607=EDGE_CURVE('',#2107,#2106,#1405,.T.);
#2608=EDGE_CURVE('',#2108,#2109,#1406,.T.);
#2609=EDGE_CURVE('',#2110,#2108,#1407,.T.);
#2610=EDGE_CURVE('',#2111,#2110,#1408,.T.);
#2611=EDGE_CURVE('',#2111,#2109,#1409,.T.);
#2612=EDGE_CURVE('',#2112,#2108,#1410,.T.);
#2613=EDGE_CURVE('',#2113,#2112,#1411,.T.);
#2614=EDGE_CURVE('',#2110,#2113,#1412,.T.);
#2615=EDGE_CURVE('',#2106,#2114,#1413,.T.);
#2616=EDGE_CURVE('',#2115,#2107,#1414,.T.);
#2617=EDGE_CURVE('',#2115,#2114,#1415,.T.);
#2618=EDGE_CURVE('',#2109,#2116,#1416,.T.);
#2619=EDGE_CURVE('',#2117,#2111,#1417,.T.);
#2620=EDGE_CURVE('',#2117,#2116,#1418,.T.);
#2621=EDGE_CURVE('',#2116,#2112,#1419,.T.);
#2622=EDGE_CURVE('',#2113,#2117,#1420,.T.);
#2623=EDGE_CURVE('',#2118,#2118,#451,.T.);
#2624=EDGE_CURVE('',#2119,#2119,#452,.T.);
#2625=EDGE_CURVE('',#2118,#2120,#1421,.T.);
#2626=EDGE_CURVE('',#2120,#2120,#453,.T.);
#2627=EDGE_CURVE('',#2121,#2121,#454,.T.);
#2628=EDGE_CURVE('',#2121,#2119,#1422,.T.);
#2629=EDGE_CURVE('',#2122,#2122,#455,.T.);
#2630=EDGE_CURVE('',#2123,#2123,#456,.T.);
#2631=EDGE_CURVE('',#2122,#2124,#1423,.T.);
#2632=EDGE_CURVE('',#2124,#2124,#457,.T.);
#2633=EDGE_CURVE('',#2125,#2125,#458,.T.);
#2634=EDGE_CURVE('',#2125,#2123,#1424,.T.);
#2635=EDGE_CURVE('',#2126,#2126,#459,.T.);
#2636=EDGE_CURVE('',#2127,#2127,#460,.T.);
#2637=EDGE_CURVE('',#2126,#2128,#1425,.T.);
#2638=EDGE_CURVE('',#2128,#2128,#461,.T.);
#2639=EDGE_CURVE('',#2129,#2129,#462,.T.);
#2640=EDGE_CURVE('',#2129,#2127,#1426,.T.);
#2641=EDGE_CURVE('',#2130,#2130,#463,.T.);
#2642=EDGE_CURVE('',#2131,#2131,#464,.T.);
#2643=EDGE_CURVE('',#2130,#2132,#1427,.T.);
#2644=EDGE_CURVE('',#2132,#2132,#465,.T.);
#2645=EDGE_CURVE('',#2133,#2133,#466,.T.);
#2646=EDGE_CURVE('',#2133,#2131,#1428,.T.);
#2647=EDGE_CURVE('',#2114,#2102,#1429,.T.);
#2648=EDGE_CURVE('',#2104,#2115,#1430,.T.);
#2649=EDGE_CURVE('',#2134,#2134,#467,.T.);
#2650=EDGE_CURVE('',#2135,#2135,#468,.T.);
#2651=EDGE_CURVE('',#2134,#2136,#1431,.T.);
#2652=EDGE_CURVE('',#2136,#2136,#469,.T.);
#2653=EDGE_CURVE('',#2137,#2137,#470,.T.);
#2654=EDGE_CURVE('',#2137,#2135,#1432,.T.);
#2655=EDGE_CURVE('',#2138,#2138,#471,.T.);
#2656=EDGE_CURVE('',#2139,#2139,#472,.T.);
#2657=EDGE_CURVE('',#2138,#2140,#1433,.T.);
#2658=EDGE_CURVE('',#2140,#2140,#473,.T.);
#2659=EDGE_CURVE('',#2141,#2141,#474,.T.);
#2660=EDGE_CURVE('',#2141,#2139,#1434,.T.);
#2661=EDGE_CURVE('',#2142,#2142,#475,.T.);
#2662=EDGE_CURVE('',#2143,#2143,#476,.T.);
#2663=EDGE_CURVE('',#2142,#2144,#1435,.T.);
#2664=EDGE_CURVE('',#2144,#2144,#477,.T.);
#2665=EDGE_CURVE('',#2145,#2145,#478,.T.);
#2666=EDGE_CURVE('',#2145,#2143,#1436,.T.);
#2667=EDGE_CURVE('',#2146,#2146,#479,.T.);
#2668=EDGE_CURVE('',#2147,#2147,#480,.T.);
#2669=EDGE_CURVE('',#2146,#2148,#1437,.T.);
#2670=EDGE_CURVE('',#2148,#2148,#481,.T.);
#2671=EDGE_CURVE('',#2149,#2149,#482,.T.);
#2672=EDGE_CURVE('',#2149,#2147,#1438,.T.);
#2673=EDGE_CURVE('',#2150,#2151,#1439,.T.);
#2674=EDGE_CURVE('',#2150,#2152,#1440,.T.);
#2675=EDGE_CURVE('',#2152,#2153,#1441,.T.);
#2676=EDGE_CURVE('',#2153,#2151,#1442,.T.);
#2677=EDGE_CURVE('',#2154,#2153,#1443,.T.);
#2678=EDGE_CURVE('',#2155,#2152,#1444,.T.);
#2679=EDGE_CURVE('',#2154,#2155,#1445,.T.);
#2680=EDGE_CURVE('',#2156,#2157,#1446,.T.);
#2681=EDGE_CURVE('',#2157,#2158,#483,.T.);
#2682=EDGE_CURVE('',#2159,#2158,#1447,.T.);
#2683=EDGE_CURVE('',#2156,#2159,#1448,.T.);
#2684=EDGE_CURVE('',#2150,#2160,#1449,.T.);
#2685=EDGE_CURVE('',#2157,#2160,#1450,.T.);
#2686=EDGE_CURVE('',#2155,#2156,#1451,.T.);
#2687=EDGE_CURVE('',#2161,#2158,#1452,.T.);
#2688=EDGE_CURVE('',#2161,#2160,#484,.T.);
#2689=EDGE_CURVE('',#2151,#2161,#1453,.T.);
#2690=EDGE_CURVE('',#2159,#2154,#1454,.T.);
#2691=EDGE_CURVE('',#2162,#2162,#485,.T.);
#2692=EDGE_CURVE('',#2162,#2163,#1455,.T.);
#2693=EDGE_CURVE('',#2163,#2163,#486,.T.);
#2694=EDGE_CURVE('',#2164,#2164,#487,.T.);
#2695=EDGE_CURVE('',#2165,#2165,#488,.T.);
#2696=EDGE_CURVE('',#2165,#2164,#1456,.T.);
#2697=EDGE_CURVE('',#2166,#2166,#489,.T.);
#2698=EDGE_CURVE('',#2166,#2167,#1457,.T.);
#2699=EDGE_CURVE('',#2167,#2167,#490,.T.);
#2700=EDGE_CURVE('',#2168,#2168,#491,.T.);
#2701=EDGE_CURVE('',#2169,#2169,#492,.T.);
#2702=EDGE_CURVE('',#2169,#2168,#1458,.T.);
#2703=EDGE_CURVE('',#2170,#2170,#493,.T.);
#2704=EDGE_CURVE('',#2170,#2171,#1459,.T.);
#2705=EDGE_CURVE('',#2171,#2171,#494,.T.);
#2706=EDGE_CURVE('',#2172,#2172,#495,.T.);
#2707=EDGE_CURVE('',#2173,#2173,#496,.T.);
#2708=EDGE_CURVE('',#2173,#2172,#1460,.T.);
#2709=EDGE_CURVE('',#2174,#2174,#497,.T.);
#2710=EDGE_CURVE('',#2174,#2175,#1461,.T.);
#2711=EDGE_CURVE('',#2175,#2175,#498,.T.);
#2712=EDGE_CURVE('',#2176,#2176,#499,.T.);
#2713=EDGE_CURVE('',#2177,#2177,#500,.T.);
#2714=EDGE_CURVE('',#2177,#2176,#1462,.T.);
#2715=EDGE_CURVE('',#2178,#2179,#501,.T.);
#2716=EDGE_CURVE('',#2180,#2178,#1463,.T.);
#2717=EDGE_CURVE('',#2180,#2181,#502,.T.);
#2718=EDGE_CURVE('',#2179,#2181,#1464,.T.);
#2719=EDGE_CURVE('',#2182,#2180,#1465,.T.);
#2720=EDGE_CURVE('',#2183,#2182,#503,.T.);
#2721=EDGE_CURVE('',#2181,#2183,#1466,.T.);
#2722=EDGE_CURVE('',#2184,#2185,#1467,.T.);
#2723=EDGE_CURVE('',#2186,#2184,#504,.T.);
#2724=EDGE_CURVE('',#2187,#2186,#1468,.T.);
#2725=EDGE_CURVE('',#2185,#2187,#505,.T.);
#2726=EDGE_CURVE('',#2188,#2189,#506,.T.);
#2727=EDGE_CURVE('',#2186,#2188,#1469,.T.);
#2728=EDGE_CURVE('',#2189,#2184,#1470,.T.);
#2729=EDGE_CURVE('',#2190,#2191,#507,.T.);
#2730=EDGE_CURVE('',#2192,#2190,#1471,.T.);
#2731=EDGE_CURVE('',#2192,#2193,#508,.T.);
#2732=EDGE_CURVE('',#2191,#2193,#1472,.T.);
#2733=EDGE_CURVE('',#2194,#2192,#1473,.T.);
#2734=EDGE_CURVE('',#2195,#2194,#509,.T.);
#2735=EDGE_CURVE('',#2193,#2195,#1474,.T.);
#2736=EDGE_CURVE('',#2196,#2197,#1475,.T.);
#2737=EDGE_CURVE('',#2198,#2196,#510,.T.);
#2738=EDGE_CURVE('',#2199,#2198,#1476,.T.);
#2739=EDGE_CURVE('',#2197,#2199,#511,.T.);
#2740=EDGE_CURVE('',#2200,#2201,#512,.T.);
#2741=EDGE_CURVE('',#2198,#2200,#1477,.T.);
#2742=EDGE_CURVE('',#2202,#2196,#1478,.T.);
#2743=EDGE_CURVE('',#2201,#2202,#513,.T.);
#2744=EDGE_CURVE('',#2203,#2204,#1479,.T.);
#2745=EDGE_CURVE('',#2205,#2204,#1480,.T.);
#2746=EDGE_CURVE('',#2205,#2179,#1481,.T.);
#2747=EDGE_CURVE('',#2183,#2203,#1482,.T.);
#2748=EDGE_CURVE('',#2206,#2207,#1483,.T.);
#2749=EDGE_CURVE('',#2208,#2207,#1484,.T.);
#2750=EDGE_CURVE('',#2208,#2191,#1485,.T.);
#2751=EDGE_CURVE('',#2195,#2206,#1486,.T.);
#2752=EDGE_CURVE('',#2209,#2209,#514,.T.);
#2753=EDGE_CURVE('',#2209,#2201,#1487,.T.);
#2754=EDGE_CURVE('',#2210,#2202,#1488,.T.);
#2755=EDGE_CURVE('',#2211,#2210,#515,.T.);
#2756=EDGE_CURVE('',#2178,#2211,#1489,.T.);
#2757=EDGE_CURVE('',#2212,#2205,#516,.T.);
#2758=EDGE_CURVE('',#2190,#2212,#1490,.T.);
#2759=EDGE_CURVE('',#2213,#2208,#517,.T.);
#2760=EDGE_CURVE('',#2188,#2213,#1491,.T.);
#2761=EDGE_CURVE('',#2214,#2189,#1492,.T.);
#2762=EDGE_CURVE('',#2215,#2214,#518,.T.);
#2763=EDGE_CURVE('',#2200,#2215,#1493,.T.);
#2764=EDGE_CURVE('',#2216,#2211,#1494,.T.);
#2765=EDGE_CURVE('',#2216,#2217,#1495,.T.);
#2766=EDGE_CURVE('',#2217,#2182,#1496,.T.);
#2767=EDGE_CURVE('',#2217,#2203,#519,.T.);
#2768=EDGE_CURVE('',#2185,#2218,#1497,.T.);
#2769=EDGE_CURVE('',#2219,#2187,#1498,.T.);
#2770=EDGE_CURVE('',#2219,#2218,#520,.T.);
#2771=EDGE_CURVE('',#2220,#2213,#1499,.T.);
#2772=EDGE_CURVE('',#2220,#2219,#1500,.T.);
#2773=EDGE_CURVE('',#2218,#2221,#1501,.T.);
#2774=EDGE_CURVE('',#2214,#2221,#1502,.T.);
#2775=EDGE_CURVE('',#2222,#2212,#1503,.T.);
#2776=EDGE_CURVE('',#2222,#2223,#1504,.T.);
#2777=EDGE_CURVE('',#2223,#2194,#1505,.T.);
#2778=EDGE_CURVE('',#2223,#2206,#521,.T.);
#2779=EDGE_CURVE('',#2197,#2224,#1506,.T.);
#2780=EDGE_CURVE('',#2225,#2199,#1507,.T.);
#2781=EDGE_CURVE('',#2225,#2226,#522,.T.);
#2782=EDGE_CURVE('',#2226,#2224,#523,.T.);
#2783=EDGE_CURVE('',#2227,#2215,#1508,.T.);
#2784=EDGE_CURVE('',#2227,#2225,#1509,.T.);
#2785=EDGE_CURVE('',#2224,#2228,#1510,.T.);
#2786=EDGE_CURVE('',#2210,#2228,#1511,.T.);
#2787=EDGE_CURVE('',#2207,#2220,#524,.T.);
#2788=EDGE_CURVE('',#2221,#2227,#525,.T.);
#2789=EDGE_CURVE('',#2204,#2222,#526,.T.);
#2790=EDGE_CURVE('',#2228,#2216,#527,.T.);
#2791=EDGE_CURVE('',#2226,#2229,#1512,.T.);
#2792=EDGE_CURVE('',#2229,#2229,#528,.T.);
#2793=ORIENTED_EDGE('',*,*,#2230,.F.);
#2794=ORIENTED_EDGE('',*,*,#2231,.T.);
#2795=ORIENTED_EDGE('',*,*,#2232,.F.);
#2796=ORIENTED_EDGE('',*,*,#2233,.T.);
#2797=ORIENTED_EDGE('',*,*,#2234,.F.);
#2798=ORIENTED_EDGE('',*,*,#2235,.F.);
#2799=ORIENTED_EDGE('',*,*,#2236,.F.);
#2800=ORIENTED_EDGE('',*,*,#2231,.F.);
#2801=ORIENTED_EDGE('',*,*,#2237,.F.);
#2802=ORIENTED_EDGE('',*,*,#2238,.F.);
#2803=ORIENTED_EDGE('',*,*,#2239,.F.);
#2804=ORIENTED_EDGE('',*,*,#2240,.F.);
#2805=ORIENTED_EDGE('',*,*,#2241,.F.);
#2806=ORIENTED_EDGE('',*,*,#2238,.T.);
#2807=ORIENTED_EDGE('',*,*,#2242,.F.);
#2808=ORIENTED_EDGE('',*,*,#2243,.T.);
#2809=ORIENTED_EDGE('',*,*,#2244,.F.);
#2810=ORIENTED_EDGE('',*,*,#2233,.F.);
#2811=ORIENTED_EDGE('',*,*,#2245,.F.);
#2812=ORIENTED_EDGE('',*,*,#2246,.F.);
#2813=ORIENTED_EDGE('',*,*,#2247,.F.);
#2814=ORIENTED_EDGE('',*,*,#2246,.T.);
#2815=ORIENTED_EDGE('',*,*,#2248,.F.);
#2816=ORIENTED_EDGE('',*,*,#2235,.T.);
#2817=ORIENTED_EDGE('',*,*,#2249,.F.);
#2818=ORIENTED_EDGE('',*,*,#2243,.F.);
#2819=ORIENTED_EDGE('',*,*,#2250,.F.);
#2820=ORIENTED_EDGE('',*,*,#2251,.F.);
#2821=ORIENTED_EDGE('',*,*,#2252,.F.);
#2822=ORIENTED_EDGE('',*,*,#2251,.T.);
#2823=ORIENTED_EDGE('',*,*,#2253,.F.);
#2824=ORIENTED_EDGE('',*,*,#2240,.T.);
#2825=ORIENTED_EDGE('',*,*,#2254,.F.);
#2826=ORIENTED_EDGE('',*,*,#2255,.T.);
#2827=ORIENTED_EDGE('',*,*,#2254,.T.);
#2828=ORIENTED_EDGE('',*,*,#2256,.T.);
#2829=ORIENTED_EDGE('',*,*,#2257,.F.);
#2830=ORIENTED_EDGE('',*,*,#2256,.F.);
#2831=ORIENTED_EDGE('',*,*,#2258,.F.);
#2832=ORIENTED_EDGE('',*,*,#2259,.T.);
#2833=ORIENTED_EDGE('',*,*,#2255,.F.);
#2834=ORIENTED_EDGE('',*,*,#2259,.F.);
#2835=ORIENTED_EDGE('',*,*,#2260,.F.);
#2836=ORIENTED_EDGE('',*,*,#2261,.T.);
#2837=ORIENTED_EDGE('',*,*,#2260,.T.);
#2838=ORIENTED_EDGE('',*,*,#2262,.T.);
#2839=ORIENTED_EDGE('',*,*,#2263,.F.);
#2840=ORIENTED_EDGE('',*,*,#2262,.F.);
#2841=ORIENTED_EDGE('',*,*,#2264,.F.);
#2842=ORIENTED_EDGE('',*,*,#2265,.T.);
#2843=ORIENTED_EDGE('',*,*,#2261,.F.);
#2844=ORIENTED_EDGE('',*,*,#2265,.F.);
#2845=ORIENTED_EDGE('',*,*,#2266,.F.);
#2846=ORIENTED_EDGE('',*,*,#2267,.T.);
#2847=ORIENTED_EDGE('',*,*,#2266,.T.);
#2848=ORIENTED_EDGE('',*,*,#2268,.T.);
#2849=ORIENTED_EDGE('',*,*,#2269,.F.);
#2850=ORIENTED_EDGE('',*,*,#2268,.F.);
#2851=ORIENTED_EDGE('',*,*,#2270,.F.);
#2852=ORIENTED_EDGE('',*,*,#2271,.T.);
#2853=ORIENTED_EDGE('',*,*,#2267,.F.);
#2854=ORIENTED_EDGE('',*,*,#2271,.F.);
#2855=ORIENTED_EDGE('',*,*,#2272,.F.);
#2856=ORIENTED_EDGE('',*,*,#2273,.T.);
#2857=ORIENTED_EDGE('',*,*,#2272,.T.);
#2858=ORIENTED_EDGE('',*,*,#2274,.T.);
#2859=ORIENTED_EDGE('',*,*,#2275,.F.);
#2860=ORIENTED_EDGE('',*,*,#2274,.F.);
#2861=ORIENTED_EDGE('',*,*,#2276,.F.);
#2862=ORIENTED_EDGE('',*,*,#2277,.T.);
#2863=ORIENTED_EDGE('',*,*,#2273,.F.);
#2864=ORIENTED_EDGE('',*,*,#2277,.F.);
#2865=ORIENTED_EDGE('',*,*,#2278,.F.);
#2866=ORIENTED_EDGE('',*,*,#2279,.T.);
#2867=ORIENTED_EDGE('',*,*,#2278,.T.);
#2868=ORIENTED_EDGE('',*,*,#2280,.T.);
#2869=ORIENTED_EDGE('',*,*,#2281,.F.);
#2870=ORIENTED_EDGE('',*,*,#2282,.F.);
#2871=ORIENTED_EDGE('',*,*,#2280,.F.);
#2872=ORIENTED_EDGE('',*,*,#2283,.F.);
#2873=ORIENTED_EDGE('',*,*,#2284,.T.);
#2874=ORIENTED_EDGE('',*,*,#2279,.F.);
#2875=ORIENTED_EDGE('',*,*,#2284,.F.);
#2876=ORIENTED_EDGE('',*,*,#2285,.F.);
#2877=ORIENTED_EDGE('',*,*,#2286,.T.);
#2878=ORIENTED_EDGE('',*,*,#2285,.T.);
#2879=ORIENTED_EDGE('',*,*,#2287,.T.);
#2880=ORIENTED_EDGE('',*,*,#2288,.F.);
#2881=ORIENTED_EDGE('',*,*,#2289,.F.);
#2882=ORIENTED_EDGE('',*,*,#2287,.F.);
#2883=ORIENTED_EDGE('',*,*,#2290,.F.);
#2884=ORIENTED_EDGE('',*,*,#2291,.T.);
#2885=ORIENTED_EDGE('',*,*,#2286,.F.);
#2886=ORIENTED_EDGE('',*,*,#2291,.F.);
#2887=ORIENTED_EDGE('',*,*,#2292,.F.);
#2888=ORIENTED_EDGE('',*,*,#2293,.T.);
#2889=ORIENTED_EDGE('',*,*,#2292,.T.);
#2890=ORIENTED_EDGE('',*,*,#2294,.T.);
#2891=ORIENTED_EDGE('',*,*,#2295,.F.);
#2892=ORIENTED_EDGE('',*,*,#2294,.F.);
#2893=ORIENTED_EDGE('',*,*,#2296,.F.);
#2894=ORIENTED_EDGE('',*,*,#2297,.T.);
#2895=ORIENTED_EDGE('',*,*,#2293,.F.);
#2896=ORIENTED_EDGE('',*,*,#2297,.F.);
#2897=ORIENTED_EDGE('',*,*,#2298,.F.);
#2898=ORIENTED_EDGE('',*,*,#2299,.T.);
#2899=ORIENTED_EDGE('',*,*,#2298,.T.);
#2900=ORIENTED_EDGE('',*,*,#2300,.T.);
#2901=ORIENTED_EDGE('',*,*,#2301,.T.);
#2902=ORIENTED_EDGE('',*,*,#2300,.F.);
#2903=ORIENTED_EDGE('',*,*,#2301,.F.);
#2904=ORIENTED_EDGE('',*,*,#2302,.F.);
#2905=ORIENTED_EDGE('',*,*,#2303,.T.);
#2906=ORIENTED_EDGE('',*,*,#2299,.F.);
#2907=ORIENTED_EDGE('',*,*,#2303,.F.);
#2908=ORIENTED_EDGE('',*,*,#2304,.T.);
#2909=ORIENTED_EDGE('',*,*,#2305,.T.);
#2910=ORIENTED_EDGE('',*,*,#2281,.T.);
#2911=ORIENTED_EDGE('',*,*,#2282,.T.);
#2912=ORIENTED_EDGE('',*,*,#2306,.T.);
#2913=ORIENTED_EDGE('',*,*,#2288,.T.);
#2914=ORIENTED_EDGE('',*,*,#2289,.T.);
#2915=ORIENTED_EDGE('',*,*,#2307,.T.);
#2916=ORIENTED_EDGE('',*,*,#2308,.T.);
#2917=ORIENTED_EDGE('',*,*,#2309,.T.);
#2918=ORIENTED_EDGE('',*,*,#2310,.T.);
#2919=ORIENTED_EDGE('',*,*,#2311,.T.);
#2920=ORIENTED_EDGE('',*,*,#2312,.T.);
#2921=ORIENTED_EDGE('',*,*,#2295,.T.);
#2922=ORIENTED_EDGE('',*,*,#2305,.F.);
#2923=ORIENTED_EDGE('',*,*,#2313,.F.);
#2924=ORIENTED_EDGE('',*,*,#2314,.T.);
#2925=ORIENTED_EDGE('',*,*,#2315,.T.);
#2926=ORIENTED_EDGE('',*,*,#2307,.F.);
#2927=ORIENTED_EDGE('',*,*,#2316,.T.);
#2928=ORIENTED_EDGE('',*,*,#2317,.T.);
#2929=ORIENTED_EDGE('',*,*,#2318,.F.);
#2930=ORIENTED_EDGE('',*,*,#2306,.F.);
#2931=ORIENTED_EDGE('',*,*,#2315,.F.);
#2932=ORIENTED_EDGE('',*,*,#2319,.T.);
#2933=ORIENTED_EDGE('',*,*,#2316,.F.);
#2934=ORIENTED_EDGE('',*,*,#2320,.F.);
#2935=ORIENTED_EDGE('',*,*,#2321,.F.);
#2936=ORIENTED_EDGE('',*,*,#2310,.F.);
#2937=ORIENTED_EDGE('',*,*,#2322,.F.);
#2938=ORIENTED_EDGE('',*,*,#2237,.T.);
#2939=ORIENTED_EDGE('',*,*,#2253,.T.);
#2940=ORIENTED_EDGE('',*,*,#2250,.T.);
#2941=ORIENTED_EDGE('',*,*,#2242,.T.);
#2942=ORIENTED_EDGE('',*,*,#2258,.T.);
#2943=ORIENTED_EDGE('',*,*,#2264,.T.);
#2944=ORIENTED_EDGE('',*,*,#2270,.T.);
#2945=ORIENTED_EDGE('',*,*,#2276,.T.);
#2946=ORIENTED_EDGE('',*,*,#2248,.T.);
#2947=ORIENTED_EDGE('',*,*,#2245,.T.);
#2948=ORIENTED_EDGE('',*,*,#2232,.T.);
#2949=ORIENTED_EDGE('',*,*,#2236,.T.);
#2950=ORIENTED_EDGE('',*,*,#2323,.F.);
#2951=ORIENTED_EDGE('',*,*,#2324,.F.);
#2952=ORIENTED_EDGE('',*,*,#2320,.T.);
#2953=ORIENTED_EDGE('',*,*,#2325,.F.);
#2954=ORIENTED_EDGE('',*,*,#2326,.F.);
#2955=ORIENTED_EDGE('',*,*,#2317,.F.);
#2956=ORIENTED_EDGE('',*,*,#2319,.F.);
#2957=ORIENTED_EDGE('',*,*,#2314,.F.);
#2958=ORIENTED_EDGE('',*,*,#2318,.T.);
#2959=ORIENTED_EDGE('',*,*,#2326,.T.);
#2960=ORIENTED_EDGE('',*,*,#2327,.F.);
#2961=ORIENTED_EDGE('',*,*,#2308,.F.);
#2962=ORIENTED_EDGE('',*,*,#2249,.T.);
#2963=ORIENTED_EDGE('',*,*,#2252,.T.);
#2964=ORIENTED_EDGE('',*,*,#2239,.T.);
#2965=ORIENTED_EDGE('',*,*,#2241,.T.);
#2966=ORIENTED_EDGE('',*,*,#2263,.T.);
#2967=ORIENTED_EDGE('',*,*,#2275,.T.);
#2968=ORIENTED_EDGE('',*,*,#2309,.F.);
#2969=ORIENTED_EDGE('',*,*,#2327,.T.);
#2970=ORIENTED_EDGE('',*,*,#2325,.T.);
#2971=ORIENTED_EDGE('',*,*,#2322,.T.);
#2972=ORIENTED_EDGE('',*,*,#2311,.F.);
#2973=ORIENTED_EDGE('',*,*,#2321,.T.);
#2974=ORIENTED_EDGE('',*,*,#2324,.T.);
#2975=ORIENTED_EDGE('',*,*,#2328,.T.);
#2976=ORIENTED_EDGE('',*,*,#2313,.T.);
#2977=ORIENTED_EDGE('',*,*,#2312,.F.);
#2978=ORIENTED_EDGE('',*,*,#2328,.F.);
#2979=ORIENTED_EDGE('',*,*,#2323,.T.);
#2980=ORIENTED_EDGE('',*,*,#2244,.T.);
#2981=ORIENTED_EDGE('',*,*,#2247,.T.);
#2982=ORIENTED_EDGE('',*,*,#2234,.T.);
#2983=ORIENTED_EDGE('',*,*,#2230,.T.);
#2984=ORIENTED_EDGE('',*,*,#2257,.T.);
#2985=ORIENTED_EDGE('',*,*,#2269,.T.);
#2986=ORIENTED_EDGE('',*,*,#2304,.F.);
#2987=ORIENTED_EDGE('',*,*,#2329,.T.);
#2988=ORIENTED_EDGE('',*,*,#2330,.F.);
#2989=ORIENTED_EDGE('',*,*,#2329,.F.);
#2990=ORIENTED_EDGE('',*,*,#2330,.T.);
#2991=ORIENTED_EDGE('',*,*,#2283,.T.);
#2992=ORIENTED_EDGE('',*,*,#2290,.T.);
#2993=ORIENTED_EDGE('',*,*,#2296,.T.);
#2994=ORIENTED_EDGE('',*,*,#2302,.T.);
#2995=ORIENTED_EDGE('',*,*,#2331,.F.);
#2996=ORIENTED_EDGE('',*,*,#2332,.F.);
#2997=ORIENTED_EDGE('',*,*,#2333,.F.);
#2998=ORIENTED_EDGE('',*,*,#2334,.F.);
#2999=ORIENTED_EDGE('',*,*,#2335,.F.);
#3000=ORIENTED_EDGE('',*,*,#2336,.F.);
#3001=ORIENTED_EDGE('',*,*,#2337,.F.);
#3002=ORIENTED_EDGE('',*,*,#2338,.F.);
#3003=ORIENTED_EDGE('',*,*,#2339,.F.);
#3004=ORIENTED_EDGE('',*,*,#2338,.T.);
#3005=ORIENTED_EDGE('',*,*,#2340,.F.);
#3006=ORIENTED_EDGE('',*,*,#2341,.T.);
#3007=ORIENTED_EDGE('',*,*,#2342,.F.);
#3008=ORIENTED_EDGE('',*,*,#2334,.T.);
#3009=ORIENTED_EDGE('',*,*,#2343,.F.);
#3010=ORIENTED_EDGE('',*,*,#2344,.T.);
#3011=ORIENTED_EDGE('',*,*,#2345,.F.);
#3012=ORIENTED_EDGE('',*,*,#2344,.F.);
#3013=ORIENTED_EDGE('',*,*,#2346,.F.);
#3014=ORIENTED_EDGE('',*,*,#2347,.F.);
#3015=ORIENTED_EDGE('',*,*,#2348,.F.);
#3016=ORIENTED_EDGE('',*,*,#2347,.T.);
#3017=ORIENTED_EDGE('',*,*,#2349,.F.);
#3018=ORIENTED_EDGE('',*,*,#2332,.T.);
#3019=ORIENTED_EDGE('',*,*,#2350,.F.);
#3020=ORIENTED_EDGE('',*,*,#2341,.F.);
#3021=ORIENTED_EDGE('',*,*,#2351,.F.);
#3022=ORIENTED_EDGE('',*,*,#2352,.F.);
#3023=ORIENTED_EDGE('',*,*,#2353,.F.);
#3024=ORIENTED_EDGE('',*,*,#2354,.T.);
#3025=ORIENTED_EDGE('',*,*,#2353,.T.);
#3026=ORIENTED_EDGE('',*,*,#2355,.T.);
#3027=ORIENTED_EDGE('',*,*,#2356,.F.);
#3028=ORIENTED_EDGE('',*,*,#2355,.F.);
#3029=ORIENTED_EDGE('',*,*,#2357,.F.);
#3030=ORIENTED_EDGE('',*,*,#2358,.T.);
#3031=ORIENTED_EDGE('',*,*,#2354,.F.);
#3032=ORIENTED_EDGE('',*,*,#2358,.F.);
#3033=ORIENTED_EDGE('',*,*,#2359,.F.);
#3034=ORIENTED_EDGE('',*,*,#2360,.T.);
#3035=ORIENTED_EDGE('',*,*,#2359,.T.);
#3036=ORIENTED_EDGE('',*,*,#2361,.T.);
#3037=ORIENTED_EDGE('',*,*,#2362,.F.);
#3038=ORIENTED_EDGE('',*,*,#2361,.F.);
#3039=ORIENTED_EDGE('',*,*,#2363,.F.);
#3040=ORIENTED_EDGE('',*,*,#2364,.T.);
#3041=ORIENTED_EDGE('',*,*,#2360,.F.);
#3042=ORIENTED_EDGE('',*,*,#2364,.F.);
#3043=ORIENTED_EDGE('',*,*,#2365,.F.);
#3044=ORIENTED_EDGE('',*,*,#2366,.T.);
#3045=ORIENTED_EDGE('',*,*,#2365,.T.);
#3046=ORIENTED_EDGE('',*,*,#2367,.T.);
#3047=ORIENTED_EDGE('',*,*,#2368,.F.);
#3048=ORIENTED_EDGE('',*,*,#2367,.F.);
#3049=ORIENTED_EDGE('',*,*,#2369,.F.);
#3050=ORIENTED_EDGE('',*,*,#2370,.T.);
#3051=ORIENTED_EDGE('',*,*,#2366,.F.);
#3052=ORIENTED_EDGE('',*,*,#2370,.F.);
#3053=ORIENTED_EDGE('',*,*,#2371,.F.);
#3054=ORIENTED_EDGE('',*,*,#2372,.T.);
#3055=ORIENTED_EDGE('',*,*,#2371,.T.);
#3056=ORIENTED_EDGE('',*,*,#2373,.T.);
#3057=ORIENTED_EDGE('',*,*,#2374,.F.);
#3058=ORIENTED_EDGE('',*,*,#2373,.F.);
#3059=ORIENTED_EDGE('',*,*,#2375,.F.);
#3060=ORIENTED_EDGE('',*,*,#2376,.T.);
#3061=ORIENTED_EDGE('',*,*,#2372,.F.);
#3062=ORIENTED_EDGE('',*,*,#2376,.F.);
#3063=ORIENTED_EDGE('',*,*,#2377,.F.);
#3064=ORIENTED_EDGE('',*,*,#2352,.T.);
#3065=ORIENTED_EDGE('',*,*,#2378,.F.);
#3066=ORIENTED_EDGE('',*,*,#2336,.T.);
#3067=ORIENTED_EDGE('',*,*,#2379,.F.);
#3068=ORIENTED_EDGE('',*,*,#2380,.T.);
#3069=ORIENTED_EDGE('',*,*,#2379,.T.);
#3070=ORIENTED_EDGE('',*,*,#2381,.T.);
#3071=ORIENTED_EDGE('',*,*,#2382,.F.);
#3072=ORIENTED_EDGE('',*,*,#2381,.F.);
#3073=ORIENTED_EDGE('',*,*,#2383,.F.);
#3074=ORIENTED_EDGE('',*,*,#2384,.T.);
#3075=ORIENTED_EDGE('',*,*,#2380,.F.);
#3076=ORIENTED_EDGE('',*,*,#2384,.F.);
#3077=ORIENTED_EDGE('',*,*,#2385,.F.);
#3078=ORIENTED_EDGE('',*,*,#2386,.T.);
#3079=ORIENTED_EDGE('',*,*,#2385,.T.);
#3080=ORIENTED_EDGE('',*,*,#2387,.T.);
#3081=ORIENTED_EDGE('',*,*,#2388,.F.);
#3082=ORIENTED_EDGE('',*,*,#2387,.F.);
#3083=ORIENTED_EDGE('',*,*,#2389,.F.);
#3084=ORIENTED_EDGE('',*,*,#2390,.T.);
#3085=ORIENTED_EDGE('',*,*,#2386,.F.);
#3086=ORIENTED_EDGE('',*,*,#2390,.F.);
#3087=ORIENTED_EDGE('',*,*,#2391,.F.);
#3088=ORIENTED_EDGE('',*,*,#2392,.T.);
#3089=ORIENTED_EDGE('',*,*,#2391,.T.);
#3090=ORIENTED_EDGE('',*,*,#2393,.T.);
#3091=ORIENTED_EDGE('',*,*,#2394,.F.);
#3092=ORIENTED_EDGE('',*,*,#2393,.F.);
#3093=ORIENTED_EDGE('',*,*,#2395,.F.);
#3094=ORIENTED_EDGE('',*,*,#2396,.T.);
#3095=ORIENTED_EDGE('',*,*,#2392,.F.);
#3096=ORIENTED_EDGE('',*,*,#2396,.F.);
#3097=ORIENTED_EDGE('',*,*,#2397,.F.);
#3098=ORIENTED_EDGE('',*,*,#2398,.T.);
#3099=ORIENTED_EDGE('',*,*,#2397,.T.);
#3100=ORIENTED_EDGE('',*,*,#2399,.T.);
#3101=ORIENTED_EDGE('',*,*,#2400,.F.);
#3102=ORIENTED_EDGE('',*,*,#2399,.F.);
#3103=ORIENTED_EDGE('',*,*,#2401,.F.);
#3104=ORIENTED_EDGE('',*,*,#2402,.T.);
#3105=ORIENTED_EDGE('',*,*,#2398,.F.);
#3106=ORIENTED_EDGE('',*,*,#2402,.F.);
#3107=ORIENTED_EDGE('',*,*,#2403,.T.);
#3108=ORIENTED_EDGE('',*,*,#2404,.F.);
#3109=ORIENTED_EDGE('',*,*,#2405,.T.);
#3110=ORIENTED_EDGE('',*,*,#2406,.F.);
#3111=ORIENTED_EDGE('',*,*,#2407,.T.);
#3112=ORIENTED_EDGE('',*,*,#2408,.T.);
#3113=ORIENTED_EDGE('',*,*,#2409,.F.);
#3114=ORIENTED_EDGE('',*,*,#2406,.T.);
#3115=ORIENTED_EDGE('',*,*,#2400,.T.);
#3116=ORIENTED_EDGE('',*,*,#2394,.T.);
#3117=ORIENTED_EDGE('',*,*,#2388,.T.);
#3118=ORIENTED_EDGE('',*,*,#2382,.T.);
#3119=ORIENTED_EDGE('',*,*,#2374,.T.);
#3120=ORIENTED_EDGE('',*,*,#2368,.T.);
#3121=ORIENTED_EDGE('',*,*,#2362,.T.);
#3122=ORIENTED_EDGE('',*,*,#2356,.T.);
#3123=ORIENTED_EDGE('',*,*,#2350,.T.);
#3124=ORIENTED_EDGE('',*,*,#2377,.T.);
#3125=ORIENTED_EDGE('',*,*,#2335,.T.);
#3126=ORIENTED_EDGE('',*,*,#2339,.T.);
#3127=ORIENTED_EDGE('',*,*,#2345,.T.);
#3128=ORIENTED_EDGE('',*,*,#2348,.T.);
#3129=ORIENTED_EDGE('',*,*,#2331,.T.);
#3130=ORIENTED_EDGE('',*,*,#2342,.T.);
#3131=ORIENTED_EDGE('',*,*,#2410,.T.);
#3132=ORIENTED_EDGE('',*,*,#2408,.F.);
#3133=ORIENTED_EDGE('',*,*,#2411,.T.);
#3134=ORIENTED_EDGE('',*,*,#2412,.F.);
#3135=ORIENTED_EDGE('',*,*,#2413,.T.);
#3136=ORIENTED_EDGE('',*,*,#2412,.T.);
#3137=ORIENTED_EDGE('',*,*,#2414,.F.);
#3138=ORIENTED_EDGE('',*,*,#2404,.T.);
#3139=ORIENTED_EDGE('',*,*,#2378,.T.);
#3140=ORIENTED_EDGE('',*,*,#2351,.T.);
#3141=ORIENTED_EDGE('',*,*,#2340,.T.);
#3142=ORIENTED_EDGE('',*,*,#2337,.T.);
#3143=ORIENTED_EDGE('',*,*,#2357,.T.);
#3144=ORIENTED_EDGE('',*,*,#2363,.T.);
#3145=ORIENTED_EDGE('',*,*,#2369,.T.);
#3146=ORIENTED_EDGE('',*,*,#2375,.T.);
#3147=ORIENTED_EDGE('',*,*,#2401,.T.);
#3148=ORIENTED_EDGE('',*,*,#2395,.T.);
#3149=ORIENTED_EDGE('',*,*,#2389,.T.);
#3150=ORIENTED_EDGE('',*,*,#2383,.T.);
#3151=ORIENTED_EDGE('',*,*,#2333,.T.);
#3152=ORIENTED_EDGE('',*,*,#2349,.T.);
#3153=ORIENTED_EDGE('',*,*,#2346,.T.);
#3154=ORIENTED_EDGE('',*,*,#2343,.T.);
#3155=ORIENTED_EDGE('',*,*,#2414,.T.);
#3156=ORIENTED_EDGE('',*,*,#2411,.F.);
#3157=ORIENTED_EDGE('',*,*,#2407,.F.);
#3158=ORIENTED_EDGE('',*,*,#2405,.F.);
#3159=ORIENTED_EDGE('',*,*,#2409,.T.);
#3160=ORIENTED_EDGE('',*,*,#2410,.F.);
#3161=ORIENTED_EDGE('',*,*,#2413,.F.);
#3162=ORIENTED_EDGE('',*,*,#2403,.F.);
#3163=ORIENTED_EDGE('',*,*,#2415,.F.);
#3164=ORIENTED_EDGE('',*,*,#2416,.F.);
#3165=ORIENTED_EDGE('',*,*,#2417,.F.);
#3166=ORIENTED_EDGE('',*,*,#2418,.T.);
#3167=ORIENTED_EDGE('',*,*,#2419,.F.);
#3168=ORIENTED_EDGE('',*,*,#2418,.F.);
#3169=ORIENTED_EDGE('',*,*,#2420,.F.);
#3170=ORIENTED_EDGE('',*,*,#2421,.T.);
#3171=ORIENTED_EDGE('',*,*,#2422,.F.);
#3172=ORIENTED_EDGE('',*,*,#2423,.F.);
#3173=ORIENTED_EDGE('',*,*,#2424,.F.);
#3174=ORIENTED_EDGE('',*,*,#2425,.T.);
#3175=ORIENTED_EDGE('',*,*,#2426,.F.);
#3176=ORIENTED_EDGE('',*,*,#2427,.F.);
#3177=ORIENTED_EDGE('',*,*,#2428,.F.);
#3178=ORIENTED_EDGE('',*,*,#2423,.T.);
#3179=ORIENTED_EDGE('',*,*,#2429,.F.);
#3180=ORIENTED_EDGE('',*,*,#2421,.F.);
#3181=ORIENTED_EDGE('',*,*,#2430,.F.);
#3182=ORIENTED_EDGE('',*,*,#2431,.T.);
#3183=ORIENTED_EDGE('',*,*,#2432,.F.);
#3184=ORIENTED_EDGE('',*,*,#2425,.F.);
#3185=ORIENTED_EDGE('',*,*,#2433,.F.);
#3186=ORIENTED_EDGE('',*,*,#2434,.T.);
#3187=ORIENTED_EDGE('',*,*,#2435,.F.);
#3188=ORIENTED_EDGE('',*,*,#2434,.F.);
#3189=ORIENTED_EDGE('',*,*,#2436,.F.);
#3190=ORIENTED_EDGE('',*,*,#2427,.T.);
#3191=ORIENTED_EDGE('',*,*,#2437,.F.);
#3192=ORIENTED_EDGE('',*,*,#2438,.T.);
#3193=ORIENTED_EDGE('',*,*,#2437,.T.);
#3194=ORIENTED_EDGE('',*,*,#2439,.T.);
#3195=ORIENTED_EDGE('',*,*,#2440,.T.);
#3196=ORIENTED_EDGE('',*,*,#2439,.F.);
#3197=ORIENTED_EDGE('',*,*,#2440,.F.);
#3198=ORIENTED_EDGE('',*,*,#2441,.F.);
#3199=ORIENTED_EDGE('',*,*,#2442,.T.);
#3200=ORIENTED_EDGE('',*,*,#2438,.F.);
#3201=ORIENTED_EDGE('',*,*,#2442,.F.);
#3202=ORIENTED_EDGE('',*,*,#2443,.F.);
#3203=ORIENTED_EDGE('',*,*,#2444,.T.);
#3204=ORIENTED_EDGE('',*,*,#2443,.T.);
#3205=ORIENTED_EDGE('',*,*,#2445,.T.);
#3206=ORIENTED_EDGE('',*,*,#2446,.T.);
#3207=ORIENTED_EDGE('',*,*,#2445,.F.);
#3208=ORIENTED_EDGE('',*,*,#2446,.F.);
#3209=ORIENTED_EDGE('',*,*,#2447,.F.);
#3210=ORIENTED_EDGE('',*,*,#2448,.T.);
#3211=ORIENTED_EDGE('',*,*,#2444,.F.);
#3212=ORIENTED_EDGE('',*,*,#2448,.F.);
#3213=ORIENTED_EDGE('',*,*,#2449,.F.);
#3214=ORIENTED_EDGE('',*,*,#2450,.T.);
#3215=ORIENTED_EDGE('',*,*,#2449,.T.);
#3216=ORIENTED_EDGE('',*,*,#2451,.T.);
#3217=ORIENTED_EDGE('',*,*,#2452,.F.);
#3218=ORIENTED_EDGE('',*,*,#2451,.F.);
#3219=ORIENTED_EDGE('',*,*,#2453,.F.);
#3220=ORIENTED_EDGE('',*,*,#2454,.T.);
#3221=ORIENTED_EDGE('',*,*,#2450,.F.);
#3222=ORIENTED_EDGE('',*,*,#2454,.F.);
#3223=ORIENTED_EDGE('',*,*,#2455,.F.);
#3224=ORIENTED_EDGE('',*,*,#2456,.T.);
#3225=ORIENTED_EDGE('',*,*,#2455,.T.);
#3226=ORIENTED_EDGE('',*,*,#2457,.T.);
#3227=ORIENTED_EDGE('',*,*,#2458,.F.);
#3228=ORIENTED_EDGE('',*,*,#2457,.F.);
#3229=ORIENTED_EDGE('',*,*,#2459,.F.);
#3230=ORIENTED_EDGE('',*,*,#2460,.T.);
#3231=ORIENTED_EDGE('',*,*,#2456,.F.);
#3232=ORIENTED_EDGE('',*,*,#2460,.F.);
#3233=ORIENTED_EDGE('',*,*,#2461,.F.);
#3234=ORIENTED_EDGE('',*,*,#2431,.F.);
#3235=ORIENTED_EDGE('',*,*,#2462,.F.);
#3236=ORIENTED_EDGE('',*,*,#2416,.T.);
#3237=ORIENTED_EDGE('',*,*,#2463,.F.);
#3238=ORIENTED_EDGE('',*,*,#2464,.T.);
#3239=ORIENTED_EDGE('',*,*,#2463,.T.);
#3240=ORIENTED_EDGE('',*,*,#2465,.T.);
#3241=ORIENTED_EDGE('',*,*,#2466,.F.);
#3242=ORIENTED_EDGE('',*,*,#2465,.F.);
#3243=ORIENTED_EDGE('',*,*,#2467,.F.);
#3244=ORIENTED_EDGE('',*,*,#2468,.T.);
#3245=ORIENTED_EDGE('',*,*,#2464,.F.);
#3246=ORIENTED_EDGE('',*,*,#2468,.F.);
#3247=ORIENTED_EDGE('',*,*,#2469,.F.);
#3248=ORIENTED_EDGE('',*,*,#2470,.T.);
#3249=ORIENTED_EDGE('',*,*,#2469,.T.);
#3250=ORIENTED_EDGE('',*,*,#2471,.T.);
#3251=ORIENTED_EDGE('',*,*,#2472,.F.);
#3252=ORIENTED_EDGE('',*,*,#2471,.F.);
#3253=ORIENTED_EDGE('',*,*,#2473,.F.);
#3254=ORIENTED_EDGE('',*,*,#2474,.T.);
#3255=ORIENTED_EDGE('',*,*,#2470,.F.);
#3256=ORIENTED_EDGE('',*,*,#2474,.F.);
#3257=ORIENTED_EDGE('',*,*,#2475,.F.);
#3258=ORIENTED_EDGE('',*,*,#2476,.T.);
#3259=ORIENTED_EDGE('',*,*,#2475,.T.);
#3260=ORIENTED_EDGE('',*,*,#2477,.T.);
#3261=ORIENTED_EDGE('',*,*,#2478,.F.);
#3262=ORIENTED_EDGE('',*,*,#2477,.F.);
#3263=ORIENTED_EDGE('',*,*,#2479,.F.);
#3264=ORIENTED_EDGE('',*,*,#2480,.T.);
#3265=ORIENTED_EDGE('',*,*,#2476,.F.);
#3266=ORIENTED_EDGE('',*,*,#2480,.F.);
#3267=ORIENTED_EDGE('',*,*,#2481,.F.);
#3268=ORIENTED_EDGE('',*,*,#2482,.T.);
#3269=ORIENTED_EDGE('',*,*,#2481,.T.);
#3270=ORIENTED_EDGE('',*,*,#2483,.T.);
#3271=ORIENTED_EDGE('',*,*,#2484,.F.);
#3272=ORIENTED_EDGE('',*,*,#2483,.F.);
#3273=ORIENTED_EDGE('',*,*,#2485,.F.);
#3274=ORIENTED_EDGE('',*,*,#2486,.T.);
#3275=ORIENTED_EDGE('',*,*,#2482,.F.);
#3276=ORIENTED_EDGE('',*,*,#2486,.F.);
#3277=ORIENTED_EDGE('',*,*,#2487,.F.);
#3278=ORIENTED_EDGE('',*,*,#2488,.T.);
#3279=ORIENTED_EDGE('',*,*,#2489,.T.);
#3280=ORIENTED_EDGE('',*,*,#2490,.T.);
#3281=ORIENTED_EDGE('',*,*,#2429,.T.);
#3282=ORIENTED_EDGE('',*,*,#2461,.T.);
#3283=ORIENTED_EDGE('',*,*,#2415,.T.);
#3284=ORIENTED_EDGE('',*,*,#2419,.T.);
#3285=ORIENTED_EDGE('',*,*,#2432,.T.);
#3286=ORIENTED_EDGE('',*,*,#2435,.T.);
#3287=ORIENTED_EDGE('',*,*,#2426,.T.);
#3288=ORIENTED_EDGE('',*,*,#2422,.T.);
#3289=ORIENTED_EDGE('',*,*,#2452,.T.);
#3290=ORIENTED_EDGE('',*,*,#2458,.T.);
#3291=ORIENTED_EDGE('',*,*,#2491,.F.);
#3292=ORIENTED_EDGE('',*,*,#2492,.T.);
#3293=ORIENTED_EDGE('',*,*,#2493,.T.);
#3294=ORIENTED_EDGE('',*,*,#2494,.T.);
#3295=ORIENTED_EDGE('',*,*,#2495,.T.);
#3296=ORIENTED_EDGE('',*,*,#2489,.F.);
#3297=ORIENTED_EDGE('',*,*,#2496,.F.);
#3298=ORIENTED_EDGE('',*,*,#2497,.F.);
#3299=ORIENTED_EDGE('',*,*,#2498,.T.);
#3300=ORIENTED_EDGE('',*,*,#2493,.F.);
#3301=ORIENTED_EDGE('',*,*,#2499,.F.);
#3302=ORIENTED_EDGE('',*,*,#2500,.F.);
#3303=ORIENTED_EDGE('',*,*,#2491,.T.);
#3304=ORIENTED_EDGE('',*,*,#2501,.T.);
#3305=ORIENTED_EDGE('',*,*,#2502,.T.);
#3306=ORIENTED_EDGE('',*,*,#2503,.F.);
#3307=ORIENTED_EDGE('',*,*,#2467,.T.);
#3308=ORIENTED_EDGE('',*,*,#2473,.T.);
#3309=ORIENTED_EDGE('',*,*,#2479,.T.);
#3310=ORIENTED_EDGE('',*,*,#2485,.T.);
#3311=ORIENTED_EDGE('',*,*,#2504,.T.);
#3312=ORIENTED_EDGE('',*,*,#2505,.F.);
#3313=ORIENTED_EDGE('',*,*,#2501,.F.);
#3314=ORIENTED_EDGE('',*,*,#2494,.F.);
#3315=ORIENTED_EDGE('',*,*,#2498,.F.);
#3316=ORIENTED_EDGE('',*,*,#2506,.F.);
#3317=ORIENTED_EDGE('',*,*,#2496,.T.);
#3318=ORIENTED_EDGE('',*,*,#2488,.F.);
#3319=ORIENTED_EDGE('',*,*,#2507,.T.);
#3320=ORIENTED_EDGE('',*,*,#2502,.F.);
#3321=ORIENTED_EDGE('',*,*,#2505,.T.);
#3322=ORIENTED_EDGE('',*,*,#2508,.F.);
#3323=ORIENTED_EDGE('',*,*,#2487,.T.);
#3324=ORIENTED_EDGE('',*,*,#2509,.T.);
#3325=ORIENTED_EDGE('',*,*,#2508,.T.);
#3326=ORIENTED_EDGE('',*,*,#2504,.F.);
#3327=ORIENTED_EDGE('',*,*,#2466,.T.);
#3328=ORIENTED_EDGE('',*,*,#2472,.T.);
#3329=ORIENTED_EDGE('',*,*,#2478,.T.);
#3330=ORIENTED_EDGE('',*,*,#2484,.T.);
#3331=ORIENTED_EDGE('',*,*,#2510,.T.);
#3332=ORIENTED_EDGE('',*,*,#2497,.T.);
#3333=ORIENTED_EDGE('',*,*,#2506,.T.);
#3334=ORIENTED_EDGE('',*,*,#2500,.T.);
#3335=ORIENTED_EDGE('',*,*,#2428,.T.);
#3336=ORIENTED_EDGE('',*,*,#2436,.T.);
#3337=ORIENTED_EDGE('',*,*,#2433,.T.);
#3338=ORIENTED_EDGE('',*,*,#2424,.T.);
#3339=ORIENTED_EDGE('',*,*,#2441,.T.);
#3340=ORIENTED_EDGE('',*,*,#2447,.T.);
#3341=ORIENTED_EDGE('',*,*,#2453,.T.);
#3342=ORIENTED_EDGE('',*,*,#2459,.T.);
#3343=ORIENTED_EDGE('',*,*,#2430,.T.);
#3344=ORIENTED_EDGE('',*,*,#2420,.T.);
#3345=ORIENTED_EDGE('',*,*,#2417,.T.);
#3346=ORIENTED_EDGE('',*,*,#2462,.T.);
#3347=ORIENTED_EDGE('',*,*,#2503,.T.);
#3348=ORIENTED_EDGE('',*,*,#2507,.F.);
#3349=ORIENTED_EDGE('',*,*,#2509,.F.);
#3350=ORIENTED_EDGE('',*,*,#2490,.F.);
#3351=ORIENTED_EDGE('',*,*,#2495,.F.);
#3352=ORIENTED_EDGE('',*,*,#2510,.F.);
#3353=ORIENTED_EDGE('',*,*,#2499,.T.);
#3354=ORIENTED_EDGE('',*,*,#2492,.F.);
#3355=ORIENTED_EDGE('',*,*,#2511,.F.);
#3356=ORIENTED_EDGE('',*,*,#2512,.F.);
#3357=ORIENTED_EDGE('',*,*,#2513,.F.);
#3358=ORIENTED_EDGE('',*,*,#2514,.F.);
#3359=ORIENTED_EDGE('',*,*,#2515,.F.);
#3360=ORIENTED_EDGE('',*,*,#2516,.F.);
#3361=ORIENTED_EDGE('',*,*,#2517,.F.);
#3362=ORIENTED_EDGE('',*,*,#2518,.F.);
#3363=ORIENTED_EDGE('',*,*,#2519,.F.);
#3364=ORIENTED_EDGE('',*,*,#2518,.T.);
#3365=ORIENTED_EDGE('',*,*,#2520,.F.);
#3366=ORIENTED_EDGE('',*,*,#2521,.T.);
#3367=ORIENTED_EDGE('',*,*,#2522,.F.);
#3368=ORIENTED_EDGE('',*,*,#2514,.T.);
#3369=ORIENTED_EDGE('',*,*,#2523,.F.);
#3370=ORIENTED_EDGE('',*,*,#2524,.T.);
#3371=ORIENTED_EDGE('',*,*,#2525,.F.);
#3372=ORIENTED_EDGE('',*,*,#2524,.F.);
#3373=ORIENTED_EDGE('',*,*,#2526,.F.);
#3374=ORIENTED_EDGE('',*,*,#2527,.F.);
#3375=ORIENTED_EDGE('',*,*,#2528,.F.);
#3376=ORIENTED_EDGE('',*,*,#2527,.T.);
#3377=ORIENTED_EDGE('',*,*,#2529,.F.);
#3378=ORIENTED_EDGE('',*,*,#2512,.T.);
#3379=ORIENTED_EDGE('',*,*,#2530,.F.);
#3380=ORIENTED_EDGE('',*,*,#2521,.F.);
#3381=ORIENTED_EDGE('',*,*,#2531,.F.);
#3382=ORIENTED_EDGE('',*,*,#2532,.F.);
#3383=ORIENTED_EDGE('',*,*,#2533,.F.);
#3384=ORIENTED_EDGE('',*,*,#2534,.T.);
#3385=ORIENTED_EDGE('',*,*,#2533,.T.);
#3386=ORIENTED_EDGE('',*,*,#2535,.T.);
#3387=ORIENTED_EDGE('',*,*,#2536,.F.);
#3388=ORIENTED_EDGE('',*,*,#2535,.F.);
#3389=ORIENTED_EDGE('',*,*,#2537,.F.);
#3390=ORIENTED_EDGE('',*,*,#2538,.T.);
#3391=ORIENTED_EDGE('',*,*,#2534,.F.);
#3392=ORIENTED_EDGE('',*,*,#2538,.F.);
#3393=ORIENTED_EDGE('',*,*,#2539,.F.);
#3394=ORIENTED_EDGE('',*,*,#2540,.T.);
#3395=ORIENTED_EDGE('',*,*,#2539,.T.);
#3396=ORIENTED_EDGE('',*,*,#2541,.T.);
#3397=ORIENTED_EDGE('',*,*,#2542,.F.);
#3398=ORIENTED_EDGE('',*,*,#2541,.F.);
#3399=ORIENTED_EDGE('',*,*,#2543,.F.);
#3400=ORIENTED_EDGE('',*,*,#2544,.T.);
#3401=ORIENTED_EDGE('',*,*,#2540,.F.);
#3402=ORIENTED_EDGE('',*,*,#2544,.F.);
#3403=ORIENTED_EDGE('',*,*,#2545,.F.);
#3404=ORIENTED_EDGE('',*,*,#2546,.T.);
#3405=ORIENTED_EDGE('',*,*,#2545,.T.);
#3406=ORIENTED_EDGE('',*,*,#2547,.T.);
#3407=ORIENTED_EDGE('',*,*,#2548,.F.);
#3408=ORIENTED_EDGE('',*,*,#2547,.F.);
#3409=ORIENTED_EDGE('',*,*,#2549,.F.);
#3410=ORIENTED_EDGE('',*,*,#2550,.T.);
#3411=ORIENTED_EDGE('',*,*,#2546,.F.);
#3412=ORIENTED_EDGE('',*,*,#2550,.F.);
#3413=ORIENTED_EDGE('',*,*,#2551,.F.);
#3414=ORIENTED_EDGE('',*,*,#2552,.T.);
#3415=ORIENTED_EDGE('',*,*,#2551,.T.);
#3416=ORIENTED_EDGE('',*,*,#2553,.T.);
#3417=ORIENTED_EDGE('',*,*,#2554,.F.);
#3418=ORIENTED_EDGE('',*,*,#2553,.F.);
#3419=ORIENTED_EDGE('',*,*,#2555,.F.);
#3420=ORIENTED_EDGE('',*,*,#2556,.T.);
#3421=ORIENTED_EDGE('',*,*,#2552,.F.);
#3422=ORIENTED_EDGE('',*,*,#2556,.F.);
#3423=ORIENTED_EDGE('',*,*,#2557,.F.);
#3424=ORIENTED_EDGE('',*,*,#2532,.T.);
#3425=ORIENTED_EDGE('',*,*,#2558,.F.);
#3426=ORIENTED_EDGE('',*,*,#2516,.T.);
#3427=ORIENTED_EDGE('',*,*,#2559,.F.);
#3428=ORIENTED_EDGE('',*,*,#2560,.T.);
#3429=ORIENTED_EDGE('',*,*,#2559,.T.);
#3430=ORIENTED_EDGE('',*,*,#2561,.T.);
#3431=ORIENTED_EDGE('',*,*,#2562,.F.);
#3432=ORIENTED_EDGE('',*,*,#2561,.F.);
#3433=ORIENTED_EDGE('',*,*,#2563,.F.);
#3434=ORIENTED_EDGE('',*,*,#2564,.T.);
#3435=ORIENTED_EDGE('',*,*,#2560,.F.);
#3436=ORIENTED_EDGE('',*,*,#2564,.F.);
#3437=ORIENTED_EDGE('',*,*,#2565,.F.);
#3438=ORIENTED_EDGE('',*,*,#2566,.T.);
#3439=ORIENTED_EDGE('',*,*,#2565,.T.);
#3440=ORIENTED_EDGE('',*,*,#2567,.T.);
#3441=ORIENTED_EDGE('',*,*,#2568,.F.);
#3442=ORIENTED_EDGE('',*,*,#2567,.F.);
#3443=ORIENTED_EDGE('',*,*,#2569,.F.);
#3444=ORIENTED_EDGE('',*,*,#2570,.T.);
#3445=ORIENTED_EDGE('',*,*,#2566,.F.);
#3446=ORIENTED_EDGE('',*,*,#2570,.F.);
#3447=ORIENTED_EDGE('',*,*,#2571,.F.);
#3448=ORIENTED_EDGE('',*,*,#2572,.T.);
#3449=ORIENTED_EDGE('',*,*,#2571,.T.);
#3450=ORIENTED_EDGE('',*,*,#2573,.T.);
#3451=ORIENTED_EDGE('',*,*,#2574,.F.);
#3452=ORIENTED_EDGE('',*,*,#2573,.F.);
#3453=ORIENTED_EDGE('',*,*,#2575,.F.);
#3454=ORIENTED_EDGE('',*,*,#2576,.T.);
#3455=ORIENTED_EDGE('',*,*,#2572,.F.);
#3456=ORIENTED_EDGE('',*,*,#2576,.F.);
#3457=ORIENTED_EDGE('',*,*,#2577,.F.);
#3458=ORIENTED_EDGE('',*,*,#2578,.T.);
#3459=ORIENTED_EDGE('',*,*,#2577,.T.);
#3460=ORIENTED_EDGE('',*,*,#2579,.T.);
#3461=ORIENTED_EDGE('',*,*,#2580,.F.);
#3462=ORIENTED_EDGE('',*,*,#2579,.F.);
#3463=ORIENTED_EDGE('',*,*,#2581,.F.);
#3464=ORIENTED_EDGE('',*,*,#2582,.T.);
#3465=ORIENTED_EDGE('',*,*,#2578,.F.);
#3466=ORIENTED_EDGE('',*,*,#2582,.F.);
#3467=ORIENTED_EDGE('',*,*,#2583,.F.);
#3468=ORIENTED_EDGE('',*,*,#2584,.F.);
#3469=ORIENTED_EDGE('',*,*,#2585,.T.);
#3470=ORIENTED_EDGE('',*,*,#2586,.T.);
#3471=ORIENTED_EDGE('',*,*,#2558,.T.);
#3472=ORIENTED_EDGE('',*,*,#2531,.T.);
#3473=ORIENTED_EDGE('',*,*,#2520,.T.);
#3474=ORIENTED_EDGE('',*,*,#2517,.T.);
#3475=ORIENTED_EDGE('',*,*,#2537,.T.);
#3476=ORIENTED_EDGE('',*,*,#2543,.T.);
#3477=ORIENTED_EDGE('',*,*,#2549,.T.);
#3478=ORIENTED_EDGE('',*,*,#2555,.T.);
#3479=ORIENTED_EDGE('',*,*,#2513,.T.);
#3480=ORIENTED_EDGE('',*,*,#2529,.T.);
#3481=ORIENTED_EDGE('',*,*,#2526,.T.);
#3482=ORIENTED_EDGE('',*,*,#2523,.T.);
#3483=ORIENTED_EDGE('',*,*,#2587,.T.);
#3484=ORIENTED_EDGE('',*,*,#2585,.F.);
#3485=ORIENTED_EDGE('',*,*,#2588,.T.);
#3486=ORIENTED_EDGE('',*,*,#2589,.F.);
#3487=ORIENTED_EDGE('',*,*,#2590,.F.);
#3488=ORIENTED_EDGE('',*,*,#2591,.F.);
#3489=ORIENTED_EDGE('',*,*,#2592,.F.);
#3490=ORIENTED_EDGE('',*,*,#2586,.F.);
#3491=ORIENTED_EDGE('',*,*,#2587,.F.);
#3492=ORIENTED_EDGE('',*,*,#2593,.T.);
#3493=ORIENTED_EDGE('',*,*,#2591,.T.);
#3494=ORIENTED_EDGE('',*,*,#2594,.F.);
#3495=ORIENTED_EDGE('',*,*,#2595,.F.);
#3496=ORIENTED_EDGE('',*,*,#2596,.F.);
#3497=ORIENTED_EDGE('',*,*,#2583,.T.);
#3498=ORIENTED_EDGE('',*,*,#2592,.T.);
#3499=ORIENTED_EDGE('',*,*,#2596,.T.);
#3500=ORIENTED_EDGE('',*,*,#2597,.T.);
#3501=ORIENTED_EDGE('',*,*,#2562,.T.);
#3502=ORIENTED_EDGE('',*,*,#2568,.T.);
#3503=ORIENTED_EDGE('',*,*,#2574,.T.);
#3504=ORIENTED_EDGE('',*,*,#2580,.T.);
#3505=ORIENTED_EDGE('',*,*,#2598,.T.);
#3506=ORIENTED_EDGE('',*,*,#2594,.T.);
#3507=ORIENTED_EDGE('',*,*,#2590,.T.);
#3508=ORIENTED_EDGE('',*,*,#2599,.T.);
#3509=ORIENTED_EDGE('',*,*,#2563,.T.);
#3510=ORIENTED_EDGE('',*,*,#2569,.T.);
#3511=ORIENTED_EDGE('',*,*,#2575,.T.);
#3512=ORIENTED_EDGE('',*,*,#2581,.T.);
#3513=ORIENTED_EDGE('',*,*,#2597,.F.);
#3514=ORIENTED_EDGE('',*,*,#2595,.T.);
#3515=ORIENTED_EDGE('',*,*,#2598,.F.);
#3516=ORIENTED_EDGE('',*,*,#2600,.F.);
#3517=ORIENTED_EDGE('',*,*,#2588,.F.);
#3518=ORIENTED_EDGE('',*,*,#2584,.T.);
#3519=ORIENTED_EDGE('',*,*,#2600,.T.);
#3520=ORIENTED_EDGE('',*,*,#2599,.F.);
#3521=ORIENTED_EDGE('',*,*,#2593,.F.);
#3522=ORIENTED_EDGE('',*,*,#2589,.T.);
#3523=ORIENTED_EDGE('',*,*,#2554,.T.);
#3524=ORIENTED_EDGE('',*,*,#2548,.T.);
#3525=ORIENTED_EDGE('',*,*,#2542,.T.);
#3526=ORIENTED_EDGE('',*,*,#2536,.T.);
#3527=ORIENTED_EDGE('',*,*,#2530,.T.);
#3528=ORIENTED_EDGE('',*,*,#2557,.T.);
#3529=ORIENTED_EDGE('',*,*,#2515,.T.);
#3530=ORIENTED_EDGE('',*,*,#2519,.T.);
#3531=ORIENTED_EDGE('',*,*,#2525,.T.);
#3532=ORIENTED_EDGE('',*,*,#2528,.T.);
#3533=ORIENTED_EDGE('',*,*,#2511,.T.);
#3534=ORIENTED_EDGE('',*,*,#2522,.T.);
#3535=ORIENTED_EDGE('',*,*,#2601,.F.);
#3536=ORIENTED_EDGE('',*,*,#2602,.F.);
#3537=ORIENTED_EDGE('',*,*,#2603,.F.);
#3538=ORIENTED_EDGE('',*,*,#2604,.T.);
#3539=ORIENTED_EDGE('',*,*,#2605,.F.);
#3540=ORIENTED_EDGE('',*,*,#2604,.F.);
#3541=ORIENTED_EDGE('',*,*,#2606,.F.);
#3542=ORIENTED_EDGE('',*,*,#2607,.T.);
#3543=ORIENTED_EDGE('',*,*,#2608,.F.);
#3544=ORIENTED_EDGE('',*,*,#2609,.F.);
#3545=ORIENTED_EDGE('',*,*,#2610,.F.);
#3546=ORIENTED_EDGE('',*,*,#2611,.T.);
#3547=ORIENTED_EDGE('',*,*,#2612,.F.);
#3548=ORIENTED_EDGE('',*,*,#2613,.F.);
#3549=ORIENTED_EDGE('',*,*,#2614,.F.);
#3550=ORIENTED_EDGE('',*,*,#2609,.T.);
#3551=ORIENTED_EDGE('',*,*,#2615,.F.);
#3552=ORIENTED_EDGE('',*,*,#2607,.F.);
#3553=ORIENTED_EDGE('',*,*,#2616,.F.);
#3554=ORIENTED_EDGE('',*,*,#2617,.T.);
#3555=ORIENTED_EDGE('',*,*,#2618,.F.);
#3556=ORIENTED_EDGE('',*,*,#2611,.F.);
#3557=ORIENTED_EDGE('',*,*,#2619,.F.);
#3558=ORIENTED_EDGE('',*,*,#2620,.T.);
#3559=ORIENTED_EDGE('',*,*,#2621,.F.);
#3560=ORIENTED_EDGE('',*,*,#2620,.F.);
#3561=ORIENTED_EDGE('',*,*,#2622,.F.);
#3562=ORIENTED_EDGE('',*,*,#2613,.T.);
#3563=ORIENTED_EDGE('',*,*,#2623,.F.);
#3564=ORIENTED_EDGE('',*,*,#2624,.T.);
#3565=ORIENTED_EDGE('',*,*,#2623,.T.);
#3566=ORIENTED_EDGE('',*,*,#2625,.T.);
#3567=ORIENTED_EDGE('',*,*,#2626,.F.);
#3568=ORIENTED_EDGE('',*,*,#2625,.F.);
#3569=ORIENTED_EDGE('',*,*,#2627,.F.);
#3570=ORIENTED_EDGE('',*,*,#2628,.T.);
#3571=ORIENTED_EDGE('',*,*,#2624,.F.);
#3572=ORIENTED_EDGE('',*,*,#2628,.F.);
#3573=ORIENTED_EDGE('',*,*,#2629,.F.);
#3574=ORIENTED_EDGE('',*,*,#2630,.T.);
#3575=ORIENTED_EDGE('',*,*,#2629,.T.);
#3576=ORIENTED_EDGE('',*,*,#2631,.T.);
#3577=ORIENTED_EDGE('',*,*,#2632,.F.);
#3578=ORIENTED_EDGE('',*,*,#2631,.F.);
#3579=ORIENTED_EDGE('',*,*,#2633,.F.);
#3580=ORIENTED_EDGE('',*,*,#2634,.T.);
#3581=ORIENTED_EDGE('',*,*,#2630,.F.);
#3582=ORIENTED_EDGE('',*,*,#2634,.F.);
#3583=ORIENTED_EDGE('',*,*,#2635,.F.);
#3584=ORIENTED_EDGE('',*,*,#2636,.T.);
#3585=ORIENTED_EDGE('',*,*,#2635,.T.);
#3586=ORIENTED_EDGE('',*,*,#2637,.T.);
#3587=ORIENTED_EDGE('',*,*,#2638,.F.);
#3588=ORIENTED_EDGE('',*,*,#2637,.F.);
#3589=ORIENTED_EDGE('',*,*,#2639,.F.);
#3590=ORIENTED_EDGE('',*,*,#2640,.T.);
#3591=ORIENTED_EDGE('',*,*,#2636,.F.);
#3592=ORIENTED_EDGE('',*,*,#2640,.F.);
#3593=ORIENTED_EDGE('',*,*,#2641,.F.);
#3594=ORIENTED_EDGE('',*,*,#2642,.T.);
#3595=ORIENTED_EDGE('',*,*,#2641,.T.);
#3596=ORIENTED_EDGE('',*,*,#2643,.T.);
#3597=ORIENTED_EDGE('',*,*,#2644,.F.);
#3598=ORIENTED_EDGE('',*,*,#2643,.F.);
#3599=ORIENTED_EDGE('',*,*,#2645,.F.);
#3600=ORIENTED_EDGE('',*,*,#2646,.T.);
#3601=ORIENTED_EDGE('',*,*,#2642,.F.);
#3602=ORIENTED_EDGE('',*,*,#2646,.F.);
#3603=ORIENTED_EDGE('',*,*,#2647,.F.);
#3604=ORIENTED_EDGE('',*,*,#2617,.F.);
#3605=ORIENTED_EDGE('',*,*,#2648,.F.);
#3606=ORIENTED_EDGE('',*,*,#2602,.T.);
#3607=ORIENTED_EDGE('',*,*,#2649,.F.);
#3608=ORIENTED_EDGE('',*,*,#2650,.T.);
#3609=ORIENTED_EDGE('',*,*,#2649,.T.);
#3610=ORIENTED_EDGE('',*,*,#2651,.T.);
#3611=ORIENTED_EDGE('',*,*,#2652,.F.);
#3612=ORIENTED_EDGE('',*,*,#2651,.F.);
#3613=ORIENTED_EDGE('',*,*,#2653,.F.);
#3614=ORIENTED_EDGE('',*,*,#2654,.T.);
#3615=ORIENTED_EDGE('',*,*,#2650,.F.);
#3616=ORIENTED_EDGE('',*,*,#2654,.F.);
#3617=ORIENTED_EDGE('',*,*,#2655,.F.);
#3618=ORIENTED_EDGE('',*,*,#2656,.T.);
#3619=ORIENTED_EDGE('',*,*,#2655,.T.);
#3620=ORIENTED_EDGE('',*,*,#2657,.T.);
#3621=ORIENTED_EDGE('',*,*,#2658,.F.);
#3622=ORIENTED_EDGE('',*,*,#2657,.F.);
#3623=ORIENTED_EDGE('',*,*,#2659,.F.);
#3624=ORIENTED_EDGE('',*,*,#2660,.T.);
#3625=ORIENTED_EDGE('',*,*,#2656,.F.);
#3626=ORIENTED_EDGE('',*,*,#2660,.F.);
#3627=ORIENTED_EDGE('',*,*,#2661,.F.);
#3628=ORIENTED_EDGE('',*,*,#2662,.T.);
#3629=ORIENTED_EDGE('',*,*,#2661,.T.);
#3630=ORIENTED_EDGE('',*,*,#2663,.T.);
#3631=ORIENTED_EDGE('',*,*,#2664,.F.);
#3632=ORIENTED_EDGE('',*,*,#2663,.F.);
#3633=ORIENTED_EDGE('',*,*,#2665,.F.);
#3634=ORIENTED_EDGE('',*,*,#2666,.T.);
#3635=ORIENTED_EDGE('',*,*,#2662,.F.);
#3636=ORIENTED_EDGE('',*,*,#2666,.F.);
#3637=ORIENTED_EDGE('',*,*,#2667,.F.);
#3638=ORIENTED_EDGE('',*,*,#2668,.T.);
#3639=ORIENTED_EDGE('',*,*,#2667,.T.);
#3640=ORIENTED_EDGE('',*,*,#2669,.T.);
#3641=ORIENTED_EDGE('',*,*,#2670,.F.);
#3642=ORIENTED_EDGE('',*,*,#2669,.F.);
#3643=ORIENTED_EDGE('',*,*,#2671,.F.);
#3644=ORIENTED_EDGE('',*,*,#2672,.T.);
#3645=ORIENTED_EDGE('',*,*,#2668,.F.);
#3646=ORIENTED_EDGE('',*,*,#2672,.F.);
#3647=ORIENTED_EDGE('',*,*,#2673,.F.);
#3648=ORIENTED_EDGE('',*,*,#2674,.T.);
#3649=ORIENTED_EDGE('',*,*,#2675,.T.);
#3650=ORIENTED_EDGE('',*,*,#2676,.T.);
#3651=ORIENTED_EDGE('',*,*,#2644,.T.);
#3652=ORIENTED_EDGE('',*,*,#2638,.T.);
#3653=ORIENTED_EDGE('',*,*,#2632,.T.);
#3654=ORIENTED_EDGE('',*,*,#2626,.T.);
#3655=ORIENTED_EDGE('',*,*,#2618,.T.);
#3656=ORIENTED_EDGE('',*,*,#2621,.T.);
#3657=ORIENTED_EDGE('',*,*,#2612,.T.);
#3658=ORIENTED_EDGE('',*,*,#2608,.T.);
#3659=ORIENTED_EDGE('',*,*,#2615,.T.);
#3660=ORIENTED_EDGE('',*,*,#2647,.T.);
#3661=ORIENTED_EDGE('',*,*,#2601,.T.);
#3662=ORIENTED_EDGE('',*,*,#2605,.T.);
#3663=ORIENTED_EDGE('',*,*,#2677,.T.);
#3664=ORIENTED_EDGE('',*,*,#2675,.F.);
#3665=ORIENTED_EDGE('',*,*,#2678,.F.);
#3666=ORIENTED_EDGE('',*,*,#2679,.F.);
#3667=ORIENTED_EDGE('',*,*,#2680,.T.);
#3668=ORIENTED_EDGE('',*,*,#2681,.T.);
#3669=ORIENTED_EDGE('',*,*,#2682,.F.);
#3670=ORIENTED_EDGE('',*,*,#2683,.F.);
#3671=ORIENTED_EDGE('',*,*,#2653,.T.);
#3672=ORIENTED_EDGE('',*,*,#2659,.T.);
#3673=ORIENTED_EDGE('',*,*,#2665,.T.);
#3674=ORIENTED_EDGE('',*,*,#2671,.T.);
#3675=ORIENTED_EDGE('',*,*,#2684,.T.);
#3676=ORIENTED_EDGE('',*,*,#2685,.F.);
#3677=ORIENTED_EDGE('',*,*,#2680,.F.);
#3678=ORIENTED_EDGE('',*,*,#2686,.F.);
#3679=ORIENTED_EDGE('',*,*,#2678,.T.);
#3680=ORIENTED_EDGE('',*,*,#2674,.F.);
#3681=ORIENTED_EDGE('',*,*,#2687,.T.);
#3682=ORIENTED_EDGE('',*,*,#2681,.F.);
#3683=ORIENTED_EDGE('',*,*,#2685,.T.);
#3684=ORIENTED_EDGE('',*,*,#2688,.F.);
#3685=ORIENTED_EDGE('',*,*,#2673,.T.);
#3686=ORIENTED_EDGE('',*,*,#2689,.T.);
#3687=ORIENTED_EDGE('',*,*,#2688,.T.);
#3688=ORIENTED_EDGE('',*,*,#2684,.F.);
#3689=ORIENTED_EDGE('',*,*,#2652,.T.);
#3690=ORIENTED_EDGE('',*,*,#2658,.T.);
#3691=ORIENTED_EDGE('',*,*,#2664,.T.);
#3692=ORIENTED_EDGE('',*,*,#2670,.T.);
#3693=ORIENTED_EDGE('',*,*,#2683,.T.);
#3694=ORIENTED_EDGE('',*,*,#2690,.T.);
#3695=ORIENTED_EDGE('',*,*,#2679,.T.);
#3696=ORIENTED_EDGE('',*,*,#2686,.T.);
#3697=ORIENTED_EDGE('',*,*,#2614,.T.);
#3698=ORIENTED_EDGE('',*,*,#2622,.T.);
#3699=ORIENTED_EDGE('',*,*,#2619,.T.);
#3700=ORIENTED_EDGE('',*,*,#2610,.T.);
#3701=ORIENTED_EDGE('',*,*,#2627,.T.);
#3702=ORIENTED_EDGE('',*,*,#2633,.T.);
#3703=ORIENTED_EDGE('',*,*,#2639,.T.);
#3704=ORIENTED_EDGE('',*,*,#2645,.T.);
#3705=ORIENTED_EDGE('',*,*,#2616,.T.);
#3706=ORIENTED_EDGE('',*,*,#2606,.T.);
#3707=ORIENTED_EDGE('',*,*,#2603,.T.);
#3708=ORIENTED_EDGE('',*,*,#2648,.T.);
#3709=ORIENTED_EDGE('',*,*,#2682,.T.);
#3710=ORIENTED_EDGE('',*,*,#2687,.F.);
#3711=ORIENTED_EDGE('',*,*,#2689,.F.);
#3712=ORIENTED_EDGE('',*,*,#2676,.F.);
#3713=ORIENTED_EDGE('',*,*,#2677,.F.);
#3714=ORIENTED_EDGE('',*,*,#2690,.F.);
#3715=ORIENTED_EDGE('',*,*,#2691,.T.);
#3716=ORIENTED_EDGE('',*,*,#2692,.T.);
#3717=ORIENTED_EDGE('',*,*,#2693,.F.);
#3718=ORIENTED_EDGE('',*,*,#2692,.F.);
#3719=ORIENTED_EDGE('',*,*,#2691,.F.);
#3720=ORIENTED_EDGE('',*,*,#2694,.F.);
#3721=ORIENTED_EDGE('',*,*,#2695,.F.);
#3722=ORIENTED_EDGE('',*,*,#2696,.T.);
#3723=ORIENTED_EDGE('',*,*,#2694,.T.);
#3724=ORIENTED_EDGE('',*,*,#2696,.F.);
#3725=ORIENTED_EDGE('',*,*,#2697,.T.);
#3726=ORIENTED_EDGE('',*,*,#2698,.T.);
#3727=ORIENTED_EDGE('',*,*,#2699,.F.);
#3728=ORIENTED_EDGE('',*,*,#2698,.F.);
#3729=ORIENTED_EDGE('',*,*,#2697,.F.);
#3730=ORIENTED_EDGE('',*,*,#2700,.F.);
#3731=ORIENTED_EDGE('',*,*,#2701,.F.);
#3732=ORIENTED_EDGE('',*,*,#2702,.T.);
#3733=ORIENTED_EDGE('',*,*,#2700,.T.);
#3734=ORIENTED_EDGE('',*,*,#2702,.F.);
#3735=ORIENTED_EDGE('',*,*,#2703,.T.);
#3736=ORIENTED_EDGE('',*,*,#2704,.T.);
#3737=ORIENTED_EDGE('',*,*,#2705,.F.);
#3738=ORIENTED_EDGE('',*,*,#2704,.F.);
#3739=ORIENTED_EDGE('',*,*,#2703,.F.);
#3740=ORIENTED_EDGE('',*,*,#2706,.F.);
#3741=ORIENTED_EDGE('',*,*,#2707,.F.);
#3742=ORIENTED_EDGE('',*,*,#2708,.T.);
#3743=ORIENTED_EDGE('',*,*,#2706,.T.);
#3744=ORIENTED_EDGE('',*,*,#2708,.F.);
#3745=ORIENTED_EDGE('',*,*,#2709,.T.);
#3746=ORIENTED_EDGE('',*,*,#2710,.T.);
#3747=ORIENTED_EDGE('',*,*,#2711,.F.);
#3748=ORIENTED_EDGE('',*,*,#2710,.F.);
#3749=ORIENTED_EDGE('',*,*,#2709,.F.);
#3750=ORIENTED_EDGE('',*,*,#2712,.F.);
#3751=ORIENTED_EDGE('',*,*,#2713,.F.);
#3752=ORIENTED_EDGE('',*,*,#2714,.T.);
#3753=ORIENTED_EDGE('',*,*,#2712,.T.);
#3754=ORIENTED_EDGE('',*,*,#2714,.F.);
#3755=ORIENTED_EDGE('',*,*,#2715,.F.);
#3756=ORIENTED_EDGE('',*,*,#2716,.F.);
#3757=ORIENTED_EDGE('',*,*,#2717,.T.);
#3758=ORIENTED_EDGE('',*,*,#2718,.F.);
#3759=ORIENTED_EDGE('',*,*,#2699,.T.);
#3760=ORIENTED_EDGE('',*,*,#2719,.F.);
#3761=ORIENTED_EDGE('',*,*,#2720,.F.);
#3762=ORIENTED_EDGE('',*,*,#2721,.F.);
#3763=ORIENTED_EDGE('',*,*,#2717,.F.);
#3764=ORIENTED_EDGE('',*,*,#2722,.F.);
#3765=ORIENTED_EDGE('',*,*,#2723,.F.);
#3766=ORIENTED_EDGE('',*,*,#2724,.F.);
#3767=ORIENTED_EDGE('',*,*,#2725,.F.);
#3768=ORIENTED_EDGE('',*,*,#2726,.F.);
#3769=ORIENTED_EDGE('',*,*,#2727,.F.);
#3770=ORIENTED_EDGE('',*,*,#2723,.T.);
#3771=ORIENTED_EDGE('',*,*,#2728,.F.);
#3772=ORIENTED_EDGE('',*,*,#2693,.T.);
#3773=ORIENTED_EDGE('',*,*,#2729,.F.);
#3774=ORIENTED_EDGE('',*,*,#2730,.F.);
#3775=ORIENTED_EDGE('',*,*,#2731,.T.);
#3776=ORIENTED_EDGE('',*,*,#2732,.F.);
#3777=ORIENTED_EDGE('',*,*,#2711,.T.);
#3778=ORIENTED_EDGE('',*,*,#2733,.F.);
#3779=ORIENTED_EDGE('',*,*,#2734,.F.);
#3780=ORIENTED_EDGE('',*,*,#2735,.F.);
#3781=ORIENTED_EDGE('',*,*,#2731,.F.);
#3782=ORIENTED_EDGE('',*,*,#2736,.F.);
#3783=ORIENTED_EDGE('',*,*,#2737,.F.);
#3784=ORIENTED_EDGE('',*,*,#2738,.F.);
#3785=ORIENTED_EDGE('',*,*,#2739,.F.);
#3786=ORIENTED_EDGE('',*,*,#2740,.F.);
#3787=ORIENTED_EDGE('',*,*,#2741,.F.);
#3788=ORIENTED_EDGE('',*,*,#2737,.T.);
#3789=ORIENTED_EDGE('',*,*,#2742,.F.);
#3790=ORIENTED_EDGE('',*,*,#2743,.F.);
#3791=ORIENTED_EDGE('',*,*,#2705,.T.);
#3792=ORIENTED_EDGE('',*,*,#2744,.T.);
#3793=ORIENTED_EDGE('',*,*,#2745,.F.);
#3794=ORIENTED_EDGE('',*,*,#2746,.T.);
#3795=ORIENTED_EDGE('',*,*,#2718,.T.);
#3796=ORIENTED_EDGE('',*,*,#2721,.T.);
#3797=ORIENTED_EDGE('',*,*,#2747,.T.);
#3798=ORIENTED_EDGE('',*,*,#2748,.T.);
#3799=ORIENTED_EDGE('',*,*,#2749,.F.);
#3800=ORIENTED_EDGE('',*,*,#2750,.T.);
#3801=ORIENTED_EDGE('',*,*,#2732,.T.);
#3802=ORIENTED_EDGE('',*,*,#2735,.T.);
#3803=ORIENTED_EDGE('',*,*,#2751,.T.);
#3804=ORIENTED_EDGE('',*,*,#2752,.F.);
#3805=ORIENTED_EDGE('',*,*,#2753,.T.);
#3806=ORIENTED_EDGE('',*,*,#2743,.T.);
#3807=ORIENTED_EDGE('',*,*,#2754,.F.);
#3808=ORIENTED_EDGE('',*,*,#2755,.F.);
#3809=ORIENTED_EDGE('',*,*,#2756,.F.);
#3810=ORIENTED_EDGE('',*,*,#2715,.T.);
#3811=ORIENTED_EDGE('',*,*,#2746,.F.);
#3812=ORIENTED_EDGE('',*,*,#2757,.F.);
#3813=ORIENTED_EDGE('',*,*,#2758,.F.);
#3814=ORIENTED_EDGE('',*,*,#2729,.T.);
#3815=ORIENTED_EDGE('',*,*,#2750,.F.);
#3816=ORIENTED_EDGE('',*,*,#2759,.F.);
#3817=ORIENTED_EDGE('',*,*,#2760,.F.);
#3818=ORIENTED_EDGE('',*,*,#2726,.T.);
#3819=ORIENTED_EDGE('',*,*,#2761,.F.);
#3820=ORIENTED_EDGE('',*,*,#2762,.F.);
#3821=ORIENTED_EDGE('',*,*,#2763,.F.);
#3822=ORIENTED_EDGE('',*,*,#2740,.T.);
#3823=ORIENTED_EDGE('',*,*,#2753,.F.);
#3824=ORIENTED_EDGE('',*,*,#2756,.T.);
#3825=ORIENTED_EDGE('',*,*,#2764,.F.);
#3826=ORIENTED_EDGE('',*,*,#2765,.T.);
#3827=ORIENTED_EDGE('',*,*,#2766,.T.);
#3828=ORIENTED_EDGE('',*,*,#2719,.T.);
#3829=ORIENTED_EDGE('',*,*,#2716,.T.);
#3830=ORIENTED_EDGE('',*,*,#2766,.F.);
#3831=ORIENTED_EDGE('',*,*,#2767,.T.);
#3832=ORIENTED_EDGE('',*,*,#2747,.F.);
#3833=ORIENTED_EDGE('',*,*,#2720,.T.);
#3834=ORIENTED_EDGE('',*,*,#2701,.T.);
#3835=ORIENTED_EDGE('',*,*,#2768,.F.);
#3836=ORIENTED_EDGE('',*,*,#2725,.T.);
#3837=ORIENTED_EDGE('',*,*,#2769,.F.);
#3838=ORIENTED_EDGE('',*,*,#2770,.T.);
#3839=ORIENTED_EDGE('',*,*,#2695,.T.);
#3840=ORIENTED_EDGE('',*,*,#2760,.T.);
#3841=ORIENTED_EDGE('',*,*,#2771,.F.);
#3842=ORIENTED_EDGE('',*,*,#2772,.T.);
#3843=ORIENTED_EDGE('',*,*,#2769,.T.);
#3844=ORIENTED_EDGE('',*,*,#2724,.T.);
#3845=ORIENTED_EDGE('',*,*,#2727,.T.);
#3846=ORIENTED_EDGE('',*,*,#2773,.T.);
#3847=ORIENTED_EDGE('',*,*,#2774,.F.);
#3848=ORIENTED_EDGE('',*,*,#2761,.T.);
#3849=ORIENTED_EDGE('',*,*,#2728,.T.);
#3850=ORIENTED_EDGE('',*,*,#2722,.T.);
#3851=ORIENTED_EDGE('',*,*,#2768,.T.);
#3852=ORIENTED_EDGE('',*,*,#2758,.T.);
#3853=ORIENTED_EDGE('',*,*,#2775,.F.);
#3854=ORIENTED_EDGE('',*,*,#2776,.T.);
#3855=ORIENTED_EDGE('',*,*,#2777,.T.);
#3856=ORIENTED_EDGE('',*,*,#2733,.T.);
#3857=ORIENTED_EDGE('',*,*,#2730,.T.);
#3858=ORIENTED_EDGE('',*,*,#2777,.F.);
#3859=ORIENTED_EDGE('',*,*,#2778,.T.);
#3860=ORIENTED_EDGE('',*,*,#2751,.F.);
#3861=ORIENTED_EDGE('',*,*,#2734,.T.);
#3862=ORIENTED_EDGE('',*,*,#2713,.T.);
#3863=ORIENTED_EDGE('',*,*,#2779,.F.);
#3864=ORIENTED_EDGE('',*,*,#2739,.T.);
#3865=ORIENTED_EDGE('',*,*,#2780,.F.);
#3866=ORIENTED_EDGE('',*,*,#2781,.T.);
#3867=ORIENTED_EDGE('',*,*,#2782,.T.);
#3868=ORIENTED_EDGE('',*,*,#2707,.T.);
#3869=ORIENTED_EDGE('',*,*,#2763,.T.);
#3870=ORIENTED_EDGE('',*,*,#2783,.F.);
#3871=ORIENTED_EDGE('',*,*,#2784,.T.);
#3872=ORIENTED_EDGE('',*,*,#2780,.T.);
#3873=ORIENTED_EDGE('',*,*,#2738,.T.);
#3874=ORIENTED_EDGE('',*,*,#2741,.T.);
#3875=ORIENTED_EDGE('',*,*,#2785,.T.);
#3876=ORIENTED_EDGE('',*,*,#2786,.F.);
#3877=ORIENTED_EDGE('',*,*,#2754,.T.);
#3878=ORIENTED_EDGE('',*,*,#2742,.T.);
#3879=ORIENTED_EDGE('',*,*,#2736,.T.);
#3880=ORIENTED_EDGE('',*,*,#2779,.T.);
#3881=ORIENTED_EDGE('',*,*,#2771,.T.);
#3882=ORIENTED_EDGE('',*,*,#2759,.T.);
#3883=ORIENTED_EDGE('',*,*,#2749,.T.);
#3884=ORIENTED_EDGE('',*,*,#2787,.T.);
#3885=ORIENTED_EDGE('',*,*,#2774,.T.);
#3886=ORIENTED_EDGE('',*,*,#2788,.T.);
#3887=ORIENTED_EDGE('',*,*,#2783,.T.);
#3888=ORIENTED_EDGE('',*,*,#2762,.T.);
#3889=ORIENTED_EDGE('',*,*,#2745,.T.);
#3890=ORIENTED_EDGE('',*,*,#2789,.T.);
#3891=ORIENTED_EDGE('',*,*,#2775,.T.);
#3892=ORIENTED_EDGE('',*,*,#2757,.T.);
#3893=ORIENTED_EDGE('',*,*,#2764,.T.);
#3894=ORIENTED_EDGE('',*,*,#2755,.T.);
#3895=ORIENTED_EDGE('',*,*,#2786,.T.);
#3896=ORIENTED_EDGE('',*,*,#2790,.T.);
#3897=ORIENTED_EDGE('',*,*,#2765,.F.);
#3898=ORIENTED_EDGE('',*,*,#2790,.F.);
#3899=ORIENTED_EDGE('',*,*,#2785,.F.);
#3900=ORIENTED_EDGE('',*,*,#2782,.F.);
#3901=ORIENTED_EDGE('',*,*,#2791,.T.);
#3902=ORIENTED_EDGE('',*,*,#2792,.F.);
#3903=ORIENTED_EDGE('',*,*,#2791,.F.);
#3904=ORIENTED_EDGE('',*,*,#2781,.F.);
#3905=ORIENTED_EDGE('',*,*,#2784,.F.);
#3906=ORIENTED_EDGE('',*,*,#2788,.F.);
#3907=ORIENTED_EDGE('',*,*,#2773,.F.);
#3908=ORIENTED_EDGE('',*,*,#2770,.F.);
#3909=ORIENTED_EDGE('',*,*,#2772,.F.);
#3910=ORIENTED_EDGE('',*,*,#2787,.F.);
#3911=ORIENTED_EDGE('',*,*,#2748,.F.);
#3912=ORIENTED_EDGE('',*,*,#2778,.F.);
#3913=ORIENTED_EDGE('',*,*,#2776,.F.);
#3914=ORIENTED_EDGE('',*,*,#2789,.F.);
#3915=ORIENTED_EDGE('',*,*,#2744,.F.);
#3916=ORIENTED_EDGE('',*,*,#2767,.F.);
#3917=ORIENTED_EDGE('',*,*,#2752,.T.);
#3918=ORIENTED_EDGE('',*,*,#2792,.T.);
#3919=PLANE('',#4385);
#3920=PLANE('',#4386);
#3921=PLANE('',#4387);
#3922=PLANE('',#4388);
#3923=PLANE('',#4389);
#3924=PLANE('',#4390);
#3925=PLANE('',#4391);
#3926=PLANE('',#4392);
#3927=PLANE('',#4393);
#3928=PLANE('',#4400);
#3929=PLANE('',#4407);
#3930=PLANE('',#4414);
#3931=PLANE('',#4421);
#3932=PLANE('',#4429);
#3933=PLANE('',#4437);
#3934=PLANE('',#4444);
#3935=PLANE('',#4449);
#3936=PLANE('',#4452);
#3937=PLANE('',#4454);
#3938=PLANE('',#4455);
#3939=PLANE('',#4456);
#3940=PLANE('',#4457);
#3941=PLANE('',#4458);
#3942=PLANE('',#4459);
#3943=PLANE('',#4460);
#3944=PLANE('',#4461);
#3945=PLANE('',#4462);
#3946=PLANE('',#4465);
#3947=PLANE('',#4467);
#3948=PLANE('',#4468);
#3949=PLANE('',#4469);
#3950=PLANE('',#4470);
#3951=PLANE('',#4471);
#3952=PLANE('',#4472);
#3953=PLANE('',#4473);
#3954=PLANE('',#4474);
#3955=PLANE('',#4481);
#3956=PLANE('',#4488);
#3957=PLANE('',#4495);
#3958=PLANE('',#4502);
#3959=PLANE('',#4503);
#3960=PLANE('',#4510);
#3961=PLANE('',#4517);
#3962=PLANE('',#4524);
#3963=PLANE('',#4534);
#3964=PLANE('',#4538);
#3965=PLANE('',#4539);
#3966=PLANE('',#4540);
#3967=PLANE('',#4542);
#3968=PLANE('',#4543);
#3969=PLANE('',#4544);
#3970=PLANE('',#4545);
#3971=PLANE('',#4546);
#3972=PLANE('',#4547);
#3973=PLANE('',#4548);
#3974=PLANE('',#4549);
#3975=PLANE('',#4554);
#3976=PLANE('',#4557);
#3977=PLANE('',#4562);
#3978=PLANE('',#4565);
#3979=PLANE('',#4572);
#3980=PLANE('',#4579);
#3981=PLANE('',#4580);
#3982=PLANE('',#4587);
#3983=PLANE('',#4594);
#3984=PLANE('',#4601);
#3985=PLANE('',#4608);
#3986=PLANE('',#4609);
#3987=PLANE('',#4610);
#3988=PLANE('',#4611);
#3989=PLANE('',#4612);
#3990=PLANE('',#4614);
#3991=PLANE('',#4617);
#3992=PLANE('',#4618);
#3993=PLANE('',#4619);
#3994=PLANE('',#4621);
#3995=PLANE('',#4622);
#3996=PLANE('',#4623);
#3997=PLANE('',#4624);
#3998=PLANE('',#4625);
#3999=PLANE('',#4626);
#4000=PLANE('',#4627);
#4001=PLANE('',#4628);
#4002=PLANE('',#4635);
#4003=PLANE('',#4642);
#4004=PLANE('',#4649);
#4005=PLANE('',#4656);
#4006=PLANE('',#4657);
#4007=PLANE('',#4664);
#4008=PLANE('',#4671);
#4009=PLANE('',#4678);
#4010=PLANE('',#4685);
#4011=PLANE('',#4689);
#4012=PLANE('',#4693);
#4013=PLANE('',#4694);
#4014=PLANE('',#4695);
#4015=PLANE('',#4696);
#4016=PLANE('',#4698);
#4017=PLANE('',#4699);
#4018=PLANE('',#4700);
#4019=PLANE('',#4701);
#4020=PLANE('',#4702);
#4021=PLANE('',#4703);
#4022=PLANE('',#4704);
#4023=PLANE('',#4705);
#4024=PLANE('',#4712);
#4025=PLANE('',#4719);
#4026=PLANE('',#4726);
#4027=PLANE('',#4733);
#4028=PLANE('',#4734);
#4029=PLANE('',#4741);
#4030=PLANE('',#4748);
#4031=PLANE('',#4755);
#4032=PLANE('',#4762);
#4033=PLANE('',#4763);
#4034=PLANE('',#4764);
#4035=PLANE('',#4766);
#4036=PLANE('',#4769);
#4037=PLANE('',#4770);
#4038=PLANE('',#4771);
#4039=PLANE('',#4776);
#4040=PLANE('',#4783);
#4041=PLANE('',#4790);
#4042=PLANE('',#4797);
#4043=PLANE('',#4801);
#4044=PLANE('',#4809);
#4045=PLANE('',#4811);
#4046=PLANE('',#4819);
#4047=PLANE('',#4822);
#4048=PLANE('',#4823);
#4049=PLANE('',#4830);
#4050=PLANE('',#4831);
#4051=PLANE('',#4833);
#4052=PLANE('',#4835);
#4053=PLANE('',#4836);
#4054=PLANE('',#4837);
#4055=PLANE('',#4838);
#4056=PLANE('',#4840);
#4057=PLANE('',#4843);
#4058=PLANE('',#4844);
#4059=PLANE('',#4845);
#4060=PLANE('',#4847);
#4061=PLANE('',#4849);
#4062=PLANE('',#4851);
#4063=PLANE('',#4855);
#4064=ADVANCED_FACE('',(#529),#3919,.T.);
#4065=ADVANCED_FACE('',(#530),#3920,.F.);
#4066=ADVANCED_FACE('',(#531),#3921,.T.);
#4067=ADVANCED_FACE('',(#532),#3922,.T.);
#4068=ADVANCED_FACE('',(#533),#3923,.T.);
#4069=ADVANCED_FACE('',(#534),#3924,.T.);
#4070=ADVANCED_FACE('',(#535),#3925,.F.);
#4071=ADVANCED_FACE('',(#536),#3926,.T.);
#4072=ADVANCED_FACE('',(#537,#160),#3927,.F.);
#4073=ADVANCED_FACE('',(#538),#59,.F.);
#4074=ADVANCED_FACE('',(#539),#60,.F.);
#4075=ADVANCED_FACE('',(#540,#161),#3928,.F.);
#4076=ADVANCED_FACE('',(#541),#61,.F.);
#4077=ADVANCED_FACE('',(#542),#62,.F.);
#4078=ADVANCED_FACE('',(#543,#162),#3929,.F.);
#4079=ADVANCED_FACE('',(#544),#63,.F.);
#4080=ADVANCED_FACE('',(#545),#64,.F.);
#4081=ADVANCED_FACE('',(#546,#163),#3930,.F.);
#4082=ADVANCED_FACE('',(#547),#65,.F.);
#4083=ADVANCED_FACE('',(#548),#66,.F.);
#4084=ADVANCED_FACE('',(#549,#164),#3931,.F.);
#4085=ADVANCED_FACE('',(#550),#67,.F.);
#4086=ADVANCED_FACE('',(#551),#68,.F.);
#4087=ADVANCED_FACE('',(#552,#165),#3932,.F.);
#4088=ADVANCED_FACE('',(#553),#69,.F.);
#4089=ADVANCED_FACE('',(#554),#70,.F.);
#4090=ADVANCED_FACE('',(#555,#166),#3933,.F.);
#4091=ADVANCED_FACE('',(#556),#71,.F.);
#4092=ADVANCED_FACE('',(#557),#72,.F.);
#4093=ADVANCED_FACE('',(#558,#167),#3934,.F.);
#4094=ADVANCED_FACE('',(#559),#73,.F.);
#4095=ADVANCED_FACE('',(#560),#3935,.F.);
#4096=ADVANCED_FACE('',(#561),#74,.F.);
#4097=ADVANCED_FACE('',(#562,#168,#169),#3936,.F.);
#4098=ADVANCED_FACE('',(#563),#3937,.T.);
#4099=ADVANCED_FACE('',(#564),#3938,.F.);
#4100=ADVANCED_FACE('',(#565),#3939,.F.);
#4101=ADVANCED_FACE('',(#566,#170,#171,#172,#173,#174,#175),#3940,.F.);
#4102=ADVANCED_FACE('',(#567),#3941,.F.);
#4103=ADVANCED_FACE('',(#568,#176,#177,#178),#3942,.F.);
#4104=ADVANCED_FACE('',(#569),#3943,.F.);
#4105=ADVANCED_FACE('',(#570),#3944,.T.);
#4106=ADVANCED_FACE('',(#571,#179,#180,#181),#3945,.F.);
#4107=ADVANCED_FACE('',(#572),#75,.T.);
#4108=ADVANCED_FACE('',(#573,#182,#183,#184,#185),#3946,.F.);
#4109=ADVANCED_FACE('',(#574),#3947,.F.);
#4110=ADVANCED_FACE('',(#575),#3948,.F.);
#4111=ADVANCED_FACE('',(#576),#3949,.T.);
#4112=ADVANCED_FACE('',(#577),#3950,.T.);
#4113=ADVANCED_FACE('',(#578),#3951,.T.);
#4114=ADVANCED_FACE('',(#579),#3952,.T.);
#4115=ADVANCED_FACE('',(#580),#3953,.T.);
#4116=ADVANCED_FACE('',(#581,#186),#3954,.F.);
#4117=ADVANCED_FACE('',(#582),#76,.F.);
#4118=ADVANCED_FACE('',(#583),#77,.F.);
#4119=ADVANCED_FACE('',(#584,#187),#3955,.F.);
#4120=ADVANCED_FACE('',(#585),#78,.F.);
#4121=ADVANCED_FACE('',(#586),#79,.F.);
#4122=ADVANCED_FACE('',(#587,#188),#3956,.F.);
#4123=ADVANCED_FACE('',(#588),#80,.F.);
#4124=ADVANCED_FACE('',(#589),#81,.F.);
#4125=ADVANCED_FACE('',(#590,#189),#3957,.F.);
#4126=ADVANCED_FACE('',(#591),#82,.F.);
#4127=ADVANCED_FACE('',(#592),#83,.F.);
#4128=ADVANCED_FACE('',(#593),#3958,.T.);
#4129=ADVANCED_FACE('',(#594,#190),#3959,.F.);
#4130=ADVANCED_FACE('',(#595),#84,.F.);
#4131=ADVANCED_FACE('',(#596),#85,.F.);
#4132=ADVANCED_FACE('',(#597,#191),#3960,.F.);
#4133=ADVANCED_FACE('',(#598),#86,.F.);
#4134=ADVANCED_FACE('',(#599),#87,.F.);
#4135=ADVANCED_FACE('',(#600,#192),#3961,.F.);
#4136=ADVANCED_FACE('',(#601),#88,.F.);
#4137=ADVANCED_FACE('',(#602),#89,.F.);
#4138=ADVANCED_FACE('',(#603,#193),#3962,.F.);
#4139=ADVANCED_FACE('',(#604),#90,.F.);
#4140=ADVANCED_FACE('',(#605),#91,.F.);
#4141=ADVANCED_FACE('',(#606),#92,.T.);
#4142=ADVANCED_FACE('',(#607,#194,#195,#196,#197,#198,#199,#200,#201,#202,
#203),#3963,.F.);
#4143=ADVANCED_FACE('',(#608),#93,.T.);
#4144=ADVANCED_FACE('',(#609,#204,#205,#206,#207,#208,#209,#210,#211,#212,
#213),#3964,.F.);
#4145=ADVANCED_FACE('',(#610),#3965,.F.);
#4146=ADVANCED_FACE('',(#611),#3966,.F.);
#4147=ADVANCED_FACE('',(#612),#3967,.T.);
#4148=ADVANCED_FACE('',(#613),#3968,.T.);
#4149=ADVANCED_FACE('',(#614),#3969,.T.);
#4150=ADVANCED_FACE('',(#615),#3970,.T.);
#4151=ADVANCED_FACE('',(#616),#3971,.T.);
#4152=ADVANCED_FACE('',(#617),#3972,.T.);
#4153=ADVANCED_FACE('',(#618),#3973,.T.);
#4154=ADVANCED_FACE('',(#619,#214),#3974,.F.);
#4155=ADVANCED_FACE('',(#620),#94,.F.);
#4156=ADVANCED_FACE('',(#621),#3975,.F.);
#4157=ADVANCED_FACE('',(#622),#95,.F.);
#4158=ADVANCED_FACE('',(#623,#215),#3976,.F.);
#4159=ADVANCED_FACE('',(#624),#96,.F.);
#4160=ADVANCED_FACE('',(#625),#3977,.F.);
#4161=ADVANCED_FACE('',(#626),#97,.F.);
#4162=ADVANCED_FACE('',(#627,#216),#3978,.F.);
#4163=ADVANCED_FACE('',(#628),#98,.F.);
#4164=ADVANCED_FACE('',(#629),#99,.F.);
#4165=ADVANCED_FACE('',(#630,#217),#3979,.F.);
#4166=ADVANCED_FACE('',(#631),#100,.F.);
#4167=ADVANCED_FACE('',(#632),#101,.F.);
#4168=ADVANCED_FACE('',(#633),#3980,.T.);
#4169=ADVANCED_FACE('',(#634,#218),#3981,.F.);
#4170=ADVANCED_FACE('',(#635),#102,.F.);
#4171=ADVANCED_FACE('',(#636),#103,.F.);
#4172=ADVANCED_FACE('',(#637,#219),#3982,.F.);
#4173=ADVANCED_FACE('',(#638),#104,.F.);
#4174=ADVANCED_FACE('',(#639),#105,.F.);
#4175=ADVANCED_FACE('',(#640,#220),#3983,.F.);
#4176=ADVANCED_FACE('',(#641),#106,.F.);
#4177=ADVANCED_FACE('',(#642),#107,.F.);
#4178=ADVANCED_FACE('',(#643,#221),#3984,.F.);
#4179=ADVANCED_FACE('',(#644),#108,.F.);
#4180=ADVANCED_FACE('',(#645),#109,.F.);
#4181=ADVANCED_FACE('',(#646,#222,#223,#224,#225),#3985,.F.);
#4182=ADVANCED_FACE('',(#647),#3986,.F.);
#4183=ADVANCED_FACE('',(#648),#3987,.F.);
#4184=ADVANCED_FACE('',(#649),#3988,.F.);
#4185=ADVANCED_FACE('',(#650,#226,#227,#228,#229),#3989,.F.);
#4186=ADVANCED_FACE('',(#651),#3990,.F.);
#4187=ADVANCED_FACE('',(#652),#110,.T.);
#4188=ADVANCED_FACE('',(#653,#230,#231,#232,#233),#3991,.F.);
#4189=ADVANCED_FACE('',(#654,#234,#235,#236,#237,#238,#239),#3992,.T.);
#4190=ADVANCED_FACE('',(#655),#3993,.F.);
#4191=ADVANCED_FACE('',(#656),#3994,.F.);
#4192=ADVANCED_FACE('',(#657),#3995,.F.);
#4193=ADVANCED_FACE('',(#658),#3996,.T.);
#4194=ADVANCED_FACE('',(#659),#3997,.T.);
#4195=ADVANCED_FACE('',(#660),#3998,.T.);
#4196=ADVANCED_FACE('',(#661),#3999,.T.);
#4197=ADVANCED_FACE('',(#662),#4000,.T.);
#4198=ADVANCED_FACE('',(#663,#240),#4001,.F.);
#4199=ADVANCED_FACE('',(#664),#111,.F.);
#4200=ADVANCED_FACE('',(#665),#112,.F.);
#4201=ADVANCED_FACE('',(#666,#241),#4002,.F.);
#4202=ADVANCED_FACE('',(#667),#113,.F.);
#4203=ADVANCED_FACE('',(#668),#114,.F.);
#4204=ADVANCED_FACE('',(#669,#242),#4003,.F.);
#4205=ADVANCED_FACE('',(#670),#115,.F.);
#4206=ADVANCED_FACE('',(#671),#116,.F.);
#4207=ADVANCED_FACE('',(#672,#243),#4004,.F.);
#4208=ADVANCED_FACE('',(#673),#117,.F.);
#4209=ADVANCED_FACE('',(#674),#118,.F.);
#4210=ADVANCED_FACE('',(#675),#4005,.T.);
#4211=ADVANCED_FACE('',(#676,#244),#4006,.F.);
#4212=ADVANCED_FACE('',(#677),#119,.F.);
#4213=ADVANCED_FACE('',(#678),#120,.F.);
#4214=ADVANCED_FACE('',(#679,#245),#4007,.F.);
#4215=ADVANCED_FACE('',(#680),#121,.F.);
#4216=ADVANCED_FACE('',(#681),#122,.F.);
#4217=ADVANCED_FACE('',(#682,#246),#4008,.F.);
#4218=ADVANCED_FACE('',(#683),#123,.F.);
#4219=ADVANCED_FACE('',(#684),#124,.F.);
#4220=ADVANCED_FACE('',(#685,#247),#4009,.F.);
#4221=ADVANCED_FACE('',(#686),#125,.F.);
#4222=ADVANCED_FACE('',(#687),#126,.F.);
#4223=ADVANCED_FACE('',(#688,#248,#249,#250,#251,#252,#253),#4010,.F.);
#4224=ADVANCED_FACE('',(#689),#127,.T.);
#4225=ADVANCED_FACE('',(#690),#4011,.F.);
#4226=ADVANCED_FACE('',(#691),#128,.T.);
#4227=ADVANCED_FACE('',(#692,#254,#255,#256,#257),#4012,.T.);
#4228=ADVANCED_FACE('',(#693,#258,#259,#260,#261),#4013,.F.);
#4229=ADVANCED_FACE('',(#694),#4014,.F.);
#4230=ADVANCED_FACE('',(#695,#262,#263,#264,#265,#266,#267),#4015,.F.);
#4231=ADVANCED_FACE('',(#696),#4016,.T.);
#4232=ADVANCED_FACE('',(#697),#4017,.T.);
#4233=ADVANCED_FACE('',(#698),#4018,.T.);
#4234=ADVANCED_FACE('',(#699),#4019,.T.);
#4235=ADVANCED_FACE('',(#700),#4020,.T.);
#4236=ADVANCED_FACE('',(#701),#4021,.T.);
#4237=ADVANCED_FACE('',(#702),#4022,.T.);
#4238=ADVANCED_FACE('',(#703,#268),#4023,.F.);
#4239=ADVANCED_FACE('',(#704),#129,.F.);
#4240=ADVANCED_FACE('',(#705),#130,.F.);
#4241=ADVANCED_FACE('',(#706,#269),#4024,.F.);
#4242=ADVANCED_FACE('',(#707),#131,.F.);
#4243=ADVANCED_FACE('',(#708),#132,.F.);
#4244=ADVANCED_FACE('',(#709,#270),#4025,.F.);
#4245=ADVANCED_FACE('',(#710),#133,.F.);
#4246=ADVANCED_FACE('',(#711),#134,.F.);
#4247=ADVANCED_FACE('',(#712,#271),#4026,.F.);
#4248=ADVANCED_FACE('',(#713),#135,.F.);
#4249=ADVANCED_FACE('',(#714),#136,.F.);
#4250=ADVANCED_FACE('',(#715),#4027,.T.);
#4251=ADVANCED_FACE('',(#716,#272),#4028,.F.);
#4252=ADVANCED_FACE('',(#717),#137,.F.);
#4253=ADVANCED_FACE('',(#718),#138,.F.);
#4254=ADVANCED_FACE('',(#719,#273),#4029,.F.);
#4255=ADVANCED_FACE('',(#720),#139,.F.);
#4256=ADVANCED_FACE('',(#721),#140,.F.);
#4257=ADVANCED_FACE('',(#722,#274),#4030,.F.);
#4258=ADVANCED_FACE('',(#723),#141,.F.);
#4259=ADVANCED_FACE('',(#724),#142,.F.);
#4260=ADVANCED_FACE('',(#725,#275),#4031,.F.);
#4261=ADVANCED_FACE('',(#726),#143,.F.);
#4262=ADVANCED_FACE('',(#727),#144,.F.);
#4263=ADVANCED_FACE('',(#728,#276,#277,#278,#279,#280,#281),#4032,.F.);
#4264=ADVANCED_FACE('',(#729),#4033,.F.);
#4265=ADVANCED_FACE('',(#730,#282,#283,#284,#285),#4034,.F.);
#4266=ADVANCED_FACE('',(#731),#4035,.F.);
#4267=ADVANCED_FACE('',(#732),#145,.T.);
#4268=ADVANCED_FACE('',(#733,#286,#287,#288,#289),#4036,.F.);
#4269=ADVANCED_FACE('',(#734,#290,#291,#292,#293,#294,#295),#4037,.T.);
#4270=ADVANCED_FACE('',(#735),#4038,.F.);
#4271=ADVANCED_FACE('',(#736),#146,.F.);
#4272=ADVANCED_FACE('',(#737,#296),#4039,.F.);
#4273=ADVANCED_FACE('',(#738),#147,.F.);
#4274=ADVANCED_FACE('',(#739),#148,.F.);
#4275=ADVANCED_FACE('',(#740,#297),#4040,.F.);
#4276=ADVANCED_FACE('',(#741),#149,.F.);
#4277=ADVANCED_FACE('',(#742),#150,.F.);
#4278=ADVANCED_FACE('',(#743,#298),#4041,.F.);
#4279=ADVANCED_FACE('',(#744),#151,.F.);
#4280=ADVANCED_FACE('',(#745),#152,.F.);
#4281=ADVANCED_FACE('',(#746,#299),#4042,.F.);
#4282=ADVANCED_FACE('',(#747),#153,.F.);
#4283=ADVANCED_FACE('',(#748,#300),#4043,.T.);
#4284=ADVANCED_FACE('',(#749),#154,.T.);
#4285=ADVANCED_FACE('',(#750),#155,.T.);
#4286=ADVANCED_FACE('',(#751,#301),#4044,.T.);
#4287=ADVANCED_FACE('',(#752,#302),#4045,.T.);
#4288=ADVANCED_FACE('',(#753),#156,.T.);
#4289=ADVANCED_FACE('',(#754),#157,.T.);
#4290=ADVANCED_FACE('',(#755,#303),#4046,.T.);
#4291=ADVANCED_FACE('',(#756),#4047,.F.);
#4292=ADVANCED_FACE('',(#757),#4048,.F.);
#4293=ADVANCED_FACE('',(#758),#158,.T.);
#4294=ADVANCED_FACE('',(#759),#4049,.F.);
#4295=ADVANCED_FACE('',(#760,#304),#4050,.T.);
#4296=ADVANCED_FACE('',(#761,#305),#4051,.T.);
#4297=ADVANCED_FACE('',(#762),#4052,.F.);
#4298=ADVANCED_FACE('',(#763),#4053,.F.);
#4299=ADVANCED_FACE('',(#764),#4054,.T.);
#4300=ADVANCED_FACE('',(#765,#306),#4055,.T.);
#4301=ADVANCED_FACE('',(#766,#307),#4056,.T.);
#4302=ADVANCED_FACE('',(#767),#4057,.F.);
#4303=ADVANCED_FACE('',(#768),#4058,.T.);
#4304=ADVANCED_FACE('',(#769),#4059,.T.);
#4305=ADVANCED_FACE('',(#770),#4060,.T.);
#4306=ADVANCED_FACE('',(#771),#4061,.T.);
#4307=ADVANCED_FACE('',(#772),#4062,.T.);
#4308=ADVANCED_FACE('',(#773),#159,.F.);
#4309=ADVANCED_FACE('',(#774,#308),#4063,.T.);
#4310=CLOSED_SHELL('',(#4064,#4065,#4066,#4067,#4068,#4069,#4070,#4071,
#4072,#4073,#4074,#4075,#4076,#4077,#4078,#4079,#4080,#4081,#4082,#4083,
#4084,#4085,#4086,#4087,#4088,#4089,#4090,#4091,#4092,#4093,#4094,#4095,
#4096,#4097,#4098,#4099,#4100,#4101,#4102,#4103,#4104,#4105,#4106,#4107,
#4108));
#4311=CLOSED_SHELL('',(#4109,#4110,#4111,#4112,#4113,#4114,#4115,#4116,
#4117,#4118,#4119,#4120,#4121,#4122,#4123,#4124,#4125,#4126,#4127,#4128,
#4129,#4130,#4131,#4132,#4133,#4134,#4135,#4136,#4137,#4138,#4139,#4140,
#4141,#4142,#4143,#4144,#4145,#4146));
#4312=CLOSED_SHELL('',(#4147,#4148,#4149,#4150,#4151,#4152,#4153,#4154,
#4155,#4156,#4157,#4158,#4159,#4160,#4161,#4162,#4163,#4164,#4165,#4166,
#4167,#4168,#4169,#4170,#4171,#4172,#4173,#4174,#4175,#4176,#4177,#4178,
#4179,#4180,#4181,#4182,#4183,#4184,#4185,#4186,#4187,#4188,#4189,#4190));
#4313=CLOSED_SHELL('',(#4191,#4192,#4193,#4194,#4195,#4196,#4197,#4198,
#4199,#4200,#4201,#4202,#4203,#4204,#4205,#4206,#4207,#4208,#4209,#4210,
#4211,#4212,#4213,#4214,#4215,#4216,#4217,#4218,#4219,#4220,#4221,#4222,
#4223,#4224,#4225,#4226,#4227,#4228,#4229,#4230));
#4314=CLOSED_SHELL('',(#4231,#4232,#4233,#4234,#4235,#4236,#4237,#4238,
#4239,#4240,#4241,#4242,#4243,#4244,#4245,#4246,#4247,#4248,#4249,#4250,
#4251,#4252,#4253,#4254,#4255,#4256,#4257,#4258,#4259,#4260,#4261,#4262,
#4263,#4264,#4265,#4266,#4267,#4268,#4269,#4270));
#4315=CLOSED_SHELL('',(#4271,#4272,#4273,#4274,#4275,#4276,#4277,#4278,
#4279,#4280,#4281,#4282,#4283,#4284,#4285,#4286,#4287,#4288,#4289,#4290,
#4291,#4292,#4293,#4294,#4295,#4296,#4297,#4298,#4299,#4300,#4301,#4302,
#4303,#4304,#4305,#4306,#4307,#4308,#4309));
#4316=DERIVED_UNIT_ELEMENT(#4328,1.);
#4317=DERIVED_UNIT_ELEMENT(#7376,-3.);
#4318=DERIVED_UNIT_ELEMENT(#4328,1.);
#4319=DERIVED_UNIT_ELEMENT(#7376,-3.);
#4320=DERIVED_UNIT_ELEMENT(#4328,1.);
#4321=DERIVED_UNIT_ELEMENT(#7376,-3.);
#4322=DERIVED_UNIT_ELEMENT(#4328,1.);
#4323=DERIVED_UNIT_ELEMENT(#7376,-3.);
#4324=DERIVED_UNIT_ELEMENT(#4328,1.);
#4325=DERIVED_UNIT_ELEMENT(#7376,-3.);
#4326=DERIVED_UNIT_ELEMENT(#4328,1.);
#4327=DERIVED_UNIT_ELEMENT(#7376,-3.);
#4328=(
MASS_UNIT()
NAMED_UNIT(*)
SI_UNIT(.KILO.,.GRAM.)
);
#4329=DERIVED_UNIT((#4316,#4317));
#4330=DERIVED_UNIT((#4318,#4319));
#4331=DERIVED_UNIT((#4320,#4321));
#4332=DERIVED_UNIT((#4322,#4323));
#4333=DERIVED_UNIT((#4324,#4325));
#4334=DERIVED_UNIT((#4326,#4327));
#4335=MEASURE_REPRESENTATION_ITEM('density measure',
POSITIVE_RATIO_MEASURE(7850.),#4329);
#4336=MEASURE_REPRESENTATION_ITEM('density measure',
POSITIVE_RATIO_MEASURE(7850.),#4330);
#4337=MEASURE_REPRESENTATION_ITEM('density measure',
POSITIVE_RATIO_MEASURE(7850.),#4331);
#4338=MEASURE_REPRESENTATION_ITEM('density measure',
POSITIVE_RATIO_MEASURE(7850.),#4332);
#4339=MEASURE_REPRESENTATION_ITEM('density measure',
POSITIVE_RATIO_MEASURE(7850.),#4333);
#4340=MEASURE_REPRESENTATION_ITEM('density measure',
POSITIVE_RATIO_MEASURE(7850.),#4334);
#4341=PROPERTY_DEFINITION_REPRESENTATION(#4371,#4353);
#4342=PROPERTY_DEFINITION_REPRESENTATION(#4372,#4354);
#4343=PROPERTY_DEFINITION_REPRESENTATION(#4373,#4355);
#4344=PROPERTY_DEFINITION_REPRESENTATION(#4374,#4356);
#4345=PROPERTY_DEFINITION_REPRESENTATION(#4375,#4357);
#4346=PROPERTY_DEFINITION_REPRESENTATION(#4376,#4358);
#4347=PROPERTY_DEFINITION_REPRESENTATION(#4377,#4359);
#4348=PROPERTY_DEFINITION_REPRESENTATION(#4378,#4360);
#4349=PROPERTY_DEFINITION_REPRESENTATION(#4379,#4361);
#4350=PROPERTY_DEFINITION_REPRESENTATION(#4380,#4362);
#4351=PROPERTY_DEFINITION_REPRESENTATION(#4381,#4363);
#4352=PROPERTY_DEFINITION_REPRESENTATION(#4382,#4364);
#4353=REPRESENTATION('material name',(#4365),#7368);
#4354=REPRESENTATION('density',(#4335),#7368);
#4355=REPRESENTATION('material name',(#4366),#7369);
#4356=REPRESENTATION('density',(#4336),#7369);
#4357=REPRESENTATION('material name',(#4367),#7370);
#4358=REPRESENTATION('density',(#4337),#7370);
#4359=REPRESENTATION('material name',(#4368),#7371);
#4360=REPRESENTATION('density',(#4338),#7371);
#4361=REPRESENTATION('material name',(#4369),#7372);
#4362=REPRESENTATION('density',(#4339),#7372);
#4363=REPRESENTATION('material name',(#4370),#7373);
#4364=REPRESENTATION('density',(#4340),#7373);
#4365=DESCRIPTIVE_REPRESENTATION_ITEM('\X2\92FC\X0\','\X2\92FC\X0\');
#4366=DESCRIPTIVE_REPRESENTATION_ITEM('\X2\92FC\X0\','\X2\92FC\X0\');
#4367=DESCRIPTIVE_REPRESENTATION_ITEM('\X2\92FC\X0\','\X2\92FC\X0\');
#4368=DESCRIPTIVE_REPRESENTATION_ITEM('\X2\92FC\X0\','\X2\92FC\X0\');
#4369=DESCRIPTIVE_REPRESENTATION_ITEM('\X2\92FC\X0\','\X2\92FC\X0\');
#4370=DESCRIPTIVE_REPRESENTATION_ITEM('\X2\92FC\X0\','\X2\92FC\X0\');
#4371=PROPERTY_DEFINITION('material property','material name',#7408);
#4372=PROPERTY_DEFINITION('material property','density of part',#7408);
#4373=PROPERTY_DEFINITION('material property','material name',#7409);
#4374=PROPERTY_DEFINITION('material property','density of part',#7409);
#4375=PROPERTY_DEFINITION('material property','material name',#7410);
#4376=PROPERTY_DEFINITION('material property','density of part',#7410);
#4377=PROPERTY_DEFINITION('material property','material name',#7411);
#4378=PROPERTY_DEFINITION('material property','density of part',#7411);
#4379=PROPERTY_DEFINITION('material property','material name',#7412);
#4380=PROPERTY_DEFINITION('material property','density of part',#7412);
#4381=PROPERTY_DEFINITION('material property','material name',#7413);
#4382=PROPERTY_DEFINITION('material property','density of part',#7413);
#4383=AXIS2_PLACEMENT_3D('',#6163,#4862,#4863);
#4384=AXIS2_PLACEMENT_3D('',#6164,#4864,#4865);
#4385=AXIS2_PLACEMENT_3D('',#6165,#4866,#4867);
#4386=AXIS2_PLACEMENT_3D('',#6174,#4872,#4873);
#4387=AXIS2_PLACEMENT_3D('',#6180,#4877,#4878);
#4388=AXIS2_PLACEMENT_3D('',#6189,#4883,#4884);
#4389=AXIS2_PLACEMENT_3D('',#6195,#4888,#4889);
#4390=AXIS2_PLACEMENT_3D('',#6201,#4893,#4894);
#4391=AXIS2_PLACEMENT_3D('',#6204,#4897,#4898);
#4392=AXIS2_PLACEMENT_3D('',#6210,#4902,#4903);
#4393=AXIS2_PLACEMENT_3D('',#6213,#4906,#4907);
#4394=AXIS2_PLACEMENT_3D('',#6215,#4908,#4909);
#4395=AXIS2_PLACEMENT_3D('',#6217,#4910,#4911);
#4396=AXIS2_PLACEMENT_3D('',#6218,#4912,#4913);
#4397=AXIS2_PLACEMENT_3D('',#6221,#4915,#4916);
#4398=AXIS2_PLACEMENT_3D('',#6222,#4917,#4918);
#4399=AXIS2_PLACEMENT_3D('',#6224,#4919,#4920);
#4400=AXIS2_PLACEMENT_3D('',#6226,#4922,#4923);
#4401=AXIS2_PLACEMENT_3D('',#6228,#4924,#4925);
#4402=AXIS2_PLACEMENT_3D('',#6230,#4926,#4927);
#4403=AXIS2_PLACEMENT_3D('',#6231,#4928,#4929);
#4404=AXIS2_PLACEMENT_3D('',#6234,#4931,#4932);
#4405=AXIS2_PLACEMENT_3D('',#6235,#4933,#4934);
#4406=AXIS2_PLACEMENT_3D('',#6237,#4935,#4936);
#4407=AXIS2_PLACEMENT_3D('',#6239,#4938,#4939);
#4408=AXIS2_PLACEMENT_3D('',#6241,#4940,#4941);
#4409=AXIS2_PLACEMENT_3D('',#6243,#4942,#4943);
#4410=AXIS2_PLACEMENT_3D('',#6244,#4944,#4945);
#4411=AXIS2_PLACEMENT_3D('',#6247,#4947,#4948);
#4412=AXIS2_PLACEMENT_3D('',#6248,#4949,#4950);
#4413=AXIS2_PLACEMENT_3D('',#6250,#4951,#4952);
#4414=AXIS2_PLACEMENT_3D('',#6252,#4954,#4955);
#4415=AXIS2_PLACEMENT_3D('',#6254,#4956,#4957);
#4416=AXIS2_PLACEMENT_3D('',#6256,#4958,#4959);
#4417=AXIS2_PLACEMENT_3D('',#6257,#4960,#4961);
#4418=AXIS2_PLACEMENT_3D('',#6260,#4963,#4964);
#4419=AXIS2_PLACEMENT_3D('',#6261,#4965,#4966);
#4420=AXIS2_PLACEMENT_3D('',#6263,#4967,#4968);
#4421=AXIS2_PLACEMENT_3D('',#6265,#4970,#4971);
#4422=AXIS2_PLACEMENT_3D('',#6267,#4972,#4973);
#4423=AXIS2_PLACEMENT_3D('',#6269,#4974,#4975);
#4424=AXIS2_PLACEMENT_3D('',#6270,#4976,#4977);
#4425=AXIS2_PLACEMENT_3D('',#6274,#4979,#4980);
#4426=AXIS2_PLACEMENT_3D('',#6275,#4981,#4982);
#4427=AXIS2_PLACEMENT_3D('',#6276,#4983,#4984);
#4428=AXIS2_PLACEMENT_3D('',#6278,#4985,#4986);
#4429=AXIS2_PLACEMENT_3D('',#6280,#4988,#4989);
#4430=AXIS2_PLACEMENT_3D('',#6282,#4990,#4991);
#4431=AXIS2_PLACEMENT_3D('',#6284,#4992,#4993);
#4432=AXIS2_PLACEMENT_3D('',#6285,#4994,#4995);
#4433=AXIS2_PLACEMENT_3D('',#6289,#4997,#4998);
#4434=AXIS2_PLACEMENT_3D('',#6290,#4999,#5000);
#4435=AXIS2_PLACEMENT_3D('',#6291,#5001,#5002);
#4436=AXIS2_PLACEMENT_3D('',#6293,#5003,#5004);
#4437=AXIS2_PLACEMENT_3D('',#6295,#5006,#5007);
#4438=AXIS2_PLACEMENT_3D('',#6297,#5008,#5009);
#4439=AXIS2_PLACEMENT_3D('',#6299,#5010,#5011);
#4440=AXIS2_PLACEMENT_3D('',#6300,#5012,#5013);
#4441=AXIS2_PLACEMENT_3D('',#6303,#5015,#5016);
#4442=AXIS2_PLACEMENT_3D('',#6304,#5017,#5018);
#4443=AXIS2_PLACEMENT_3D('',#6306,#5019,#5020);
#4444=AXIS2_PLACEMENT_3D('',#6308,#5022,#5023);
#4445=AXIS2_PLACEMENT_3D('',#6310,#5024,#5025);
#4446=AXIS2_PLACEMENT_3D('',#6312,#5026,#5027);
#4447=AXIS2_PLACEMENT_3D('',#6313,#5028,#5029);
#4448=AXIS2_PLACEMENT_3D('',#6316,#5031,#5032);
#4449=AXIS2_PLACEMENT_3D('',#6317,#5033,#5034);
#4450=AXIS2_PLACEMENT_3D('',#6318,#5035,#5036);
#4451=AXIS2_PLACEMENT_3D('',#6320,#5037,#5038);
#4452=AXIS2_PLACEMENT_3D('',#6322,#5040,#5041);
#4453=AXIS2_PLACEMENT_3D('',#6324,#5042,#5043);
#4454=AXIS2_PLACEMENT_3D('',#6339,#5052,#5053);
#4455=AXIS2_PLACEMENT_3D('',#6345,#5057,#5058);
#4456=AXIS2_PLACEMENT_3D('',#6351,#5062,#5063);
#4457=AXIS2_PLACEMENT_3D('',#6353,#5065,#5066);
#4458=AXIS2_PLACEMENT_3D('',#6359,#5070,#5071);
#4459=AXIS2_PLACEMENT_3D('',#6366,#5076,#5077);
#4460=AXIS2_PLACEMENT_3D('',#6368,#5079,#5080);
#4461=AXIS2_PLACEMENT_3D('',#6369,#5081,#5082);
#4462=AXIS2_PLACEMENT_3D('',#6371,#5084,#5085);
#4463=AXIS2_PLACEMENT_3D('',#6372,#5086,#5087);
#4464=AXIS2_PLACEMENT_3D('',#6375,#5089,#5090);
#4465=AXIS2_PLACEMENT_3D('',#6376,#5091,#5092);
#4466=AXIS2_PLACEMENT_3D('',#6377,#5093,#5094);
#4467=AXIS2_PLACEMENT_3D('',#6378,#5095,#5096);
#4468=AXIS2_PLACEMENT_3D('',#6387,#5101,#5102);
#4469=AXIS2_PLACEMENT_3D('',#6396,#5107,#5108);
#4470=AXIS2_PLACEMENT_3D('',#6402,#5112,#5113);
#4471=AXIS2_PLACEMENT_3D('',#6408,#5117,#5118);
#4472=AXIS2_PLACEMENT_3D('',#6414,#5122,#5123);
#4473=AXIS2_PLACEMENT_3D('',#6417,#5126,#5127);
#4474=AXIS2_PLACEMENT_3D('',#6423,#5131,#5132);
#4475=AXIS2_PLACEMENT_3D('',#6425,#5133,#5134);
#4476=AXIS2_PLACEMENT_3D('',#6427,#5135,#5136);
#4477=AXIS2_PLACEMENT_3D('',#6428,#5137,#5138);
#4478=AXIS2_PLACEMENT_3D('',#6431,#5140,#5141);
#4479=AXIS2_PLACEMENT_3D('',#6432,#5142,#5143);
#4480=AXIS2_PLACEMENT_3D('',#6434,#5144,#5145);
#4481=AXIS2_PLACEMENT_3D('',#6436,#5147,#5148);
#4482=AXIS2_PLACEMENT_3D('',#6438,#5149,#5150);
#4483=AXIS2_PLACEMENT_3D('',#6440,#5151,#5152);
#4484=AXIS2_PLACEMENT_3D('',#6441,#5153,#5154);
#4485=AXIS2_PLACEMENT_3D('',#6444,#5156,#5157);
#4486=AXIS2_PLACEMENT_3D('',#6445,#5158,#5159);
#4487=AXIS2_PLACEMENT_3D('',#6447,#5160,#5161);
#4488=AXIS2_PLACEMENT_3D('',#6449,#5163,#5164);
#4489=AXIS2_PLACEMENT_3D('',#6451,#5165,#5166);
#4490=AXIS2_PLACEMENT_3D('',#6453,#5167,#5168);
#4491=AXIS2_PLACEMENT_3D('',#6454,#5169,#5170);
#4492=AXIS2_PLACEMENT_3D('',#6457,#5172,#5173);
#4493=AXIS2_PLACEMENT_3D('',#6458,#5174,#5175);
#4494=AXIS2_PLACEMENT_3D('',#6460,#5176,#5177);
#4495=AXIS2_PLACEMENT_3D('',#6462,#5179,#5180);
#4496=AXIS2_PLACEMENT_3D('',#6464,#5181,#5182);
#4497=AXIS2_PLACEMENT_3D('',#6466,#5183,#5184);
#4498=AXIS2_PLACEMENT_3D('',#6467,#5185,#5186);
#4499=AXIS2_PLACEMENT_3D('',#6470,#5188,#5189);
#4500=AXIS2_PLACEMENT_3D('',#6471,#5190,#5191);
#4501=AXIS2_PLACEMENT_3D('',#6473,#5192,#5193);
#4502=AXIS2_PLACEMENT_3D('',#6475,#5195,#5196);
#4503=AXIS2_PLACEMENT_3D('',#6478,#5199,#5200);
#4504=AXIS2_PLACEMENT_3D('',#6480,#5201,#5202);
#4505=AXIS2_PLACEMENT_3D('',#6482,#5203,#5204);
#4506=AXIS2_PLACEMENT_3D('',#6483,#5205,#5206);
#4507=AXIS2_PLACEMENT_3D('',#6486,#5208,#5209);
#4508=AXIS2_PLACEMENT_3D('',#6487,#5210,#5211);
#4509=AXIS2_PLACEMENT_3D('',#6489,#5212,#5213);
#4510=AXIS2_PLACEMENT_3D('',#6491,#5215,#5216);
#4511=AXIS2_PLACEMENT_3D('',#6493,#5217,#5218);
#4512=AXIS2_PLACEMENT_3D('',#6495,#5219,#5220);
#4513=AXIS2_PLACEMENT_3D('',#6496,#5221,#5222);
#4514=AXIS2_PLACEMENT_3D('',#6499,#5224,#5225);
#4515=AXIS2_PLACEMENT_3D('',#6500,#5226,#5227);
#4516=AXIS2_PLACEMENT_3D('',#6502,#5228,#5229);
#4517=AXIS2_PLACEMENT_3D('',#6504,#5231,#5232);
#4518=AXIS2_PLACEMENT_3D('',#6506,#5233,#5234);
#4519=AXIS2_PLACEMENT_3D('',#6508,#5235,#5236);
#4520=AXIS2_PLACEMENT_3D('',#6509,#5237,#5238);
#4521=AXIS2_PLACEMENT_3D('',#6512,#5240,#5241);
#4522=AXIS2_PLACEMENT_3D('',#6513,#5242,#5243);
#4523=AXIS2_PLACEMENT_3D('',#6515,#5244,#5245);
#4524=AXIS2_PLACEMENT_3D('',#6517,#5247,#5248);
#4525=AXIS2_PLACEMENT_3D('',#6519,#5249,#5250);
#4526=AXIS2_PLACEMENT_3D('',#6521,#5251,#5252);
#4527=AXIS2_PLACEMENT_3D('',#6522,#5253,#5254);
#4528=AXIS2_PLACEMENT_3D('',#6525,#5256,#5257);
#4529=AXIS2_PLACEMENT_3D('',#6526,#5258,#5259);
#4530=AXIS2_PLACEMENT_3D('',#6528,#5260,#5261);
#4531=AXIS2_PLACEMENT_3D('',#6530,#5263,#5264);
#4532=AXIS2_PLACEMENT_3D('',#6535,#5266,#5267);
#4533=AXIS2_PLACEMENT_3D('',#6538,#5269,#5270);
#4534=AXIS2_PLACEMENT_3D('',#6539,#5271,#5272);
#4535=AXIS2_PLACEMENT_3D('',#6543,#5274,#5275);
#4536=AXIS2_PLACEMENT_3D('',#6545,#5277,#5278);
#4537=AXIS2_PLACEMENT_3D('',#6550,#5281,#5282);
#4538=AXIS2_PLACEMENT_3D('',#6551,#5283,#5284);
#4539=AXIS2_PLACEMENT_3D('',#6554,#5287,#5288);
#4540=AXIS2_PLACEMENT_3D('',#6555,#5289,#5290);
#4541=AXIS2_PLACEMENT_3D('',#6556,#5291,#5292);
#4542=AXIS2_PLACEMENT_3D('',#6557,#5293,#5294);
#4543=AXIS2_PLACEMENT_3D('',#6566,#5299,#5300);
#4544=AXIS2_PLACEMENT_3D('',#6572,#5304,#5305);
#4545=AXIS2_PLACEMENT_3D('',#6581,#5310,#5311);
#4546=AXIS2_PLACEMENT_3D('',#6587,#5315,#5316);
#4547=AXIS2_PLACEMENT_3D('',#6593,#5320,#5321);
#4548=AXIS2_PLACEMENT_3D('',#6599,#5325,#5326);
#4549=AXIS2_PLACEMENT_3D('',#6602,#5329,#5330);
#4550=AXIS2_PLACEMENT_3D('',#6604,#5331,#5332);
#4551=AXIS2_PLACEMENT_3D('',#6606,#5333,#5334);
#4552=AXIS2_PLACEMENT_3D('',#6607,#5335,#5336);
#4553=AXIS2_PLACEMENT_3D('',#6610,#5338,#5339);
#4554=AXIS2_PLACEMENT_3D('',#6611,#5340,#5341);
#4555=AXIS2_PLACEMENT_3D('',#6612,#5342,#5343);
#4556=AXIS2_PLACEMENT_3D('',#6614,#5344,#5345);
#4557=AXIS2_PLACEMENT_3D('',#6616,#5347,#5348);
#4558=AXIS2_PLACEMENT_3D('',#6618,#5349,#5350);
#4559=AXIS2_PLACEMENT_3D('',#6620,#5351,#5352);
#4560=AXIS2_PLACEMENT_3D('',#6621,#5353,#5354);
#4561=AXIS2_PLACEMENT_3D('',#6624,#5356,#5357);
#4562=AXIS2_PLACEMENT_3D('',#6625,#5358,#5359);
#4563=AXIS2_PLACEMENT_3D('',#6626,#5360,#5361);
#4564=AXIS2_PLACEMENT_3D('',#6628,#5362,#5363);
#4565=AXIS2_PLACEMENT_3D('',#6630,#5365,#5366);
#4566=AXIS2_PLACEMENT_3D('',#6632,#5367,#5368);
#4567=AXIS2_PLACEMENT_3D('',#6634,#5369,#5370);
#4568=AXIS2_PLACEMENT_3D('',#6635,#5371,#5372);
#4569=AXIS2_PLACEMENT_3D('',#6638,#5374,#5375);
#4570=AXIS2_PLACEMENT_3D('',#6639,#5376,#5377);
#4571=AXIS2_PLACEMENT_3D('',#6641,#5378,#5379);
#4572=AXIS2_PLACEMENT_3D('',#6643,#5381,#5382);
#4573=AXIS2_PLACEMENT_3D('',#6645,#5383,#5384);
#4574=AXIS2_PLACEMENT_3D('',#6647,#5385,#5386);
#4575=AXIS2_PLACEMENT_3D('',#6648,#5387,#5388);
#4576=AXIS2_PLACEMENT_3D('',#6651,#5390,#5391);
#4577=AXIS2_PLACEMENT_3D('',#6652,#5392,#5393);
#4578=AXIS2_PLACEMENT_3D('',#6654,#5394,#5395);
#4579=AXIS2_PLACEMENT_3D('',#6656,#5397,#5398);
#4580=AXIS2_PLACEMENT_3D('',#6659,#5401,#5402);
#4581=AXIS2_PLACEMENT_3D('',#6661,#5403,#5404);
#4582=AXIS2_PLACEMENT_3D('',#6663,#5405,#5406);
#4583=AXIS2_PLACEMENT_3D('',#6664,#5407,#5408);
#4584=AXIS2_PLACEMENT_3D('',#6667,#5410,#5411);
#4585=AXIS2_PLACEMENT_3D('',#6668,#5412,#5413);
#4586=AXIS2_PLACEMENT_3D('',#6670,#5414,#5415);
#4587=AXIS2_PLACEMENT_3D('',#6672,#5417,#5418);
#4588=AXIS2_PLACEMENT_3D('',#6674,#5419,#5420);
#4589=AXIS2_PLACEMENT_3D('',#6676,#5421,#5422);
#4590=AXIS2_PLACEMENT_3D('',#6677,#5423,#5424);
#4591=AXIS2_PLACEMENT_3D('',#6680,#5426,#5427);
#4592=AXIS2_PLACEMENT_3D('',#6681,#5428,#5429);
#4593=AXIS2_PLACEMENT_3D('',#6683,#5430,#5431);
#4594=AXIS2_PLACEMENT_3D('',#6685,#5433,#5434);
#4595=AXIS2_PLACEMENT_3D('',#6687,#5435,#5436);
#4596=AXIS2_PLACEMENT_3D('',#6689,#5437,#5438);
#4597=AXIS2_PLACEMENT_3D('',#6690,#5439,#5440);
#4598=AXIS2_PLACEMENT_3D('',#6693,#5442,#5443);
#4599=AXIS2_PLACEMENT_3D('',#6694,#5444,#5445);
#4600=AXIS2_PLACEMENT_3D('',#6696,#5446,#5447);
#4601=AXIS2_PLACEMENT_3D('',#6698,#5449,#5450);
#4602=AXIS2_PLACEMENT_3D('',#6700,#5451,#5452);
#4603=AXIS2_PLACEMENT_3D('',#6702,#5453,#5454);
#4604=AXIS2_PLACEMENT_3D('',#6703,#5455,#5456);
#4605=AXIS2_PLACEMENT_3D('',#6706,#5458,#5459);
#4606=AXIS2_PLACEMENT_3D('',#6707,#5460,#5461);
#4607=AXIS2_PLACEMENT_3D('',#6709,#5462,#5463);
#4608=AXIS2_PLACEMENT_3D('',#6711,#5465,#5466);
#4609=AXIS2_PLACEMENT_3D('',#6720,#5471,#5472);
#4610=AXIS2_PLACEMENT_3D('',#6729,#5477,#5478);
#4611=AXIS2_PLACEMENT_3D('',#6735,#5482,#5483);
#4612=AXIS2_PLACEMENT_3D('',#6741,#5487,#5488);
#4613=AXIS2_PLACEMENT_3D('',#6745,#5490,#5491);
#4614=AXIS2_PLACEMENT_3D('',#6747,#5493,#5494);
#4615=AXIS2_PLACEMENT_3D('',#6752,#5498,#5499);
#4616=AXIS2_PLACEMENT_3D('',#6755,#5501,#5502);
#4617=AXIS2_PLACEMENT_3D('',#6756,#5503,#5504);
#4618=AXIS2_PLACEMENT_3D('',#6758,#5506,#5507);
#4619=AXIS2_PLACEMENT_3D('',#6760,#5509,#5510);
#4620=AXIS2_PLACEMENT_3D('',#6761,#5511,#5512);
#4621=AXIS2_PLACEMENT_3D('',#6762,#5513,#5514);
#4622=AXIS2_PLACEMENT_3D('',#6771,#5519,#5520);
#4623=AXIS2_PLACEMENT_3D('',#6780,#5525,#5526);
#4624=AXIS2_PLACEMENT_3D('',#6786,#5530,#5531);
#4625=AXIS2_PLACEMENT_3D('',#6792,#5535,#5536);
#4626=AXIS2_PLACEMENT_3D('',#6798,#5540,#5541);
#4627=AXIS2_PLACEMENT_3D('',#6801,#5544,#5545);
#4628=AXIS2_PLACEMENT_3D('',#6807,#5549,#5550);
#4629=AXIS2_PLACEMENT_3D('',#6809,#5551,#5552);
#4630=AXIS2_PLACEMENT_3D('',#6811,#5553,#5554);
#4631=AXIS2_PLACEMENT_3D('',#6812,#5555,#5556);
#4632=AXIS2_PLACEMENT_3D('',#6815,#5558,#5559);
#4633=AXIS2_PLACEMENT_3D('',#6816,#5560,#5561);
#4634=AXIS2_PLACEMENT_3D('',#6818,#5562,#5563);
#4635=AXIS2_PLACEMENT_3D('',#6820,#5565,#5566);
#4636=AXIS2_PLACEMENT_3D('',#6822,#5567,#5568);
#4637=AXIS2_PLACEMENT_3D('',#6824,#5569,#5570);
#4638=AXIS2_PLACEMENT_3D('',#6825,#5571,#5572);
#4639=AXIS2_PLACEMENT_3D('',#6828,#5574,#5575);
#4640=AXIS2_PLACEMENT_3D('',#6829,#5576,#5577);
#4641=AXIS2_PLACEMENT_3D('',#6831,#5578,#5579);
#4642=AXIS2_PLACEMENT_3D('',#6833,#5581,#5582);
#4643=AXIS2_PLACEMENT_3D('',#6835,#5583,#5584);
#4644=AXIS2_PLACEMENT_3D('',#6837,#5585,#5586);
#4645=AXIS2_PLACEMENT_3D('',#6838,#5587,#5588);
#4646=AXIS2_PLACEMENT_3D('',#6841,#5590,#5591);
#4647=AXIS2_PLACEMENT_3D('',#6842,#5592,#5593);
#4648=AXIS2_PLACEMENT_3D('',#6844,#5594,#5595);
#4649=AXIS2_PLACEMENT_3D('',#6846,#5597,#5598);
#4650=AXIS2_PLACEMENT_3D('',#6848,#5599,#5600);
#4651=AXIS2_PLACEMENT_3D('',#6850,#5601,#5602);
#4652=AXIS2_PLACEMENT_3D('',#6851,#5603,#5604);
#4653=AXIS2_PLACEMENT_3D('',#6854,#5606,#5607);
#4654=AXIS2_PLACEMENT_3D('',#6855,#5608,#5609);
#4655=AXIS2_PLACEMENT_3D('',#6857,#5610,#5611);
#4656=AXIS2_PLACEMENT_3D('',#6859,#5613,#5614);
#4657=AXIS2_PLACEMENT_3D('',#6862,#5617,#5618);
#4658=AXIS2_PLACEMENT_3D('',#6864,#5619,#5620);
#4659=AXIS2_PLACEMENT_3D('',#6866,#5621,#5622);
#4660=AXIS2_PLACEMENT_3D('',#6867,#5623,#5624);
#4661=AXIS2_PLACEMENT_3D('',#6870,#5626,#5627);
#4662=AXIS2_PLACEMENT_3D('',#6871,#5628,#5629);
#4663=AXIS2_PLACEMENT_3D('',#6873,#5630,#5631);
#4664=AXIS2_PLACEMENT_3D('',#6875,#5633,#5634);
#4665=AXIS2_PLACEMENT_3D('',#6877,#5635,#5636);
#4666=AXIS2_PLACEMENT_3D('',#6879,#5637,#5638);
#4667=AXIS2_PLACEMENT_3D('',#6880,#5639,#5640);
#4668=AXIS2_PLACEMENT_3D('',#6883,#5642,#5643);
#4669=AXIS2_PLACEMENT_3D('',#6884,#5644,#5645);
#4670=AXIS2_PLACEMENT_3D('',#6886,#5646,#5647);
#4671=AXIS2_PLACEMENT_3D('',#6888,#5649,#5650);
#4672=AXIS2_PLACEMENT_3D('',#6890,#5651,#5652);
#4673=AXIS2_PLACEMENT_3D('',#6892,#5653,#5654);
#4674=AXIS2_PLACEMENT_3D('',#6893,#5655,#5656);
#4675=AXIS2_PLACEMENT_3D('',#6896,#5658,#5659);
#4676=AXIS2_PLACEMENT_3D('',#6897,#5660,#5661);
#4677=AXIS2_PLACEMENT_3D('',#6899,#5662,#5663);
#4678=AXIS2_PLACEMENT_3D('',#6901,#5665,#5666);
#4679=AXIS2_PLACEMENT_3D('',#6903,#5667,#5668);
#4680=AXIS2_PLACEMENT_3D('',#6905,#5669,#5670);
#4681=AXIS2_PLACEMENT_3D('',#6906,#5671,#5672);
#4682=AXIS2_PLACEMENT_3D('',#6909,#5674,#5675);
#4683=AXIS2_PLACEMENT_3D('',#6910,#5676,#5677);
#4684=AXIS2_PLACEMENT_3D('',#6912,#5678,#5679);
#4685=AXIS2_PLACEMENT_3D('',#6914,#5681,#5682);
#4686=AXIS2_PLACEMENT_3D('',#6921,#5685,#5686);
#4687=AXIS2_PLACEMENT_3D('',#6923,#5688,#5689);
#4688=AXIS2_PLACEMENT_3D('',#6928,#5692,#5693);
#4689=AXIS2_PLACEMENT_3D('',#6929,#5694,#5695);
#4690=AXIS2_PLACEMENT_3D('',#6937,#5700,#5701);
#4691=AXIS2_PLACEMENT_3D('',#6939,#5702,#5703);
#4692=AXIS2_PLACEMENT_3D('',#6942,#5705,#5706);
#4693=AXIS2_PLACEMENT_3D('',#6943,#5707,#5708);
#4694=AXIS2_PLACEMENT_3D('',#6945,#5710,#5711);
#4695=AXIS2_PLACEMENT_3D('',#6949,#5714,#5715);
#4696=AXIS2_PLACEMENT_3D('',#6951,#5717,#5718);
#4697=AXIS2_PLACEMENT_3D('',#6952,#5719,#5720);
#4698=AXIS2_PLACEMENT_3D('',#6953,#5721,#5722);
#4699=AXIS2_PLACEMENT_3D('',#6962,#5727,#5728);
#4700=AXIS2_PLACEMENT_3D('',#6968,#5732,#5733);
#4701=AXIS2_PLACEMENT_3D('',#6977,#5738,#5739);
#4702=AXIS2_PLACEMENT_3D('',#6983,#5743,#5744);
#4703=AXIS2_PLACEMENT_3D('',#6989,#5748,#5749);
#4704=AXIS2_PLACEMENT_3D('',#6995,#5753,#5754);
#4705=AXIS2_PLACEMENT_3D('',#6998,#5757,#5758);
#4706=AXIS2_PLACEMENT_3D('',#7000,#5759,#5760);
#4707=AXIS2_PLACEMENT_3D('',#7002,#5761,#5762);
#4708=AXIS2_PLACEMENT_3D('',#7003,#5763,#5764);
#4709=AXIS2_PLACEMENT_3D('',#7006,#5766,#5767);
#4710=AXIS2_PLACEMENT_3D('',#7007,#5768,#5769);
#4711=AXIS2_PLACEMENT_3D('',#7009,#5770,#5771);
#4712=AXIS2_PLACEMENT_3D('',#7011,#5773,#5774);
#4713=AXIS2_PLACEMENT_3D('',#7013,#5775,#5776);
#4714=AXIS2_PLACEMENT_3D('',#7015,#5777,#5778);
#4715=AXIS2_PLACEMENT_3D('',#7016,#5779,#5780);
#4716=AXIS2_PLACEMENT_3D('',#7019,#5782,#5783);
#4717=AXIS2_PLACEMENT_3D('',#7020,#5784,#5785);
#4718=AXIS2_PLACEMENT_3D('',#7022,#5786,#5787);
#4719=AXIS2_PLACEMENT_3D('',#7024,#5789,#5790);
#4720=AXIS2_PLACEMENT_3D('',#7026,#5791,#5792);
#4721=AXIS2_PLACEMENT_3D('',#7028,#5793,#5794);
#4722=AXIS2_PLACEMENT_3D('',#7029,#5795,#5796);
#4723=AXIS2_PLACEMENT_3D('',#7032,#5798,#5799);
#4724=AXIS2_PLACEMENT_3D('',#7033,#5800,#5801);
#4725=AXIS2_PLACEMENT_3D('',#7035,#5802,#5803);
#4726=AXIS2_PLACEMENT_3D('',#7037,#5805,#5806);
#4727=AXIS2_PLACEMENT_3D('',#7039,#5807,#5808);
#4728=AXIS2_PLACEMENT_3D('',#7041,#5809,#5810);
#4729=AXIS2_PLACEMENT_3D('',#7042,#5811,#5812);
#4730=AXIS2_PLACEMENT_3D('',#7045,#5814,#5815);
#4731=AXIS2_PLACEMENT_3D('',#7046,#5816,#5817);
#4732=AXIS2_PLACEMENT_3D('',#7048,#5818,#5819);
#4733=AXIS2_PLACEMENT_3D('',#7050,#5821,#5822);
#4734=AXIS2_PLACEMENT_3D('',#7053,#5825,#5826);
#4735=AXIS2_PLACEMENT_3D('',#7055,#5827,#5828);
#4736=AXIS2_PLACEMENT_3D('',#7057,#5829,#5830);
#4737=AXIS2_PLACEMENT_3D('',#7058,#5831,#5832);
#4738=AXIS2_PLACEMENT_3D('',#7061,#5834,#5835);
#4739=AXIS2_PLACEMENT_3D('',#7062,#5836,#5837);
#4740=AXIS2_PLACEMENT_3D('',#7064,#5838,#5839);
#4741=AXIS2_PLACEMENT_3D('',#7066,#5841,#5842);
#4742=AXIS2_PLACEMENT_3D('',#7068,#5843,#5844);
#4743=AXIS2_PLACEMENT_3D('',#7070,#5845,#5846);
#4744=AXIS2_PLACEMENT_3D('',#7071,#5847,#5848);
#4745=AXIS2_PLACEMENT_3D('',#7074,#5850,#5851);
#4746=AXIS2_PLACEMENT_3D('',#7075,#5852,#5853);
#4747=AXIS2_PLACEMENT_3D('',#7077,#5854,#5855);
#4748=AXIS2_PLACEMENT_3D('',#7079,#5857,#5858);
#4749=AXIS2_PLACEMENT_3D('',#7081,#5859,#5860);
#4750=AXIS2_PLACEMENT_3D('',#7083,#5861,#5862);
#4751=AXIS2_PLACEMENT_3D('',#7084,#5863,#5864);
#4752=AXIS2_PLACEMENT_3D('',#7087,#5866,#5867);
#4753=AXIS2_PLACEMENT_3D('',#7088,#5868,#5869);
#4754=AXIS2_PLACEMENT_3D('',#7090,#5870,#5871);
#4755=AXIS2_PLACEMENT_3D('',#7092,#5873,#5874);
#4756=AXIS2_PLACEMENT_3D('',#7094,#5875,#5876);
#4757=AXIS2_PLACEMENT_3D('',#7096,#5877,#5878);
#4758=AXIS2_PLACEMENT_3D('',#7097,#5879,#5880);
#4759=AXIS2_PLACEMENT_3D('',#7100,#5882,#5883);
#4760=AXIS2_PLACEMENT_3D('',#7101,#5884,#5885);
#4761=AXIS2_PLACEMENT_3D('',#7103,#5886,#5887);
#4762=AXIS2_PLACEMENT_3D('',#7105,#5889,#5890);
#4763=AXIS2_PLACEMENT_3D('',#7114,#5895,#5896);
#4764=AXIS2_PLACEMENT_3D('',#7120,#5900,#5901);
#4765=AXIS2_PLACEMENT_3D('',#7125,#5903,#5904);
#4766=AXIS2_PLACEMENT_3D('',#7129,#5907,#5908);
#4767=AXIS2_PLACEMENT_3D('',#7134,#5912,#5913);
#4768=AXIS2_PLACEMENT_3D('',#7137,#5915,#5916);
#4769=AXIS2_PLACEMENT_3D('',#7138,#5917,#5918);
#4770=AXIS2_PLACEMENT_3D('',#7140,#5920,#5921);
#4771=AXIS2_PLACEMENT_3D('',#7142,#5923,#5924);
#4772=AXIS2_PLACEMENT_3D('',#7143,#5925,#5926);
#4773=AXIS2_PLACEMENT_3D('',#7144,#5927,#5928);
#4774=AXIS2_PLACEMENT_3D('',#7146,#5929,#5930);
#4775=AXIS2_PLACEMENT_3D('',#7149,#5932,#5933);
#4776=AXIS2_PLACEMENT_3D('',#7150,#5934,#5935);
#4777=AXIS2_PLACEMENT_3D('',#7152,#5936,#5937);
#4778=AXIS2_PLACEMENT_3D('',#7153,#5938,#5939);
#4779=AXIS2_PLACEMENT_3D('',#7155,#5940,#5941);
#4780=AXIS2_PLACEMENT_3D('',#7157,#5943,#5944);
#4781=AXIS2_PLACEMENT_3D('',#7159,#5945,#5946);
#4782=AXIS2_PLACEMENT_3D('',#7162,#5948,#5949);
#4783=AXIS2_PLACEMENT_3D('',#7163,#5950,#5951);
#4784=AXIS2_PLACEMENT_3D('',#7165,#5952,#5953);
#4785=AXIS2_PLACEMENT_3D('',#7166,#5954,#5955);
#4786=AXIS2_PLACEMENT_3D('',#7168,#5956,#5957);
#4787=AXIS2_PLACEMENT_3D('',#7170,#5959,#5960);
#4788=AXIS2_PLACEMENT_3D('',#7172,#5961,#5962);
#4789=AXIS2_PLACEMENT_3D('',#7175,#5964,#5965);
#4790=AXIS2_PLACEMENT_3D('',#7176,#5966,#5967);
#4791=AXIS2_PLACEMENT_3D('',#7178,#5968,#5969);
#4792=AXIS2_PLACEMENT_3D('',#7179,#5970,#5971);
#4793=AXIS2_PLACEMENT_3D('',#7181,#5972,#5973);
#4794=AXIS2_PLACEMENT_3D('',#7183,#5975,#5976);
#4795=AXIS2_PLACEMENT_3D('',#7185,#5977,#5978);
#4796=AXIS2_PLACEMENT_3D('',#7188,#5980,#5981);
#4797=AXIS2_PLACEMENT_3D('',#7189,#5982,#5983);
#4798=AXIS2_PLACEMENT_3D('',#7191,#5984,#5985);
#4799=AXIS2_PLACEMENT_3D('',#7192,#5986,#5987);
#4800=AXIS2_PLACEMENT_3D('',#7194,#5988,#5989);
#4801=AXIS2_PLACEMENT_3D('',#7196,#5991,#5992);
#4802=AXIS2_PLACEMENT_3D('',#7199,#5993,#5994);
#4803=AXIS2_PLACEMENT_3D('',#7203,#5996,#5997);
#4804=AXIS2_PLACEMENT_3D('',#7205,#5999,#6000);
#4805=AXIS2_PLACEMENT_3D('',#7209,#6002,#6003);
#4806=AXIS2_PLACEMENT_3D('',#7211,#6005,#6006);
#4807=AXIS2_PLACEMENT_3D('',#7216,#6008,#6009);
#4808=AXIS2_PLACEMENT_3D('',#7219,#6011,#6012);
#4809=AXIS2_PLACEMENT_3D('',#7220,#6013,#6014);
#4810=AXIS2_PLACEMENT_3D('',#7223,#6015,#6016);
#4811=AXIS2_PLACEMENT_3D('',#7226,#6019,#6020);
#4812=AXIS2_PLACEMENT_3D('',#7229,#6021,#6022);
#4813=AXIS2_PLACEMENT_3D('',#7233,#6024,#6025);
#4814=AXIS2_PLACEMENT_3D('',#7235,#6027,#6028);
#4815=AXIS2_PLACEMENT_3D('',#7239,#6030,#6031);
#4816=AXIS2_PLACEMENT_3D('',#7241,#6033,#6034);
#4817=AXIS2_PLACEMENT_3D('',#7246,#6036,#6037);
#4818=AXIS2_PLACEMENT_3D('',#7249,#6039,#6040);
#4819=AXIS2_PLACEMENT_3D('',#7250,#6041,#6042);
#4820=AXIS2_PLACEMENT_3D('',#7253,#6043,#6044);
#4821=AXIS2_PLACEMENT_3D('',#7257,#6047,#6048);
#4822=AXIS2_PLACEMENT_3D('',#7258,#6049,#6050);
#4823=AXIS2_PLACEMENT_3D('',#7266,#6055,#6056);
#4824=AXIS2_PLACEMENT_3D('',#7274,#6061,#6062);
#4825=AXIS2_PLACEMENT_3D('',#7276,#6063,#6064);
#4826=AXIS2_PLACEMENT_3D('',#7281,#6067,#6068);
#4827=AXIS2_PLACEMENT_3D('',#7284,#6070,#6071);
#4828=AXIS2_PLACEMENT_3D('',#7287,#6073,#6074);
#4829=AXIS2_PLACEMENT_3D('',#7292,#6077,#6078);
#4830=AXIS2_PLACEMENT_3D('',#7294,#6080,#6081);
#4831=AXIS2_PLACEMENT_3D('',#7300,#6085,#6086);
#4832=AXIS2_PLACEMENT_3D('',#7301,#6087,#6088);
#4833=AXIS2_PLACEMENT_3D('',#7302,#6089,#6090);
#4834=AXIS2_PLACEMENT_3D('',#7307,#6093,#6094);
#4835=AXIS2_PLACEMENT_3D('',#7308,#6095,#6096);
#4836=AXIS2_PLACEMENT_3D('',#7312,#6099,#6100);
#4837=AXIS2_PLACEMENT_3D('',#7316,#6103,#6104);
#4838=AXIS2_PLACEMENT_3D('',#7322,#6108,#6109);
#4839=AXIS2_PLACEMENT_3D('',#7323,#6110,#6111);
#4840=AXIS2_PLACEMENT_3D('',#7324,#6112,#6113);
#4841=AXIS2_PLACEMENT_3D('',#7330,#6116,#6117);
#4842=AXIS2_PLACEMENT_3D('',#7331,#6118,#6119);
#4843=AXIS2_PLACEMENT_3D('',#7332,#6120,#6121);
#4844=AXIS2_PLACEMENT_3D('',#7336,#6124,#6125);
#4845=AXIS2_PLACEMENT_3D('',#7340,#6128,#6129);
#4846=AXIS2_PLACEMENT_3D('',#7341,#6130,#6131);
#4847=AXIS2_PLACEMENT_3D('',#7342,#6132,#6133);
#4848=AXIS2_PLACEMENT_3D('',#7343,#6134,#6135);
#4849=AXIS2_PLACEMENT_3D('',#7344,#6136,#6137);
#4850=AXIS2_PLACEMENT_3D('',#7345,#6138,#6139);
#4851=AXIS2_PLACEMENT_3D('',#7346,#6140,#6141);
#4852=AXIS2_PLACEMENT_3D('',#7347,#6142,#6143);
#4853=AXIS2_PLACEMENT_3D('',#7348,#6144,#6145);
#4854=AXIS2_PLACEMENT_3D('',#7351,#6147,#6148);
#4855=AXIS2_PLACEMENT_3D('',#7352,#6149,#6150);
#4856=AXIS2_PLACEMENT_3D('',#7353,#6151,#6152);
#4857=AXIS2_PLACEMENT_3D('',#7354,#6153,#6154);
#4858=AXIS2_PLACEMENT_3D('',#7355,#6155,#6156);
#4859=AXIS2_PLACEMENT_3D('',#7356,#6157,#6158);
#4860=AXIS2_PLACEMENT_3D('',#7357,#6159,#6160);
#4861=AXIS2_PLACEMENT_3D('',#7358,#6161,#6162);
#4862=DIRECTION('axis',(0.,0.,1.));
#4863=DIRECTION('refdir',(1.,0.,0.));
#4864=DIRECTION('axis',(0.,0.,1.));
#4865=DIRECTION('refdir',(1.,0.,0.));
#4866=DIRECTION('center_axis',(0.,1.,0.));
#4867=DIRECTION('ref_axis',(0.,0.,1.));
#4868=DIRECTION('',(0.,0.,-1.));
#4869=DIRECTION('',(1.,0.,0.));
#4870=DIRECTION('',(0.,0.,1.));
#4871=DIRECTION('',(-1.,0.,0.));
#4872=DIRECTION('center_axis',(0.,0.,1.));
#4873=DIRECTION('ref_axis',(1.,0.,0.));
#4874=DIRECTION('',(0.,-1.,0.));
#4875=DIRECTION('',(-1.,0.,0.));
#4876=DIRECTION('',(0.,1.,0.));
#4877=DIRECTION('center_axis',(0.,0.,1.));
#4878=DIRECTION('ref_axis',(1.,0.,0.));
#4879=DIRECTION('',(0.,-1.,0.));
#4880=DIRECTION('',(1.,0.,0.));
#4881=DIRECTION('',(0.,1.,0.));
#4882=DIRECTION('',(-1.,0.,0.));
#4883=DIRECTION('center_axis',(0.,-1.,0.));
#4884=DIRECTION('ref_axis',(0.,0.,-1.));
#4885=DIRECTION('',(0.,0.,1.));
#4886=DIRECTION('',(0.,0.,-1.));
#4887=DIRECTION('',(-1.,0.,0.));
#4888=DIRECTION('center_axis',(0.,0.,1.));
#4889=DIRECTION('ref_axis',(1.,0.,0.));
#4890=DIRECTION('',(0.,1.,0.));
#4891=DIRECTION('',(0.,-1.,0.));
#4892=DIRECTION('',(1.,0.,0.));
#4893=DIRECTION('center_axis',(0.,-1.,0.));
#4894=DIRECTION('ref_axis',(0.,0.,-1.));
#4895=DIRECTION('',(0.,0.,1.));
#4896=DIRECTION('',(0.,0.,-1.));
#4897=DIRECTION('center_axis',(0.,0.,1.));
#4898=DIRECTION('ref_axis',(1.,0.,0.));
#4899=DIRECTION('',(0.,-1.,0.));
#4900=DIRECTION('',(0.,1.,0.));
#4901=DIRECTION('',(1.,0.,0.));
#4902=DIRECTION('center_axis',(0.,1.,0.));
#4903=DIRECTION('ref_axis',(0.,0.,1.));
#4904=DIRECTION('',(0.,0.,-1.));
#4905=DIRECTION('',(0.,0.,1.));
#4906=DIRECTION('center_axis',(1.,0.,0.));
#4907=DIRECTION('ref_axis',(0.,0.,-1.));
#4908=DIRECTION('center_axis',(1.,0.,0.));
#4909=DIRECTION('ref_axis',(0.,0.,1.));
#4910=DIRECTION('center_axis',(1.,0.,0.));
#4911=DIRECTION('ref_axis',(0.,0.,1.));
#4912=DIRECTION('center_axis',(-1.,0.,0.));
#4913=DIRECTION('ref_axis',(0.,0.,1.));
#4914=DIRECTION('',(-1.,0.,0.));
#4915=DIRECTION('center_axis',(1.,0.,0.));
#4916=DIRECTION('ref_axis',(0.,0.,1.));
#4917=DIRECTION('center_axis',(-1.,0.,0.));
#4918=DIRECTION('ref_axis',(0.,0.,1.));
#4919=DIRECTION('center_axis',(-1.,0.,0.));
#4920=DIRECTION('ref_axis',(0.,0.,1.));
#4921=DIRECTION('',(-1.,0.,0.));
#4922=DIRECTION('center_axis',(1.,0.,0.));
#4923=DIRECTION('ref_axis',(0.,0.,-1.));
#4924=DIRECTION('center_axis',(1.,0.,0.));
#4925=DIRECTION('ref_axis',(0.,0.,1.));
#4926=DIRECTION('center_axis',(1.,0.,0.));
#4927=DIRECTION('ref_axis',(0.,0.,1.));
#4928=DIRECTION('center_axis',(-1.,0.,0.));
#4929=DIRECTION('ref_axis',(0.,0.,1.));
#4930=DIRECTION('',(-1.,0.,0.));
#4931=DIRECTION('center_axis',(1.,0.,0.));
#4932=DIRECTION('ref_axis',(0.,0.,1.));
#4933=DIRECTION('center_axis',(-1.,0.,0.));
#4934=DIRECTION('ref_axis',(0.,0.,1.));
#4935=DIRECTION('center_axis',(-1.,0.,0.));
#4936=DIRECTION('ref_axis',(0.,0.,1.));
#4937=DIRECTION('',(-1.,0.,0.));
#4938=DIRECTION('center_axis',(1.,0.,0.));
#4939=DIRECTION('ref_axis',(0.,0.,-1.));
#4940=DIRECTION('center_axis',(1.,0.,0.));
#4941=DIRECTION('ref_axis',(0.,0.,1.));
#4942=DIRECTION('center_axis',(1.,0.,0.));
#4943=DIRECTION('ref_axis',(0.,0.,1.));
#4944=DIRECTION('center_axis',(-1.,0.,0.));
#4945=DIRECTION('ref_axis',(0.,0.,1.));
#4946=DIRECTION('',(-1.,0.,0.));
#4947=DIRECTION('center_axis',(1.,0.,0.));
#4948=DIRECTION('ref_axis',(0.,0.,1.));
#4949=DIRECTION('center_axis',(-1.,0.,0.));
#4950=DIRECTION('ref_axis',(0.,0.,1.));
#4951=DIRECTION('center_axis',(-1.,0.,0.));
#4952=DIRECTION('ref_axis',(0.,0.,1.));
#4953=DIRECTION('',(-1.,0.,0.));
#4954=DIRECTION('center_axis',(1.,0.,0.));
#4955=DIRECTION('ref_axis',(0.,0.,-1.));
#4956=DIRECTION('center_axis',(1.,0.,0.));
#4957=DIRECTION('ref_axis',(0.,0.,1.));
#4958=DIRECTION('center_axis',(1.,0.,0.));
#4959=DIRECTION('ref_axis',(0.,0.,1.));
#4960=DIRECTION('center_axis',(-1.,0.,0.));
#4961=DIRECTION('ref_axis',(0.,0.,1.));
#4962=DIRECTION('',(-1.,0.,0.));
#4963=DIRECTION('center_axis',(1.,0.,0.));
#4964=DIRECTION('ref_axis',(0.,0.,1.));
#4965=DIRECTION('center_axis',(-1.,0.,0.));
#4966=DIRECTION('ref_axis',(0.,0.,1.));
#4967=DIRECTION('center_axis',(-1.,0.,0.));
#4968=DIRECTION('ref_axis',(0.,0.,1.));
#4969=DIRECTION('',(-1.,0.,0.));
#4970=DIRECTION('center_axis',(0.,-1.,0.));
#4971=DIRECTION('ref_axis',(-1.,0.,0.));
#4972=DIRECTION('center_axis',(0.,-1.,0.));
#4973=DIRECTION('ref_axis',(1.,0.,0.));
#4974=DIRECTION('center_axis',(0.,-1.,0.));
#4975=DIRECTION('ref_axis',(1.,0.,0.));
#4976=DIRECTION('center_axis',(0.,1.,0.));
#4977=DIRECTION('ref_axis',(1.,0.,0.));
#4978=DIRECTION('',(0.,1.,0.));
#4979=DIRECTION('center_axis',(0.,-1.,0.));
#4980=DIRECTION('ref_axis',(1.,0.,0.));
#4981=DIRECTION('center_axis',(0.,-1.,0.));
#4982=DIRECTION('ref_axis',(1.,0.,0.));
#4983=DIRECTION('center_axis',(0.,1.,0.));
#4984=DIRECTION('ref_axis',(1.,0.,0.));
#4985=DIRECTION('center_axis',(0.,1.,0.));
#4986=DIRECTION('ref_axis',(1.,0.,0.));
#4987=DIRECTION('',(0.,1.,0.));
#4988=DIRECTION('center_axis',(0.,-1.,0.));
#4989=DIRECTION('ref_axis',(-1.,0.,0.));
#4990=DIRECTION('center_axis',(0.,-1.,0.));
#4991=DIRECTION('ref_axis',(1.,0.,0.));
#4992=DIRECTION('center_axis',(0.,-1.,0.));
#4993=DIRECTION('ref_axis',(1.,0.,0.));
#4994=DIRECTION('center_axis',(0.,1.,0.));
#4995=DIRECTION('ref_axis',(1.,0.,0.));
#4996=DIRECTION('',(0.,1.,0.));
#4997=DIRECTION('center_axis',(0.,-1.,0.));
#4998=DIRECTION('ref_axis',(1.,0.,0.));
#4999=DIRECTION('center_axis',(0.,-1.,0.));
#5000=DIRECTION('ref_axis',(1.,0.,0.));
#5001=DIRECTION('center_axis',(0.,1.,0.));
#5002=DIRECTION('ref_axis',(1.,0.,0.));
#5003=DIRECTION('center_axis',(0.,1.,0.));
#5004=DIRECTION('ref_axis',(1.,0.,0.));
#5005=DIRECTION('',(0.,1.,0.));
#5006=DIRECTION('center_axis',(0.,-1.,0.));
#5007=DIRECTION('ref_axis',(-1.,0.,0.));
#5008=DIRECTION('center_axis',(0.,-1.,0.));
#5009=DIRECTION('ref_axis',(1.,0.,0.));
#5010=DIRECTION('center_axis',(0.,-1.,0.));
#5011=DIRECTION('ref_axis',(1.,0.,0.));
#5012=DIRECTION('center_axis',(0.,1.,0.));
#5013=DIRECTION('ref_axis',(1.,0.,0.));
#5014=DIRECTION('',(0.,1.,0.));
#5015=DIRECTION('center_axis',(0.,-1.,0.));
#5016=DIRECTION('ref_axis',(1.,0.,0.));
#5017=DIRECTION('center_axis',(0.,1.,0.));
#5018=DIRECTION('ref_axis',(1.,0.,0.));
#5019=DIRECTION('center_axis',(0.,1.,0.));
#5020=DIRECTION('ref_axis',(1.,0.,0.));
#5021=DIRECTION('',(0.,1.,0.));
#5022=DIRECTION('center_axis',(0.,-1.,0.));
#5023=DIRECTION('ref_axis',(-1.,0.,0.));
#5024=DIRECTION('center_axis',(0.,-1.,0.));
#5025=DIRECTION('ref_axis',(1.,0.,0.));
#5026=DIRECTION('center_axis',(0.,-1.,0.));
#5027=DIRECTION('ref_axis',(1.,0.,0.));
#5028=DIRECTION('center_axis',(0.,1.,0.));
#5029=DIRECTION('ref_axis',(1.,0.,0.));
#5030=DIRECTION('',(0.,1.,0.));
#5031=DIRECTION('center_axis',(0.,1.,0.));
#5032=DIRECTION('ref_axis',(1.,0.,0.));
#5033=DIRECTION('center_axis',(0.,1.,0.));
#5034=DIRECTION('ref_axis',(1.,0.,0.));
#5035=DIRECTION('center_axis',(0.,1.,0.));
#5036=DIRECTION('ref_axis',(1.,0.,0.));
#5037=DIRECTION('center_axis',(0.,1.,0.));
#5038=DIRECTION('ref_axis',(1.,0.,0.));
#5039=DIRECTION('',(0.,1.,0.));
#5040=DIRECTION('center_axis',(0.,-1.,0.));
#5041=DIRECTION('ref_axis',(0.,0.,-1.));
#5042=DIRECTION('center_axis',(0.,1.,0.));
#5043=DIRECTION('ref_axis',(1.,0.,0.));
#5044=DIRECTION('',(-1.,0.,0.));
#5045=DIRECTION('',(0.,0.,-1.));
#5046=DIRECTION('',(1.,0.,0.));
#5047=DIRECTION('',(0.,0.,-1.));
#5048=DIRECTION('',(1.,0.,0.));
#5049=DIRECTION('',(0.,0.,1.));
#5050=DIRECTION('',(-1.,0.,0.));
#5051=DIRECTION('',(0.,0.,-1.));
#5052=DIRECTION('center_axis',(0.,0.,1.));
#5053=DIRECTION('ref_axis',(1.,0.,0.));
#5054=DIRECTION('',(0.,-1.,0.));
#5055=DIRECTION('',(-1.,0.,0.));
#5056=DIRECTION('',(0.,-1.,0.));
#5057=DIRECTION('center_axis',(0.,0.,1.));
#5058=DIRECTION('ref_axis',(1.,0.,0.));
#5059=DIRECTION('',(0.,1.,0.));
#5060=DIRECTION('',(1.,0.,0.));
#5061=DIRECTION('',(0.,1.,0.));
#5062=DIRECTION('center_axis',(1.,0.,0.));
#5063=DIRECTION('ref_axis',(0.,0.,-1.));
#5064=DIRECTION('',(0.,0.,-1.));
#5065=DIRECTION('center_axis',(-1.,0.,0.));
#5066=DIRECTION('ref_axis',(0.,0.,1.));
#5067=DIRECTION('',(0.,0.,-1.));
#5068=DIRECTION('',(0.,1.,0.));
#5069=DIRECTION('',(0.,-1.,0.));
#5070=DIRECTION('center_axis',(0.,-1.,0.));
#5071=DIRECTION('ref_axis',(0.,0.,-1.));
#5072=DIRECTION('',(0.,0.,-1.));
#5073=DIRECTION('',(-1.,0.,0.));
#5074=DIRECTION('',(1.,0.,0.));
#5075=DIRECTION('',(0.,0.,-1.));
#5076=DIRECTION('center_axis',(1.,0.,0.));
#5077=DIRECTION('ref_axis',(0.,0.,-1.));
#5078=DIRECTION('',(0.,1.,0.));
#5079=DIRECTION('center_axis',(0.,0.,1.));
#5080=DIRECTION('ref_axis',(1.,0.,0.));
#5081=DIRECTION('center_axis',(0.,0.,1.));
#5082=DIRECTION('ref_axis',(1.,0.,0.));
#5083=DIRECTION('',(0.,-1.,0.));
#5084=DIRECTION('center_axis',(1.,0.,0.));
#5085=DIRECTION('ref_axis',(0.,0.,-1.));
#5086=DIRECTION('center_axis',(0.,1.,0.));
#5087=DIRECTION('ref_axis',(1.,0.,0.));
#5088=DIRECTION('',(0.,-1.,0.));
#5089=DIRECTION('center_axis',(0.,-1.,0.));
#5090=DIRECTION('ref_axis',(1.,0.,0.));
#5091=DIRECTION('center_axis',(0.,1.,0.));
#5092=DIRECTION('ref_axis',(0.,0.,1.));
#5093=DIRECTION('axis',(0.,0.,1.));
#5094=DIRECTION('refdir',(1.,0.,0.));
#5095=DIRECTION('center_axis',(0.,0.,1.));
#5096=DIRECTION('ref_axis',(1.,0.,0.));
#5097=DIRECTION('',(0.,1.,0.));
#5098=DIRECTION('',(1.,0.,0.));
#5099=DIRECTION('',(0.,-1.,0.));
#5100=DIRECTION('',(-1.,0.,0.));
#5101=DIRECTION('center_axis',(0.,0.,1.));
#5102=DIRECTION('ref_axis',(1.,0.,0.));
#5103=DIRECTION('',(0.,1.,0.));
#5104=DIRECTION('',(1.,0.,0.));
#5105=DIRECTION('',(0.,-1.,0.));
#5106=DIRECTION('',(-1.,0.,0.));
#5107=DIRECTION('center_axis',(0.,-1.,0.));
#5108=DIRECTION('ref_axis',(0.,0.,-1.));
#5109=DIRECTION('',(0.,0.,-1.));
#5110=DIRECTION('',(0.,0.,1.));
#5111=DIRECTION('',(1.,0.,0.));
#5112=DIRECTION('center_axis',(0.,-1.,0.));
#5113=DIRECTION('ref_axis',(0.,0.,-1.));
#5114=DIRECTION('',(0.,0.,-1.));
#5115=DIRECTION('',(0.,0.,1.));
#5116=DIRECTION('',(1.,0.,0.));
#5117=DIRECTION('center_axis',(0.,0.,1.));
#5118=DIRECTION('ref_axis',(1.,0.,0.));
#5119=DIRECTION('',(0.,-1.,0.));
#5120=DIRECTION('',(0.,1.,0.));
#5121=DIRECTION('',(-1.,0.,0.));
#5122=DIRECTION('center_axis',(0.,1.,0.));
#5123=DIRECTION('ref_axis',(0.,0.,1.));
#5124=DIRECTION('',(0.,0.,1.));
#5125=DIRECTION('',(0.,0.,-1.));
#5126=DIRECTION('center_axis',(0.,0.,1.));
#5127=DIRECTION('ref_axis',(1.,0.,0.));
#5128=DIRECTION('',(0.,-1.,0.));
#5129=DIRECTION('',(0.,1.,0.));
#5130=DIRECTION('',(-1.,0.,0.));
#5131=DIRECTION('center_axis',(-1.,0.,0.));
#5132=DIRECTION('ref_axis',(0.,0.,1.));
#5133=DIRECTION('center_axis',(-1.,0.,0.));
#5134=DIRECTION('ref_axis',(0.,0.,-1.));
#5135=DIRECTION('center_axis',(-1.,0.,0.));
#5136=DIRECTION('ref_axis',(0.,0.,-1.));
#5137=DIRECTION('center_axis',(1.,0.,0.));
#5138=DIRECTION('ref_axis',(0.,0.,-1.));
#5139=DIRECTION('',(1.,0.,0.));
#5140=DIRECTION('center_axis',(-1.,0.,0.));
#5141=DIRECTION('ref_axis',(0.,0.,-1.));
#5142=DIRECTION('center_axis',(1.,0.,0.));
#5143=DIRECTION('ref_axis',(0.,0.,-1.));
#5144=DIRECTION('center_axis',(1.,0.,0.));
#5145=DIRECTION('ref_axis',(0.,0.,-1.));
#5146=DIRECTION('',(1.,0.,0.));
#5147=DIRECTION('center_axis',(-1.,0.,0.));
#5148=DIRECTION('ref_axis',(0.,0.,1.));
#5149=DIRECTION('center_axis',(-1.,0.,0.));
#5150=DIRECTION('ref_axis',(0.,0.,-1.));
#5151=DIRECTION('center_axis',(-1.,0.,0.));
#5152=DIRECTION('ref_axis',(0.,0.,-1.));
#5153=DIRECTION('center_axis',(1.,0.,0.));
#5154=DIRECTION('ref_axis',(0.,0.,-1.));
#5155=DIRECTION('',(1.,0.,0.));
#5156=DIRECTION('center_axis',(-1.,0.,0.));
#5157=DIRECTION('ref_axis',(0.,0.,-1.));
#5158=DIRECTION('center_axis',(1.,0.,0.));
#5159=DIRECTION('ref_axis',(0.,0.,-1.));
#5160=DIRECTION('center_axis',(1.,0.,0.));
#5161=DIRECTION('ref_axis',(0.,0.,-1.));
#5162=DIRECTION('',(1.,0.,0.));
#5163=DIRECTION('center_axis',(-1.,0.,0.));
#5164=DIRECTION('ref_axis',(0.,0.,1.));
#5165=DIRECTION('center_axis',(-1.,0.,0.));
#5166=DIRECTION('ref_axis',(0.,0.,-1.));
#5167=DIRECTION('center_axis',(-1.,0.,0.));
#5168=DIRECTION('ref_axis',(0.,0.,-1.));
#5169=DIRECTION('center_axis',(1.,0.,0.));
#5170=DIRECTION('ref_axis',(0.,0.,-1.));
#5171=DIRECTION('',(1.,0.,0.));
#5172=DIRECTION('center_axis',(-1.,0.,0.));
#5173=DIRECTION('ref_axis',(0.,0.,-1.));
#5174=DIRECTION('center_axis',(1.,0.,0.));
#5175=DIRECTION('ref_axis',(0.,0.,-1.));
#5176=DIRECTION('center_axis',(1.,0.,0.));
#5177=DIRECTION('ref_axis',(0.,0.,-1.));
#5178=DIRECTION('',(1.,0.,0.));
#5179=DIRECTION('center_axis',(-1.,0.,0.));
#5180=DIRECTION('ref_axis',(0.,0.,1.));
#5181=DIRECTION('center_axis',(-1.,0.,0.));
#5182=DIRECTION('ref_axis',(0.,0.,-1.));
#5183=DIRECTION('center_axis',(-1.,0.,0.));
#5184=DIRECTION('ref_axis',(0.,0.,-1.));
#5185=DIRECTION('center_axis',(1.,0.,0.));
#5186=DIRECTION('ref_axis',(0.,0.,-1.));
#5187=DIRECTION('',(1.,0.,0.));
#5188=DIRECTION('center_axis',(-1.,0.,0.));
#5189=DIRECTION('ref_axis',(0.,0.,-1.));
#5190=DIRECTION('center_axis',(1.,0.,0.));
#5191=DIRECTION('ref_axis',(0.,0.,-1.));
#5192=DIRECTION('center_axis',(1.,0.,0.));
#5193=DIRECTION('ref_axis',(0.,0.,-1.));
#5194=DIRECTION('',(1.,0.,0.));
#5195=DIRECTION('center_axis',(0.,1.,0.));
#5196=DIRECTION('ref_axis',(0.,0.,1.));
#5197=DIRECTION('',(0.,0.,1.));
#5198=DIRECTION('',(0.,0.,-1.));
#5199=DIRECTION('center_axis',(-1.,0.,0.));
#5200=DIRECTION('ref_axis',(0.,0.,1.));
#5201=DIRECTION('center_axis',(-1.,0.,0.));
#5202=DIRECTION('ref_axis',(0.,0.,-1.));
#5203=DIRECTION('center_axis',(-1.,0.,0.));
#5204=DIRECTION('ref_axis',(0.,0.,-1.));
#5205=DIRECTION('center_axis',(1.,0.,0.));
#5206=DIRECTION('ref_axis',(0.,0.,-1.));
#5207=DIRECTION('',(1.,0.,0.));
#5208=DIRECTION('center_axis',(-1.,0.,0.));
#5209=DIRECTION('ref_axis',(0.,0.,-1.));
#5210=DIRECTION('center_axis',(1.,0.,0.));
#5211=DIRECTION('ref_axis',(0.,0.,-1.));
#5212=DIRECTION('center_axis',(1.,0.,0.));
#5213=DIRECTION('ref_axis',(0.,0.,-1.));
#5214=DIRECTION('',(1.,0.,0.));
#5215=DIRECTION('center_axis',(-1.,0.,0.));
#5216=DIRECTION('ref_axis',(0.,0.,1.));
#5217=DIRECTION('center_axis',(-1.,0.,0.));
#5218=DIRECTION('ref_axis',(0.,0.,-1.));
#5219=DIRECTION('center_axis',(-1.,0.,0.));
#5220=DIRECTION('ref_axis',(0.,0.,-1.));
#5221=DIRECTION('center_axis',(1.,0.,0.));
#5222=DIRECTION('ref_axis',(0.,0.,-1.));
#5223=DIRECTION('',(1.,0.,0.));
#5224=DIRECTION('center_axis',(-1.,0.,0.));
#5225=DIRECTION('ref_axis',(0.,0.,-1.));
#5226=DIRECTION('center_axis',(1.,0.,0.));
#5227=DIRECTION('ref_axis',(0.,0.,-1.));
#5228=DIRECTION('center_axis',(1.,0.,0.));
#5229=DIRECTION('ref_axis',(0.,0.,-1.));
#5230=DIRECTION('',(1.,0.,0.));
#5231=DIRECTION('center_axis',(-1.,0.,0.));
#5232=DIRECTION('ref_axis',(0.,0.,1.));
#5233=DIRECTION('center_axis',(-1.,0.,0.));
#5234=DIRECTION('ref_axis',(0.,0.,-1.));
#5235=DIRECTION('center_axis',(-1.,0.,0.));
#5236=DIRECTION('ref_axis',(0.,0.,-1.));
#5237=DIRECTION('center_axis',(1.,0.,0.));
#5238=DIRECTION('ref_axis',(0.,0.,-1.));
#5239=DIRECTION('',(1.,0.,0.));
#5240=DIRECTION('center_axis',(-1.,0.,0.));
#5241=DIRECTION('ref_axis',(0.,0.,-1.));
#5242=DIRECTION('center_axis',(1.,0.,0.));
#5243=DIRECTION('ref_axis',(0.,0.,-1.));
#5244=DIRECTION('center_axis',(1.,0.,0.));
#5245=DIRECTION('ref_axis',(0.,0.,-1.));
#5246=DIRECTION('',(1.,0.,0.));
#5247=DIRECTION('center_axis',(-1.,0.,0.));
#5248=DIRECTION('ref_axis',(0.,0.,1.));
#5249=DIRECTION('center_axis',(-1.,0.,0.));
#5250=DIRECTION('ref_axis',(0.,0.,-1.));
#5251=DIRECTION('center_axis',(-1.,0.,0.));
#5252=DIRECTION('ref_axis',(0.,0.,-1.));
#5253=DIRECTION('center_axis',(1.,0.,0.));
#5254=DIRECTION('ref_axis',(0.,0.,-1.));
#5255=DIRECTION('',(1.,0.,0.));
#5256=DIRECTION('center_axis',(-1.,0.,0.));
#5257=DIRECTION('ref_axis',(0.,0.,-1.));
#5258=DIRECTION('center_axis',(1.,0.,0.));
#5259=DIRECTION('ref_axis',(0.,0.,-1.));
#5260=DIRECTION('center_axis',(1.,0.,0.));
#5261=DIRECTION('ref_axis',(0.,0.,-1.));
#5262=DIRECTION('',(1.,0.,0.));
#5263=DIRECTION('center_axis',(1.,0.,0.));
#5264=DIRECTION('ref_axis',(0.,1.22464679914735E-16,1.));
#5265=DIRECTION('',(-1.,0.,0.));
#5266=DIRECTION('center_axis',(-1.,0.,0.));
#5267=DIRECTION('ref_axis',(0.,0.,-1.));
#5268=DIRECTION('',(1.,0.,0.));
#5269=DIRECTION('center_axis',(1.,0.,0.));
#5270=DIRECTION('ref_axis',(0.,0.,-1.));
#5271=DIRECTION('center_axis',(-1.,0.,0.));
#5272=DIRECTION('ref_axis',(0.,0.,1.));
#5273=DIRECTION('',(0.,0.,-1.));
#5274=DIRECTION('center_axis',(1.,0.,0.));
#5275=DIRECTION('ref_axis',(0.,0.,-1.));
#5276=DIRECTION('',(0.,0.,-1.));
#5277=DIRECTION('center_axis',(1.,0.,0.));
#5278=DIRECTION('ref_axis',(0.,0.,-1.));
#5279=DIRECTION('',(1.,0.,0.));
#5280=DIRECTION('',(-1.,0.,0.));
#5281=DIRECTION('center_axis',(-1.,0.,0.));
#5282=DIRECTION('ref_axis',(0.,0.,-1.));
#5283=DIRECTION('center_axis',(1.,0.,0.));
#5284=DIRECTION('ref_axis',(0.,0.,-1.));
#5285=DIRECTION('',(0.,0.,-1.));
#5286=DIRECTION('',(0.,0.,-1.));
#5287=DIRECTION('center_axis',(0.,1.,0.));
#5288=DIRECTION('ref_axis',(0.,0.,1.));
#5289=DIRECTION('center_axis',(0.,-1.,0.));
#5290=DIRECTION('ref_axis',(0.,0.,-1.));
#5291=DIRECTION('axis',(0.,0.,1.));
#5292=DIRECTION('refdir',(1.,0.,0.));
#5293=DIRECTION('center_axis',(-1.,0.,0.));
#5294=DIRECTION('ref_axis',(0.,0.,1.));
#5295=DIRECTION('',(0.,1.,0.));
#5296=DIRECTION('',(0.,0.,-1.));
#5297=DIRECTION('',(0.,-1.,0.));
#5298=DIRECTION('',(0.,0.,-1.));
#5299=DIRECTION('center_axis',(0.,-1.,0.));
#5300=DIRECTION('ref_axis',(0.,0.,-1.));
#5301=DIRECTION('',(-1.,0.,0.));
#5302=DIRECTION('',(1.,0.,0.));
#5303=DIRECTION('',(0.,0.,-1.));
#5304=DIRECTION('center_axis',(1.,0.,0.));
#5305=DIRECTION('ref_axis',(0.,0.,-1.));
#5306=DIRECTION('',(0.,-1.,0.));
#5307=DIRECTION('',(0.,0.,-1.));
#5308=DIRECTION('',(0.,1.,0.));
#5309=DIRECTION('',(0.,0.,-1.));
#5310=DIRECTION('center_axis',(0.,-1.,0.));
#5311=DIRECTION('ref_axis',(0.,0.,-1.));
#5312=DIRECTION('',(-1.,0.,0.));
#5313=DIRECTION('',(0.,0.,-1.));
#5314=DIRECTION('',(1.,0.,0.));
#5315=DIRECTION('center_axis',(1.,0.,0.));
#5316=DIRECTION('ref_axis',(0.,0.,-1.));
#5317=DIRECTION('',(0.,-1.,0.));
#5318=DIRECTION('',(0.,1.,0.));
#5319=DIRECTION('',(0.,0.,-1.));
#5320=DIRECTION('center_axis',(0.,1.,0.));
#5321=DIRECTION('ref_axis',(0.,0.,1.));
#5322=DIRECTION('',(1.,0.,0.));
#5323=DIRECTION('',(-1.,0.,0.));
#5324=DIRECTION('',(0.,0.,-1.));
#5325=DIRECTION('center_axis',(-1.,0.,0.));
#5326=DIRECTION('ref_axis',(0.,0.,1.));
#5327=DIRECTION('',(0.,1.,0.));
#5328=DIRECTION('',(0.,-1.,0.));
#5329=DIRECTION('center_axis',(0.,0.,1.));
#5330=DIRECTION('ref_axis',(-1.,0.,0.));
#5331=DIRECTION('center_axis',(0.,0.,1.));
#5332=DIRECTION('ref_axis',(1.,0.,0.));
#5333=DIRECTION('center_axis',(0.,0.,1.));
#5334=DIRECTION('ref_axis',(1.,0.,0.));
#5335=DIRECTION('center_axis',(0.,0.,-1.));
#5336=DIRECTION('ref_axis',(1.,0.,0.));
#5337=DIRECTION('',(0.,0.,-1.));
#5338=DIRECTION('center_axis',(0.,0.,-1.));
#5339=DIRECTION('ref_axis',(1.,0.,0.));
#5340=DIRECTION('center_axis',(0.,0.,-1.));
#5341=DIRECTION('ref_axis',(1.,0.,0.));
#5342=DIRECTION('center_axis',(0.,0.,-1.));
#5343=DIRECTION('ref_axis',(1.,0.,0.));
#5344=DIRECTION('center_axis',(0.,0.,-1.));
#5345=DIRECTION('ref_axis',(1.,0.,0.));
#5346=DIRECTION('',(0.,0.,-1.));
#5347=DIRECTION('center_axis',(0.,0.,1.));
#5348=DIRECTION('ref_axis',(-1.,0.,0.));
#5349=DIRECTION('center_axis',(0.,0.,1.));
#5350=DIRECTION('ref_axis',(1.,0.,0.));
#5351=DIRECTION('center_axis',(0.,0.,1.));
#5352=DIRECTION('ref_axis',(1.,0.,0.));
#5353=DIRECTION('center_axis',(0.,0.,-1.));
#5354=DIRECTION('ref_axis',(1.,0.,0.));
#5355=DIRECTION('',(0.,0.,-1.));
#5356=DIRECTION('center_axis',(0.,0.,-1.));
#5357=DIRECTION('ref_axis',(1.,0.,0.));
#5358=DIRECTION('center_axis',(0.,0.,-1.));
#5359=DIRECTION('ref_axis',(1.,0.,0.));
#5360=DIRECTION('center_axis',(0.,0.,-1.));
#5361=DIRECTION('ref_axis',(1.,0.,0.));
#5362=DIRECTION('center_axis',(0.,0.,-1.));
#5363=DIRECTION('ref_axis',(1.,0.,0.));
#5364=DIRECTION('',(0.,0.,-1.));
#5365=DIRECTION('center_axis',(0.,0.,1.));
#5366=DIRECTION('ref_axis',(-1.,0.,0.));
#5367=DIRECTION('center_axis',(0.,0.,1.));
#5368=DIRECTION('ref_axis',(1.,0.,0.));
#5369=DIRECTION('center_axis',(0.,0.,1.));
#5370=DIRECTION('ref_axis',(1.,0.,0.));
#5371=DIRECTION('center_axis',(0.,0.,-1.));
#5372=DIRECTION('ref_axis',(1.,0.,0.));
#5373=DIRECTION('',(0.,0.,-1.));
#5374=DIRECTION('center_axis',(0.,0.,1.));
#5375=DIRECTION('ref_axis',(1.,0.,0.));
#5376=DIRECTION('center_axis',(0.,0.,-1.));
#5377=DIRECTION('ref_axis',(1.,0.,0.));
#5378=DIRECTION('center_axis',(0.,0.,-1.));
#5379=DIRECTION('ref_axis',(1.,0.,0.));
#5380=DIRECTION('',(0.,0.,-1.));
#5381=DIRECTION('center_axis',(0.,0.,1.));
#5382=DIRECTION('ref_axis',(-1.,0.,0.));
#5383=DIRECTION('center_axis',(0.,0.,1.));
#5384=DIRECTION('ref_axis',(1.,0.,0.));
#5385=DIRECTION('center_axis',(0.,0.,1.));
#5386=DIRECTION('ref_axis',(1.,0.,0.));
#5387=DIRECTION('center_axis',(0.,0.,-1.));
#5388=DIRECTION('ref_axis',(1.,0.,0.));
#5389=DIRECTION('',(0.,0.,-1.));
#5390=DIRECTION('center_axis',(0.,0.,1.));
#5391=DIRECTION('ref_axis',(1.,0.,0.));
#5392=DIRECTION('center_axis',(0.,0.,-1.));
#5393=DIRECTION('ref_axis',(1.,0.,0.));
#5394=DIRECTION('center_axis',(0.,0.,-1.));
#5395=DIRECTION('ref_axis',(1.,0.,0.));
#5396=DIRECTION('',(0.,0.,-1.));
#5397=DIRECTION('center_axis',(0.,1.,0.));
#5398=DIRECTION('ref_axis',(0.,0.,1.));
#5399=DIRECTION('',(1.,0.,0.));
#5400=DIRECTION('',(-1.,0.,0.));
#5401=DIRECTION('center_axis',(1.,0.,0.));
#5402=DIRECTION('ref_axis',(0.,0.,-1.));
#5403=DIRECTION('center_axis',(1.,0.,0.));
#5404=DIRECTION('ref_axis',(0.,0.,1.));
#5405=DIRECTION('center_axis',(1.,0.,0.));
#5406=DIRECTION('ref_axis',(0.,0.,1.));
#5407=DIRECTION('center_axis',(-1.,0.,0.));
#5408=DIRECTION('ref_axis',(0.,0.,1.));
#5409=DIRECTION('',(-1.,0.,0.));
#5410=DIRECTION('center_axis',(1.,0.,0.));
#5411=DIRECTION('ref_axis',(0.,0.,1.));
#5412=DIRECTION('center_axis',(-1.,0.,0.));
#5413=DIRECTION('ref_axis',(0.,0.,1.));
#5414=DIRECTION('center_axis',(-1.,0.,0.));
#5415=DIRECTION('ref_axis',(0.,0.,1.));
#5416=DIRECTION('',(-1.,0.,0.));
#5417=DIRECTION('center_axis',(1.,0.,0.));
#5418=DIRECTION('ref_axis',(0.,0.,-1.));
#5419=DIRECTION('center_axis',(1.,0.,0.));
#5420=DIRECTION('ref_axis',(0.,0.,1.));
#5421=DIRECTION('center_axis',(1.,0.,0.));
#5422=DIRECTION('ref_axis',(0.,0.,1.));
#5423=DIRECTION('center_axis',(-1.,0.,0.));
#5424=DIRECTION('ref_axis',(0.,0.,1.));
#5425=DIRECTION('',(-1.,0.,0.));
#5426=DIRECTION('center_axis',(1.,0.,0.));
#5427=DIRECTION('ref_axis',(0.,0.,1.));
#5428=DIRECTION('center_axis',(-1.,0.,0.));
#5429=DIRECTION('ref_axis',(0.,0.,1.));
#5430=DIRECTION('center_axis',(-1.,0.,0.));
#5431=DIRECTION('ref_axis',(0.,0.,1.));
#5432=DIRECTION('',(-1.,0.,0.));
#5433=DIRECTION('center_axis',(1.,0.,0.));
#5434=DIRECTION('ref_axis',(0.,0.,-1.));
#5435=DIRECTION('center_axis',(1.,0.,0.));
#5436=DIRECTION('ref_axis',(0.,0.,1.));
#5437=DIRECTION('center_axis',(1.,0.,0.));
#5438=DIRECTION('ref_axis',(0.,0.,1.));
#5439=DIRECTION('center_axis',(-1.,0.,0.));
#5440=DIRECTION('ref_axis',(0.,0.,1.));
#5441=DIRECTION('',(-1.,0.,0.));
#5442=DIRECTION('center_axis',(1.,0.,0.));
#5443=DIRECTION('ref_axis',(0.,0.,1.));
#5444=DIRECTION('center_axis',(-1.,0.,0.));
#5445=DIRECTION('ref_axis',(0.,0.,1.));
#5446=DIRECTION('center_axis',(-1.,0.,0.));
#5447=DIRECTION('ref_axis',(0.,0.,1.));
#5448=DIRECTION('',(-1.,0.,0.));
#5449=DIRECTION('center_axis',(1.,0.,0.));
#5450=DIRECTION('ref_axis',(0.,0.,-1.));
#5451=DIRECTION('center_axis',(1.,0.,0.));
#5452=DIRECTION('ref_axis',(0.,0.,1.));
#5453=DIRECTION('center_axis',(1.,0.,0.));
#5454=DIRECTION('ref_axis',(0.,0.,1.));
#5455=DIRECTION('center_axis',(-1.,0.,0.));
#5456=DIRECTION('ref_axis',(0.,0.,1.));
#5457=DIRECTION('',(-1.,0.,0.));
#5458=DIRECTION('center_axis',(1.,0.,0.));
#5459=DIRECTION('ref_axis',(0.,0.,1.));
#5460=DIRECTION('center_axis',(-1.,0.,0.));
#5461=DIRECTION('ref_axis',(0.,0.,1.));
#5462=DIRECTION('center_axis',(-1.,0.,0.));
#5463=DIRECTION('ref_axis',(0.,0.,1.));
#5464=DIRECTION('',(-1.,0.,0.));
#5465=DIRECTION('center_axis',(0.,0.,1.));
#5466=DIRECTION('ref_axis',(1.,0.,0.));
#5467=DIRECTION('',(0.,1.,0.));
#5468=DIRECTION('',(-1.,0.,0.));
#5469=DIRECTION('',(0.,1.,0.));
#5470=DIRECTION('',(1.,0.,0.));
#5471=DIRECTION('center_axis',(0.,0.,1.));
#5472=DIRECTION('ref_axis',(1.,0.,0.));
#5473=DIRECTION('',(0.,-1.,0.));
#5474=DIRECTION('',(1.,0.,0.));
#5475=DIRECTION('',(0.,-1.,0.));
#5476=DIRECTION('',(-1.,0.,0.));
#5477=DIRECTION('center_axis',(1.,0.,0.));
#5478=DIRECTION('ref_axis',(0.,0.,-1.));
#5479=DIRECTION('',(0.,0.,-1.));
#5480=DIRECTION('',(0.,0.,-1.));
#5481=DIRECTION('',(0.,-1.,0.));
#5482=DIRECTION('center_axis',(-1.,0.,0.));
#5483=DIRECTION('ref_axis',(0.,0.,1.));
#5484=DIRECTION('',(0.,0.,-1.));
#5485=DIRECTION('',(0.,0.,-1.));
#5486=DIRECTION('',(0.,1.,0.));
#5487=DIRECTION('center_axis',(-1.,0.,0.));
#5488=DIRECTION('ref_axis',(0.,0.,1.));
#5489=DIRECTION('',(0.,0.,-1.));
#5490=DIRECTION('center_axis',(1.,0.,0.));
#5491=DIRECTION('ref_axis',(0.,0.,-1.));
#5492=DIRECTION('',(0.,0.,-1.));
#5493=DIRECTION('center_axis',(0.,1.,0.));
#5494=DIRECTION('ref_axis',(0.,0.,1.));
#5495=DIRECTION('',(0.,0.,-1.));
#5496=DIRECTION('',(-1.,0.,0.));
#5497=DIRECTION('',(1.,0.,0.));
#5498=DIRECTION('center_axis',(1.,0.,0.));
#5499=DIRECTION('ref_axis',(0.,0.,-1.));
#5500=DIRECTION('',(1.,0.,0.));
#5501=DIRECTION('center_axis',(-1.,0.,0.));
#5502=DIRECTION('ref_axis',(0.,0.,-1.));
#5503=DIRECTION('center_axis',(1.,0.,0.));
#5504=DIRECTION('ref_axis',(0.,0.,-1.));
#5505=DIRECTION('',(0.,0.,-1.));
#5506=DIRECTION('center_axis',(0.,0.,1.));
#5507=DIRECTION('ref_axis',(1.,0.,0.));
#5508=DIRECTION('',(-1.,0.,0.));
#5509=DIRECTION('center_axis',(0.,-1.,0.));
#5510=DIRECTION('ref_axis',(0.,0.,-1.));
#5511=DIRECTION('axis',(0.,0.,1.));
#5512=DIRECTION('refdir',(1.,0.,0.));
#5513=DIRECTION('center_axis',(0.,0.,1.));
#5514=DIRECTION('ref_axis',(1.,0.,0.));
#5515=DIRECTION('',(0.,1.,0.));
#5516=DIRECTION('',(1.,0.,0.));
#5517=DIRECTION('',(0.,-1.,0.));
#5518=DIRECTION('',(-1.,0.,0.));
#5519=DIRECTION('center_axis',(0.,0.,1.));
#5520=DIRECTION('ref_axis',(1.,0.,0.));
#5521=DIRECTION('',(0.,1.,0.));
#5522=DIRECTION('',(1.,0.,0.));
#5523=DIRECTION('',(0.,-1.,0.));
#5524=DIRECTION('',(-1.,0.,0.));
#5525=DIRECTION('center_axis',(0.,-1.,0.));
#5526=DIRECTION('ref_axis',(0.,0.,-1.));
#5527=DIRECTION('',(0.,0.,-1.));
#5528=DIRECTION('',(0.,0.,1.));
#5529=DIRECTION('',(1.,0.,0.));
#5530=DIRECTION('center_axis',(0.,-1.,0.));
#5531=DIRECTION('ref_axis',(0.,0.,-1.));
#5532=DIRECTION('',(0.,0.,-1.));
#5533=DIRECTION('',(0.,0.,1.));
#5534=DIRECTION('',(1.,0.,0.));
#5535=DIRECTION('center_axis',(0.,0.,1.));
#5536=DIRECTION('ref_axis',(1.,0.,0.));
#5537=DIRECTION('',(0.,-1.,0.));
#5538=DIRECTION('',(0.,1.,0.));
#5539=DIRECTION('',(-1.,0.,0.));
#5540=DIRECTION('center_axis',(0.,1.,0.));
#5541=DIRECTION('ref_axis',(0.,0.,1.));
#5542=DIRECTION('',(0.,0.,1.));
#5543=DIRECTION('',(0.,0.,-1.));
#5544=DIRECTION('center_axis',(0.,0.,1.));
#5545=DIRECTION('ref_axis',(1.,0.,0.));
#5546=DIRECTION('',(0.,-1.,0.));
#5547=DIRECTION('',(0.,1.,0.));
#5548=DIRECTION('',(-1.,0.,0.));
#5549=DIRECTION('center_axis',(-1.,0.,0.));
#5550=DIRECTION('ref_axis',(0.,0.,1.));
#5551=DIRECTION('center_axis',(-1.,0.,0.));
#5552=DIRECTION('ref_axis',(0.,0.,-1.));
#5553=DIRECTION('center_axis',(-1.,0.,0.));
#5554=DIRECTION('ref_axis',(0.,0.,-1.));
#5555=DIRECTION('center_axis',(1.,0.,0.));
#5556=DIRECTION('ref_axis',(0.,0.,-1.));
#5557=DIRECTION('',(1.,0.,0.));
#5558=DIRECTION('center_axis',(-1.,0.,0.));
#5559=DIRECTION('ref_axis',(0.,0.,-1.));
#5560=DIRECTION('center_axis',(1.,0.,0.));
#5561=DIRECTION('ref_axis',(0.,0.,-1.));
#5562=DIRECTION('center_axis',(1.,0.,0.));
#5563=DIRECTION('ref_axis',(0.,0.,-1.));
#5564=DIRECTION('',(1.,0.,0.));
#5565=DIRECTION('center_axis',(-1.,0.,0.));
#5566=DIRECTION('ref_axis',(0.,0.,1.));
#5567=DIRECTION('center_axis',(-1.,0.,0.));
#5568=DIRECTION('ref_axis',(0.,0.,-1.));
#5569=DIRECTION('center_axis',(-1.,0.,0.));
#5570=DIRECTION('ref_axis',(0.,0.,-1.));
#5571=DIRECTION('center_axis',(1.,0.,0.));
#5572=DIRECTION('ref_axis',(0.,0.,-1.));
#5573=DIRECTION('',(1.,0.,0.));
#5574=DIRECTION('center_axis',(-1.,0.,0.));
#5575=DIRECTION('ref_axis',(0.,0.,-1.));
#5576=DIRECTION('center_axis',(1.,0.,0.));
#5577=DIRECTION('ref_axis',(0.,0.,-1.));
#5578=DIRECTION('center_axis',(1.,0.,0.));
#5579=DIRECTION('ref_axis',(0.,0.,-1.));
#5580=DIRECTION('',(1.,0.,0.));
#5581=DIRECTION('center_axis',(-1.,0.,0.));
#5582=DIRECTION('ref_axis',(0.,0.,1.));
#5583=DIRECTION('center_axis',(-1.,0.,0.));
#5584=DIRECTION('ref_axis',(0.,0.,-1.));
#5585=DIRECTION('center_axis',(-1.,0.,0.));
#5586=DIRECTION('ref_axis',(0.,0.,-1.));
#5587=DIRECTION('center_axis',(1.,0.,0.));
#5588=DIRECTION('ref_axis',(0.,0.,-1.));
#5589=DIRECTION('',(1.,0.,0.));
#5590=DIRECTION('center_axis',(-1.,0.,0.));
#5591=DIRECTION('ref_axis',(0.,0.,-1.));
#5592=DIRECTION('center_axis',(1.,0.,0.));
#5593=DIRECTION('ref_axis',(0.,0.,-1.));
#5594=DIRECTION('center_axis',(1.,0.,0.));
#5595=DIRECTION('ref_axis',(0.,0.,-1.));
#5596=DIRECTION('',(1.,0.,0.));
#5597=DIRECTION('center_axis',(-1.,0.,0.));
#5598=DIRECTION('ref_axis',(0.,0.,1.));
#5599=DIRECTION('center_axis',(-1.,0.,0.));
#5600=DIRECTION('ref_axis',(0.,0.,-1.));
#5601=DIRECTION('center_axis',(-1.,0.,0.));
#5602=DIRECTION('ref_axis',(0.,0.,-1.));
#5603=DIRECTION('center_axis',(1.,0.,0.));
#5604=DIRECTION('ref_axis',(0.,0.,-1.));
#5605=DIRECTION('',(1.,0.,0.));
#5606=DIRECTION('center_axis',(-1.,0.,0.));
#5607=DIRECTION('ref_axis',(0.,0.,-1.));
#5608=DIRECTION('center_axis',(1.,0.,0.));
#5609=DIRECTION('ref_axis',(0.,0.,-1.));
#5610=DIRECTION('center_axis',(1.,0.,0.));
#5611=DIRECTION('ref_axis',(0.,0.,-1.));
#5612=DIRECTION('',(1.,0.,0.));
#5613=DIRECTION('center_axis',(0.,1.,0.));
#5614=DIRECTION('ref_axis',(0.,0.,1.));
#5615=DIRECTION('',(0.,0.,1.));
#5616=DIRECTION('',(0.,0.,-1.));
#5617=DIRECTION('center_axis',(0.,0.,-1.));
#5618=DIRECTION('ref_axis',(-1.,0.,0.));
#5619=DIRECTION('center_axis',(0.,0.,-1.));
#5620=DIRECTION('ref_axis',(1.,0.,0.));
#5621=DIRECTION('center_axis',(0.,0.,-1.));
#5622=DIRECTION('ref_axis',(1.,0.,0.));
#5623=DIRECTION('center_axis',(0.,0.,1.));
#5624=DIRECTION('ref_axis',(1.,0.,0.));
#5625=DIRECTION('',(0.,0.,1.));
#5626=DIRECTION('center_axis',(0.,0.,-1.));
#5627=DIRECTION('ref_axis',(1.,0.,0.));
#5628=DIRECTION('center_axis',(0.,0.,1.));
#5629=DIRECTION('ref_axis',(1.,0.,0.));
#5630=DIRECTION('center_axis',(0.,0.,1.));
#5631=DIRECTION('ref_axis',(1.,0.,0.));
#5632=DIRECTION('',(0.,0.,1.));
#5633=DIRECTION('center_axis',(0.,0.,-1.));
#5634=DIRECTION('ref_axis',(-1.,0.,0.));
#5635=DIRECTION('center_axis',(0.,0.,-1.));
#5636=DIRECTION('ref_axis',(1.,0.,0.));
#5637=DIRECTION('center_axis',(0.,0.,-1.));
#5638=DIRECTION('ref_axis',(1.,0.,0.));
#5639=DIRECTION('center_axis',(0.,0.,1.));
#5640=DIRECTION('ref_axis',(1.,0.,0.));
#5641=DIRECTION('',(0.,0.,1.));
#5642=DIRECTION('center_axis',(0.,0.,-1.));
#5643=DIRECTION('ref_axis',(1.,0.,0.));
#5644=DIRECTION('center_axis',(0.,0.,1.));
#5645=DIRECTION('ref_axis',(1.,0.,0.));
#5646=DIRECTION('center_axis',(0.,0.,1.));
#5647=DIRECTION('ref_axis',(1.,0.,0.));
#5648=DIRECTION('',(0.,0.,1.));
#5649=DIRECTION('center_axis',(0.,0.,-1.));
#5650=DIRECTION('ref_axis',(-1.,0.,0.));
#5651=DIRECTION('center_axis',(0.,0.,-1.));
#5652=DIRECTION('ref_axis',(1.,0.,0.));
#5653=DIRECTION('center_axis',(0.,0.,-1.));
#5654=DIRECTION('ref_axis',(1.,0.,0.));
#5655=DIRECTION('center_axis',(0.,0.,1.));
#5656=DIRECTION('ref_axis',(1.,0.,0.));
#5657=DIRECTION('',(0.,0.,1.));
#5658=DIRECTION('center_axis',(0.,0.,-1.));
#5659=DIRECTION('ref_axis',(1.,0.,0.));
#5660=DIRECTION('center_axis',(0.,0.,1.));
#5661=DIRECTION('ref_axis',(1.,0.,0.));
#5662=DIRECTION('center_axis',(0.,0.,1.));
#5663=DIRECTION('ref_axis',(1.,0.,0.));
#5664=DIRECTION('',(0.,0.,1.));
#5665=DIRECTION('center_axis',(0.,0.,-1.));
#5666=DIRECTION('ref_axis',(-1.,0.,0.));
#5667=DIRECTION('center_axis',(0.,0.,-1.));
#5668=DIRECTION('ref_axis',(1.,0.,0.));
#5669=DIRECTION('center_axis',(0.,0.,-1.));
#5670=DIRECTION('ref_axis',(1.,0.,0.));
#5671=DIRECTION('center_axis',(0.,0.,1.));
#5672=DIRECTION('ref_axis',(1.,0.,0.));
#5673=DIRECTION('',(0.,0.,1.));
#5674=DIRECTION('center_axis',(0.,0.,-1.));
#5675=DIRECTION('ref_axis',(1.,0.,0.));
#5676=DIRECTION('center_axis',(0.,0.,1.));
#5677=DIRECTION('ref_axis',(1.,0.,0.));
#5678=DIRECTION('center_axis',(0.,0.,1.));
#5679=DIRECTION('ref_axis',(1.,0.,0.));
#5680=DIRECTION('',(0.,0.,1.));
#5681=DIRECTION('center_axis',(1.,0.,0.));
#5682=DIRECTION('ref_axis',(0.,0.,-1.));
#5683=DIRECTION('',(0.,1.,0.));
#5684=DIRECTION('',(0.,0.,-1.));
#5685=DIRECTION('center_axis',(-1.,0.,0.));
#5686=DIRECTION('ref_axis',(0.,0.,-1.));
#5687=DIRECTION('',(0.,0.,-1.));
#5688=DIRECTION('center_axis',(1.,0.,0.));
#5689=DIRECTION('ref_axis',(0.,1.22464679914735E-16,1.));
#5690=DIRECTION('',(-1.,0.,0.));
#5691=DIRECTION('',(1.,0.,0.));
#5692=DIRECTION('center_axis',(1.,0.,0.));
#5693=DIRECTION('ref_axis',(0.,0.,-1.));
#5694=DIRECTION('center_axis',(0.,-1.,0.));
#5695=DIRECTION('ref_axis',(0.,0.,-1.));
#5696=DIRECTION('',(1.,0.,0.));
#5697=DIRECTION('',(0.,0.,-1.));
#5698=DIRECTION('',(-1.,0.,0.));
#5699=DIRECTION('',(0.,0.,-1.));
#5700=DIRECTION('center_axis',(0.,0.,1.));
#5701=DIRECTION('ref_axis',(-1.,1.22464679914735E-16,0.));
#5702=DIRECTION('center_axis',(0.,0.,-1.));
#5703=DIRECTION('ref_axis',(1.,0.,0.));
#5704=DIRECTION('',(0.,0.,-1.));
#5705=DIRECTION('center_axis',(0.,0.,1.));
#5706=DIRECTION('ref_axis',(1.,0.,0.));
#5707=DIRECTION('center_axis',(0.,0.,1.));
#5708=DIRECTION('ref_axis',(1.,0.,0.));
#5709=DIRECTION('',(1.,0.,0.));
#5710=DIRECTION('center_axis',(0.,0.,1.));
#5711=DIRECTION('ref_axis',(1.,0.,0.));
#5712=DIRECTION('',(-1.,0.,0.));
#5713=DIRECTION('',(0.,-1.,0.));
#5714=DIRECTION('center_axis',(0.,1.,0.));
#5715=DIRECTION('ref_axis',(0.,0.,1.));
#5716=DIRECTION('',(0.,0.,-1.));
#5717=DIRECTION('center_axis',(-1.,0.,0.));
#5718=DIRECTION('ref_axis',(0.,0.,1.));
#5719=DIRECTION('axis',(0.,0.,1.));
#5720=DIRECTION('refdir',(1.,0.,0.));
#5721=DIRECTION('center_axis',(-1.,0.,0.));
#5722=DIRECTION('ref_axis',(0.,0.,1.));
#5723=DIRECTION('',(0.,1.,0.));
#5724=DIRECTION('',(0.,0.,-1.));
#5725=DIRECTION('',(0.,-1.,0.));
#5726=DIRECTION('',(0.,0.,-1.));
#5727=DIRECTION('center_axis',(0.,-1.,0.));
#5728=DIRECTION('ref_axis',(0.,0.,-1.));
#5729=DIRECTION('',(-1.,0.,0.));
#5730=DIRECTION('',(1.,0.,0.));
#5731=DIRECTION('',(0.,0.,-1.));
#5732=DIRECTION('center_axis',(1.,0.,0.));
#5733=DIRECTION('ref_axis',(0.,0.,-1.));
#5734=DIRECTION('',(0.,-1.,0.));
#5735=DIRECTION('',(0.,0.,-1.));
#5736=DIRECTION('',(0.,1.,0.));
#5737=DIRECTION('',(0.,0.,-1.));
#5738=DIRECTION('center_axis',(0.,-1.,0.));
#5739=DIRECTION('ref_axis',(0.,0.,-1.));
#5740=DIRECTION('',(-1.,0.,0.));
#5741=DIRECTION('',(0.,0.,-1.));
#5742=DIRECTION('',(1.,0.,0.));
#5743=DIRECTION('center_axis',(1.,0.,0.));
#5744=DIRECTION('ref_axis',(0.,0.,-1.));
#5745=DIRECTION('',(0.,-1.,0.));
#5746=DIRECTION('',(0.,1.,0.));
#5747=DIRECTION('',(0.,0.,-1.));
#5748=DIRECTION('center_axis',(0.,1.,0.));
#5749=DIRECTION('ref_axis',(0.,0.,1.));
#5750=DIRECTION('',(1.,0.,0.));
#5751=DIRECTION('',(-1.,0.,0.));
#5752=DIRECTION('',(0.,0.,-1.));
#5753=DIRECTION('center_axis',(-1.,0.,0.));
#5754=DIRECTION('ref_axis',(0.,0.,1.));
#5755=DIRECTION('',(0.,1.,0.));
#5756=DIRECTION('',(0.,-1.,0.));
#5757=DIRECTION('center_axis',(0.,0.,1.));
#5758=DIRECTION('ref_axis',(-1.,0.,0.));
#5759=DIRECTION('center_axis',(0.,0.,1.));
#5760=DIRECTION('ref_axis',(1.,0.,0.));
#5761=DIRECTION('center_axis',(0.,0.,1.));
#5762=DIRECTION('ref_axis',(1.,0.,0.));
#5763=DIRECTION('center_axis',(0.,0.,-1.));
#5764=DIRECTION('ref_axis',(1.,0.,0.));
#5765=DIRECTION('',(0.,0.,-1.));
#5766=DIRECTION('center_axis',(0.,0.,1.));
#5767=DIRECTION('ref_axis',(1.,0.,0.));
#5768=DIRECTION('center_axis',(0.,0.,-1.));
#5769=DIRECTION('ref_axis',(1.,0.,0.));
#5770=DIRECTION('center_axis',(0.,0.,-1.));
#5771=DIRECTION('ref_axis',(1.,0.,0.));
#5772=DIRECTION('',(0.,0.,-1.));
#5773=DIRECTION('center_axis',(0.,0.,1.));
#5774=DIRECTION('ref_axis',(-1.,0.,0.));
#5775=DIRECTION('center_axis',(0.,0.,1.));
#5776=DIRECTION('ref_axis',(1.,0.,0.));
#5777=DIRECTION('center_axis',(0.,0.,1.));
#5778=DIRECTION('ref_axis',(1.,0.,0.));
#5779=DIRECTION('center_axis',(0.,0.,-1.));
#5780=DIRECTION('ref_axis',(1.,0.,0.));
#5781=DIRECTION('',(0.,0.,-1.));
#5782=DIRECTION('center_axis',(0.,0.,1.));
#5783=DIRECTION('ref_axis',(1.,0.,0.));
#5784=DIRECTION('center_axis',(0.,0.,-1.));
#5785=DIRECTION('ref_axis',(1.,0.,0.));
#5786=DIRECTION('center_axis',(0.,0.,-1.));
#5787=DIRECTION('ref_axis',(1.,0.,0.));
#5788=DIRECTION('',(0.,0.,-1.));
#5789=DIRECTION('center_axis',(0.,0.,1.));
#5790=DIRECTION('ref_axis',(-1.,0.,0.));
#5791=DIRECTION('center_axis',(0.,0.,1.));
#5792=DIRECTION('ref_axis',(1.,0.,0.));
#5793=DIRECTION('center_axis',(0.,0.,1.));
#5794=DIRECTION('ref_axis',(1.,0.,0.));
#5795=DIRECTION('center_axis',(0.,0.,-1.));
#5796=DIRECTION('ref_axis',(1.,0.,0.));
#5797=DIRECTION('',(0.,0.,-1.));
#5798=DIRECTION('center_axis',(0.,0.,1.));
#5799=DIRECTION('ref_axis',(1.,0.,0.));
#5800=DIRECTION('center_axis',(0.,0.,-1.));
#5801=DIRECTION('ref_axis',(1.,0.,0.));
#5802=DIRECTION('center_axis',(0.,0.,-1.));
#5803=DIRECTION('ref_axis',(1.,0.,0.));
#5804=DIRECTION('',(0.,0.,-1.));
#5805=DIRECTION('center_axis',(0.,0.,1.));
#5806=DIRECTION('ref_axis',(-1.,0.,0.));
#5807=DIRECTION('center_axis',(0.,0.,1.));
#5808=DIRECTION('ref_axis',(1.,0.,0.));
#5809=DIRECTION('center_axis',(0.,0.,1.));
#5810=DIRECTION('ref_axis',(1.,0.,0.));
#5811=DIRECTION('center_axis',(0.,0.,-1.));
#5812=DIRECTION('ref_axis',(1.,0.,0.));
#5813=DIRECTION('',(0.,0.,-1.));
#5814=DIRECTION('center_axis',(0.,0.,1.));
#5815=DIRECTION('ref_axis',(1.,0.,0.));
#5816=DIRECTION('center_axis',(0.,0.,-1.));
#5817=DIRECTION('ref_axis',(1.,0.,0.));
#5818=DIRECTION('center_axis',(0.,0.,-1.));
#5819=DIRECTION('ref_axis',(1.,0.,0.));
#5820=DIRECTION('',(0.,0.,-1.));
#5821=DIRECTION('center_axis',(0.,1.,0.));
#5822=DIRECTION('ref_axis',(0.,0.,1.));
#5823=DIRECTION('',(1.,0.,0.));
#5824=DIRECTION('',(-1.,0.,0.));
#5825=DIRECTION('center_axis',(1.,0.,0.));
#5826=DIRECTION('ref_axis',(0.,0.,-1.));
#5827=DIRECTION('center_axis',(1.,0.,0.));
#5828=DIRECTION('ref_axis',(0.,0.,1.));
#5829=DIRECTION('center_axis',(1.,0.,0.));
#5830=DIRECTION('ref_axis',(0.,0.,1.));
#5831=DIRECTION('center_axis',(-1.,0.,0.));
#5832=DIRECTION('ref_axis',(0.,0.,1.));
#5833=DIRECTION('',(-1.,0.,0.));
#5834=DIRECTION('center_axis',(1.,0.,0.));
#5835=DIRECTION('ref_axis',(0.,0.,1.));
#5836=DIRECTION('center_axis',(-1.,0.,0.));
#5837=DIRECTION('ref_axis',(0.,0.,1.));
#5838=DIRECTION('center_axis',(-1.,0.,0.));
#5839=DIRECTION('ref_axis',(0.,0.,1.));
#5840=DIRECTION('',(-1.,0.,0.));
#5841=DIRECTION('center_axis',(1.,0.,0.));
#5842=DIRECTION('ref_axis',(0.,0.,-1.));
#5843=DIRECTION('center_axis',(1.,0.,0.));
#5844=DIRECTION('ref_axis',(0.,0.,1.));
#5845=DIRECTION('center_axis',(1.,0.,0.));
#5846=DIRECTION('ref_axis',(0.,0.,1.));
#5847=DIRECTION('center_axis',(-1.,0.,0.));
#5848=DIRECTION('ref_axis',(0.,0.,1.));
#5849=DIRECTION('',(-1.,0.,0.));
#5850=DIRECTION('center_axis',(1.,0.,0.));
#5851=DIRECTION('ref_axis',(0.,0.,1.));
#5852=DIRECTION('center_axis',(-1.,0.,0.));
#5853=DIRECTION('ref_axis',(0.,0.,1.));
#5854=DIRECTION('center_axis',(-1.,0.,0.));
#5855=DIRECTION('ref_axis',(0.,0.,1.));
#5856=DIRECTION('',(-1.,0.,0.));
#5857=DIRECTION('center_axis',(1.,0.,0.));
#5858=DIRECTION('ref_axis',(0.,0.,-1.));
#5859=DIRECTION('center_axis',(1.,0.,0.));
#5860=DIRECTION('ref_axis',(0.,0.,1.));
#5861=DIRECTION('center_axis',(1.,0.,0.));
#5862=DIRECTION('ref_axis',(0.,0.,1.));
#5863=DIRECTION('center_axis',(-1.,0.,0.));
#5864=DIRECTION('ref_axis',(0.,0.,1.));
#5865=DIRECTION('',(-1.,0.,0.));
#5866=DIRECTION('center_axis',(1.,0.,0.));
#5867=DIRECTION('ref_axis',(0.,0.,1.));
#5868=DIRECTION('center_axis',(-1.,0.,0.));
#5869=DIRECTION('ref_axis',(0.,0.,1.));
#5870=DIRECTION('center_axis',(-1.,0.,0.));
#5871=DIRECTION('ref_axis',(0.,0.,1.));
#5872=DIRECTION('',(-1.,0.,0.));
#5873=DIRECTION('center_axis',(1.,0.,0.));
#5874=DIRECTION('ref_axis',(0.,0.,-1.));
#5875=DIRECTION('center_axis',(1.,0.,0.));
#5876=DIRECTION('ref_axis',(0.,0.,1.));
#5877=DIRECTION('center_axis',(1.,0.,0.));
#5878=DIRECTION('ref_axis',(0.,0.,1.));
#5879=DIRECTION('center_axis',(-1.,0.,0.));
#5880=DIRECTION('ref_axis',(0.,0.,1.));
#5881=DIRECTION('',(-1.,0.,0.));
#5882=DIRECTION('center_axis',(1.,0.,0.));
#5883=DIRECTION('ref_axis',(0.,0.,1.));
#5884=DIRECTION('center_axis',(-1.,0.,0.));
#5885=DIRECTION('ref_axis',(0.,0.,1.));
#5886=DIRECTION('center_axis',(-1.,0.,0.));
#5887=DIRECTION('ref_axis',(0.,0.,1.));
#5888=DIRECTION('',(-1.,0.,0.));
#5889=DIRECTION('center_axis',(0.,0.,1.));
#5890=DIRECTION('ref_axis',(1.,0.,0.));
#5891=DIRECTION('',(0.,1.,0.));
#5892=DIRECTION('',(-1.,0.,0.));
#5893=DIRECTION('',(0.,1.,0.));
#5894=DIRECTION('',(1.,0.,0.));
#5895=DIRECTION('center_axis',(1.,0.,0.));
#5896=DIRECTION('ref_axis',(0.,0.,-1.));
#5897=DIRECTION('',(0.,0.,-1.));
#5898=DIRECTION('',(0.,0.,-1.));
#5899=DIRECTION('',(0.,-1.,0.));
#5900=DIRECTION('center_axis',(-1.,0.,0.));
#5901=DIRECTION('ref_axis',(0.,0.,1.));
#5902=DIRECTION('',(0.,0.,-1.));
#5903=DIRECTION('center_axis',(1.,0.,0.));
#5904=DIRECTION('ref_axis',(0.,0.,-1.));
#5905=DIRECTION('',(0.,0.,-1.));
#5906=DIRECTION('',(0.,1.,0.));
#5907=DIRECTION('center_axis',(0.,1.,0.));
#5908=DIRECTION('ref_axis',(0.,0.,1.));
#5909=DIRECTION('',(0.,0.,-1.));
#5910=DIRECTION('',(-1.,0.,0.));
#5911=DIRECTION('',(1.,0.,0.));
#5912=DIRECTION('center_axis',(1.,0.,0.));
#5913=DIRECTION('ref_axis',(0.,0.,-1.));
#5914=DIRECTION('',(1.,0.,0.));
#5915=DIRECTION('center_axis',(-1.,0.,0.));
#5916=DIRECTION('ref_axis',(0.,0.,-1.));
#5917=DIRECTION('center_axis',(1.,0.,0.));
#5918=DIRECTION('ref_axis',(0.,0.,-1.));
#5919=DIRECTION('',(0.,0.,-1.));
#5920=DIRECTION('center_axis',(0.,0.,1.));
#5921=DIRECTION('ref_axis',(1.,0.,0.));
#5922=DIRECTION('',(-1.,0.,0.));
#5923=DIRECTION('center_axis',(0.,-1.,0.));
#5924=DIRECTION('ref_axis',(0.,0.,-1.));
#5925=DIRECTION('axis',(0.,0.,1.));
#5926=DIRECTION('refdir',(1.,0.,0.));
#5927=DIRECTION('center_axis',(0.,1.,0.));
#5928=DIRECTION('ref_axis',(1.,0.,0.));
#5929=DIRECTION('center_axis',(0.,-1.,0.));
#5930=DIRECTION('ref_axis',(1.,0.,0.));
#5931=DIRECTION('',(0.,1.,0.));
#5932=DIRECTION('center_axis',(0.,-1.,0.));
#5933=DIRECTION('ref_axis',(1.,0.,0.));
#5934=DIRECTION('center_axis',(0.,-1.,0.));
#5935=DIRECTION('ref_axis',(-1.,0.,0.));
#5936=DIRECTION('center_axis',(0.,1.,0.));
#5937=DIRECTION('ref_axis',(1.,0.,0.));
#5938=DIRECTION('center_axis',(0.,1.,0.));
#5939=DIRECTION('ref_axis',(1.,0.,0.));
#5940=DIRECTION('center_axis',(0.,1.,0.));
#5941=DIRECTION('ref_axis',(1.,0.,0.));
#5942=DIRECTION('',(0.,1.,0.));
#5943=DIRECTION('center_axis',(0.,1.,0.));
#5944=DIRECTION('ref_axis',(1.,0.,0.));
#5945=DIRECTION('center_axis',(0.,-1.,0.));
#5946=DIRECTION('ref_axis',(1.,0.,0.));
#5947=DIRECTION('',(0.,1.,0.));
#5948=DIRECTION('center_axis',(0.,-1.,0.));
#5949=DIRECTION('ref_axis',(1.,0.,0.));
#5950=DIRECTION('center_axis',(0.,-1.,0.));
#5951=DIRECTION('ref_axis',(-1.,0.,0.));
#5952=DIRECTION('center_axis',(0.,1.,0.));
#5953=DIRECTION('ref_axis',(1.,0.,0.));
#5954=DIRECTION('center_axis',(0.,1.,0.));
#5955=DIRECTION('ref_axis',(1.,0.,0.));
#5956=DIRECTION('center_axis',(0.,1.,0.));
#5957=DIRECTION('ref_axis',(1.,0.,0.));
#5958=DIRECTION('',(0.,1.,0.));
#5959=DIRECTION('center_axis',(0.,1.,0.));
#5960=DIRECTION('ref_axis',(1.,0.,0.));
#5961=DIRECTION('center_axis',(0.,-1.,0.));
#5962=DIRECTION('ref_axis',(1.,0.,0.));
#5963=DIRECTION('',(0.,1.,0.));
#5964=DIRECTION('center_axis',(0.,-1.,0.));
#5965=DIRECTION('ref_axis',(1.,0.,0.));
#5966=DIRECTION('center_axis',(0.,-1.,0.));
#5967=DIRECTION('ref_axis',(-1.,0.,0.));
#5968=DIRECTION('center_axis',(0.,1.,0.));
#5969=DIRECTION('ref_axis',(1.,0.,0.));
#5970=DIRECTION('center_axis',(0.,1.,0.));
#5971=DIRECTION('ref_axis',(1.,0.,0.));
#5972=DIRECTION('center_axis',(0.,1.,0.));
#5973=DIRECTION('ref_axis',(1.,0.,0.));
#5974=DIRECTION('',(0.,1.,0.));
#5975=DIRECTION('center_axis',(0.,1.,0.));
#5976=DIRECTION('ref_axis',(1.,0.,0.));
#5977=DIRECTION('center_axis',(0.,-1.,0.));
#5978=DIRECTION('ref_axis',(1.,0.,0.));
#5979=DIRECTION('',(0.,1.,0.));
#5980=DIRECTION('center_axis',(0.,-1.,0.));
#5981=DIRECTION('ref_axis',(1.,0.,0.));
#5982=DIRECTION('center_axis',(0.,-1.,0.));
#5983=DIRECTION('ref_axis',(-1.,0.,0.));
#5984=DIRECTION('center_axis',(0.,1.,0.));
#5985=DIRECTION('ref_axis',(1.,0.,0.));
#5986=DIRECTION('center_axis',(0.,1.,0.));
#5987=DIRECTION('ref_axis',(1.,0.,0.));
#5988=DIRECTION('center_axis',(0.,1.,0.));
#5989=DIRECTION('ref_axis',(1.,0.,0.));
#5990=DIRECTION('',(0.,1.,0.));
#5991=DIRECTION('center_axis',(0.,1.,0.));
#5992=DIRECTION('ref_axis',(1.,0.,0.));
#5993=DIRECTION('center_axis',(0.,1.,0.));
#5994=DIRECTION('ref_axis',(1.,0.,0.));
#5995=DIRECTION('',(0.,0.,-1.));
#5996=DIRECTION('center_axis',(0.,1.,0.));
#5997=DIRECTION('ref_axis',(1.,0.,0.));
#5998=DIRECTION('',(0.,0.,1.));
#5999=DIRECTION('center_axis',(0.,1.,0.));
#6000=DIRECTION('ref_axis',(1.,0.,0.));
#6001=DIRECTION('',(0.,1.,0.));
#6002=DIRECTION('center_axis',(0.,-1.,0.));
#6003=DIRECTION('ref_axis',(1.,0.,0.));
#6004=DIRECTION('',(0.,-1.,0.));
#6005=DIRECTION('center_axis',(0.,1.,0.));
#6006=DIRECTION('ref_axis',(1.,0.,0.));
#6007=DIRECTION('',(0.,-1.,0.));
#6008=DIRECTION('center_axis',(0.,1.,0.));
#6009=DIRECTION('ref_axis',(1.,0.,0.));
#6010=DIRECTION('',(0.,1.,0.));
#6011=DIRECTION('center_axis',(0.,-1.,0.));
#6012=DIRECTION('ref_axis',(1.,0.,0.));
#6013=DIRECTION('center_axis',(0.,1.,0.));
#6014=DIRECTION('ref_axis',(1.,0.,0.));
#6015=DIRECTION('center_axis',(0.,1.,0.));
#6016=DIRECTION('ref_axis',(1.,0.,0.));
#6017=DIRECTION('',(0.,0.,1.));
#6018=DIRECTION('',(0.,0.,-1.));
#6019=DIRECTION('center_axis',(0.,1.,0.));
#6020=DIRECTION('ref_axis',(1.,0.,0.));
#6021=DIRECTION('center_axis',(0.,1.,0.));
#6022=DIRECTION('ref_axis',(1.,0.,0.));
#6023=DIRECTION('',(-1.,0.,0.));
#6024=DIRECTION('center_axis',(0.,1.,0.));
#6025=DIRECTION('ref_axis',(1.,0.,0.));
#6026=DIRECTION('',(1.,0.,0.));
#6027=DIRECTION('center_axis',(0.,1.,0.));
#6028=DIRECTION('ref_axis',(1.,0.,0.));
#6029=DIRECTION('',(0.,1.,0.));
#6030=DIRECTION('center_axis',(0.,-1.,0.));
#6031=DIRECTION('ref_axis',(1.,0.,0.));
#6032=DIRECTION('',(0.,-1.,0.));
#6033=DIRECTION('center_axis',(0.,1.,0.));
#6034=DIRECTION('ref_axis',(-1.,0.,1.22464679914735E-16));
#6035=DIRECTION('',(0.,-1.,0.));
#6036=DIRECTION('center_axis',(0.,1.,0.));
#6037=DIRECTION('ref_axis',(1.,0.,0.));
#6038=DIRECTION('',(0.,1.,0.));
#6039=DIRECTION('center_axis',(0.,-1.,0.));
#6040=DIRECTION('ref_axis',(1.,0.,0.));
#6041=DIRECTION('center_axis',(0.,1.,0.));
#6042=DIRECTION('ref_axis',(1.,0.,0.));
#6043=DIRECTION('center_axis',(0.,1.,0.));
#6044=DIRECTION('ref_axis',(1.,0.,0.));
#6045=DIRECTION('',(1.,0.,0.));
#6046=DIRECTION('',(-1.,0.,0.));
#6047=DIRECTION('center_axis',(0.,1.,0.));
#6048=DIRECTION('ref_axis',(1.,0.,0.));
#6049=DIRECTION('center_axis',(-1.,0.,0.));
#6050=DIRECTION('ref_axis',(0.,0.,1.));
#6051=DIRECTION('',(0.,1.,0.));
#6052=DIRECTION('',(0.,0.,-1.));
#6053=DIRECTION('',(0.,-1.,0.));
#6054=DIRECTION('',(0.,0.,-1.));
#6055=DIRECTION('center_axis',(0.,0.,1.));
#6056=DIRECTION('ref_axis',(1.,0.,0.));
#6057=DIRECTION('',(0.,1.,0.));
#6058=DIRECTION('',(-1.,0.,0.));
#6059=DIRECTION('',(0.,-1.,0.));
#6060=DIRECTION('',(-1.,0.,0.));
#6061=DIRECTION('center_axis',(0.,1.,0.));
#6062=DIRECTION('ref_axis',(1.,0.,0.));
#6063=DIRECTION('center_axis',(0.,1.,0.));
#6064=DIRECTION('ref_axis',(1.,0.,0.));
#6065=DIRECTION('',(0.,-1.,0.));
#6066=DIRECTION('',(0.,-1.,0.));
#6067=DIRECTION('center_axis',(0.,-1.,0.));
#6068=DIRECTION('ref_axis',(1.,0.,0.));
#6069=DIRECTION('',(0.,1.,0.));
#6070=DIRECTION('center_axis',(0.,-1.,0.));
#6071=DIRECTION('ref_axis',(1.,0.,0.));
#6072=DIRECTION('',(0.,1.,0.));
#6073=DIRECTION('center_axis',(0.,-1.,0.));
#6074=DIRECTION('ref_axis',(1.,0.,0.));
#6075=DIRECTION('',(0.,1.,0.));
#6076=DIRECTION('',(0.,-1.,0.));
#6077=DIRECTION('center_axis',(0.,-1.,0.));
#6078=DIRECTION('ref_axis',(1.,0.,0.));
#6079=DIRECTION('',(0.,1.,0.));
#6080=DIRECTION('center_axis',(1.,0.,0.));
#6081=DIRECTION('ref_axis',(0.,0.,-1.));
#6082=DIRECTION('',(0.,0.,1.));
#6083=DIRECTION('',(0.,-1.,0.));
#6084=DIRECTION('',(0.,0.,1.));
#6085=DIRECTION('center_axis',(0.,-1.,0.));
#6086=DIRECTION('ref_axis',(-1.,0.,0.));
#6087=DIRECTION('center_axis',(0.,1.,0.));
#6088=DIRECTION('ref_axis',(1.,0.,0.));
#6089=DIRECTION('center_axis',(0.,-1.,0.));
#6090=DIRECTION('ref_axis',(-1.,0.,0.));
#6091=DIRECTION('',(0.,0.,1.));
#6092=DIRECTION('',(0.,0.,-1.));
#6093=DIRECTION('center_axis',(0.,1.,0.));
#6094=DIRECTION('ref_axis',(1.,0.,0.));
#6095=DIRECTION('center_axis',(-1.,0.,0.));
#6096=DIRECTION('ref_axis',(0.,0.,1.));
#6097=DIRECTION('',(0.,0.,-1.));
#6098=DIRECTION('',(0.,-1.,0.));
#6099=DIRECTION('center_axis',(1.,0.,0.));
#6100=DIRECTION('ref_axis',(0.,0.,-1.));
#6101=DIRECTION('',(0.,1.,0.));
#6102=DIRECTION('',(0.,0.,1.));
#6103=DIRECTION('center_axis',(0.,0.,1.));
#6104=DIRECTION('ref_axis',(1.,0.,0.));
#6105=DIRECTION('',(1.,0.,0.));
#6106=DIRECTION('',(0.,-1.,0.));
#6107=DIRECTION('',(1.,0.,0.));
#6108=DIRECTION('center_axis',(0.,-1.,0.));
#6109=DIRECTION('ref_axis',(-1.,0.,0.));
#6110=DIRECTION('center_axis',(0.,1.,0.));
#6111=DIRECTION('ref_axis',(1.,0.,0.));
#6112=DIRECTION('center_axis',(0.,-1.,0.));
#6113=DIRECTION('ref_axis',(-1.,0.,0.));
#6114=DIRECTION('',(1.,0.,0.));
#6115=DIRECTION('',(-1.,0.,0.));
#6116=DIRECTION('center_axis',(0.,1.,0.));
#6117=DIRECTION('ref_axis',(1.,0.,0.));
#6118=DIRECTION('center_axis',(0.,1.,0.));
#6119=DIRECTION('ref_axis',(1.,0.,0.));
#6120=DIRECTION('center_axis',(0.,0.,1.));
#6121=DIRECTION('ref_axis',(1.,0.,0.));
#6122=DIRECTION('',(-1.,0.,0.));
#6123=DIRECTION('',(0.,-1.,0.));
#6124=DIRECTION('center_axis',(0.,0.,1.));
#6125=DIRECTION('ref_axis',(1.,0.,0.));
#6126=DIRECTION('',(0.,1.,0.));
#6127=DIRECTION('',(1.,0.,0.));
#6128=DIRECTION('center_axis',(0.,-1.,0.));
#6129=DIRECTION('ref_axis',(-1.,0.,0.));
#6130=DIRECTION('center_axis',(0.,1.,0.));
#6131=DIRECTION('ref_axis',(1.,0.,0.));
#6132=DIRECTION('center_axis',(0.,-1.,0.));
#6133=DIRECTION('ref_axis',(-1.,0.,0.));
#6134=DIRECTION('center_axis',(0.,1.,0.));
#6135=DIRECTION('ref_axis',(1.,0.,0.));
#6136=DIRECTION('center_axis',(0.,-1.,0.));
#6137=DIRECTION('ref_axis',(-1.,0.,0.));
#6138=DIRECTION('center_axis',(0.,1.,0.));
#6139=DIRECTION('ref_axis',(1.,0.,0.));
#6140=DIRECTION('center_axis',(0.,-1.,0.));
#6141=DIRECTION('ref_axis',(-1.,0.,0.));
#6142=DIRECTION('center_axis',(0.,1.,0.));
#6143=DIRECTION('ref_axis',(1.,0.,0.));
#6144=DIRECTION('center_axis',(0.,1.,0.));
#6145=DIRECTION('ref_axis',(1.,0.,0.));
#6146=DIRECTION('',(0.,1.,0.));
#6147=DIRECTION('center_axis',(0.,-1.,0.));
#6148=DIRECTION('ref_axis',(1.,0.,0.));
#6149=DIRECTION('center_axis',(0.,1.,0.));
#6150=DIRECTION('ref_axis',(1.,0.,0.));
#6151=DIRECTION('',(0.,0.,1.));
#6152=DIRECTION('',(1.,0.,0.));
#6153=DIRECTION('',(0.,0.,1.));
#6154=DIRECTION('',(1.,0.,0.));
#6155=DIRECTION('',(0.,0.,1.));
#6156=DIRECTION('',(1.,0.,0.));
#6157=DIRECTION('',(0.,0.,1.));
#6158=DIRECTION('',(1.,0.,0.));
#6159=DIRECTION('',(0.,0.,1.));
#6160=DIRECTION('',(1.,0.,0.));
#6161=DIRECTION('',(0.,0.,1.));
#6162=DIRECTION('',(1.,0.,0.));
#6163=CARTESIAN_POINT('',(0.,0.,0.));
#6164=CARTESIAN_POINT('',(0.,0.,0.));
#6165=CARTESIAN_POINT('Origin',(2.,10.8,0.75));
#6166=CARTESIAN_POINT('',(1.7,10.8,1.));
#6167=CARTESIAN_POINT('',(1.7,10.8,0.5));
#6168=CARTESIAN_POINT('',(1.7,10.8,0.375));
#6169=CARTESIAN_POINT('',(2.5,10.8,1.));
#6170=CARTESIAN_POINT('',(2.,10.8,1.));
#6171=CARTESIAN_POINT('',(2.5,10.8,0.5));
#6172=CARTESIAN_POINT('',(2.5,10.8,0.375));
#6173=CARTESIAN_POINT('',(2.,10.8,0.5));
#6174=CARTESIAN_POINT('Origin',(3.65,11.5,1.));
#6175=CARTESIAN_POINT('',(1.7,11.8,1.));
#6176=CARTESIAN_POINT('',(1.7,9.75,1.));
#6177=CARTESIAN_POINT('',(2.5,11.8,1.));
#6178=CARTESIAN_POINT('',(2.,11.8,1.));
#6179=CARTESIAN_POINT('',(2.5,9.75,1.));
#6180=CARTESIAN_POINT('Origin',(3.65,11.5,-1.));
#6181=CARTESIAN_POINT('',(2.5,11.8,-1.));
#6182=CARTESIAN_POINT('',(2.5,10.8,-1.));
#6183=CARTESIAN_POINT('',(2.5,9.75,-1.));
#6184=CARTESIAN_POINT('',(1.7,11.8,-1.));
#6185=CARTESIAN_POINT('',(2.,11.8,-1.));
#6186=CARTESIAN_POINT('',(1.7,10.8,-1.));
#6187=CARTESIAN_POINT('',(1.7,9.75,-1.));
#6188=CARTESIAN_POINT('',(2.,10.8,-1.));
#6189=CARTESIAN_POINT('Origin',(2.,11.8,-0.75));
#6190=CARTESIAN_POINT('',(1.7,11.8,-0.5));
#6191=CARTESIAN_POINT('',(1.7,11.8,-0.375));
#6192=CARTESIAN_POINT('',(2.5,11.8,-0.5));
#6193=CARTESIAN_POINT('',(2.5,11.8,-0.375));
#6194=CARTESIAN_POINT('',(2.,11.8,-0.5));
#6195=CARTESIAN_POINT('Origin',(2.,11.3,0.5));
#6196=CARTESIAN_POINT('',(1.7,11.8,0.5));
#6197=CARTESIAN_POINT('',(1.7,9.65,0.5));
#6198=CARTESIAN_POINT('',(2.5,11.8,0.5));
#6199=CARTESIAN_POINT('',(2.5,9.65,0.5));
#6200=CARTESIAN_POINT('',(2.,11.8,0.5));
#6201=CARTESIAN_POINT('Origin',(2.,11.8,0.75));
#6202=CARTESIAN_POINT('',(1.7,11.8,0.375));
#6203=CARTESIAN_POINT('',(2.5,11.8,0.375));
#6204=CARTESIAN_POINT('Origin',(2.,11.3,-0.5));
#6205=CARTESIAN_POINT('',(1.7,10.8,-0.5));
#6206=CARTESIAN_POINT('',(1.7,9.65,-0.5));
#6207=CARTESIAN_POINT('',(2.5,10.8,-0.5));
#6208=CARTESIAN_POINT('',(2.5,9.65,-0.5));
#6209=CARTESIAN_POINT('',(2.,10.8,-0.5));
#6210=CARTESIAN_POINT('Origin',(2.,10.8,-0.75));
#6211=CARTESIAN_POINT('',(1.7,10.8,-0.375));
#6212=CARTESIAN_POINT('',(2.5,10.8,-0.375));
#6213=CARTESIAN_POINT('Origin',(2.35,10.,0.8));
#6214=CARTESIAN_POINT('',(2.35,10.,0.6));
#6215=CARTESIAN_POINT('Origin',(2.35,10.,0.8));
#6216=CARTESIAN_POINT('',(2.35,10.,0.6825));
#6217=CARTESIAN_POINT('Origin',(2.35,10.,0.8));
#6218=CARTESIAN_POINT('Origin',(1.85,10.,0.8));
#6219=CARTESIAN_POINT('',(1.7,10.,0.6));
#6220=CARTESIAN_POINT('',(1.85,10.,0.6));
#6221=CARTESIAN_POINT('Origin',(1.7,10.,0.8));
#6222=CARTESIAN_POINT('Origin',(2.,10.,0.8));
#6223=CARTESIAN_POINT('',(2.5,10.,0.6825));
#6224=CARTESIAN_POINT('Origin',(2.5,10.,0.8));
#6225=CARTESIAN_POINT('',(2.,10.,0.6825));
#6226=CARTESIAN_POINT('Origin',(2.35,10.,-0.8));
#6227=CARTESIAN_POINT('',(2.35,10.,-1.));
#6228=CARTESIAN_POINT('Origin',(2.35,10.,-0.8));
#6229=CARTESIAN_POINT('',(2.35,10.,-0.9175));
#6230=CARTESIAN_POINT('Origin',(2.35,10.,-0.8));
#6231=CARTESIAN_POINT('Origin',(1.85,10.,-0.8));
#6232=CARTESIAN_POINT('',(1.7,10.,-1.));
#6233=CARTESIAN_POINT('',(1.85,10.,-1.));
#6234=CARTESIAN_POINT('Origin',(1.7,10.,-0.8));
#6235=CARTESIAN_POINT('Origin',(2.,10.,-0.8));
#6236=CARTESIAN_POINT('',(2.5,10.,-0.9175));
#6237=CARTESIAN_POINT('Origin',(2.5,10.,-0.8));
#6238=CARTESIAN_POINT('',(2.,10.,-0.9175));
#6239=CARTESIAN_POINT('Origin',(2.35,13.,0.8));
#6240=CARTESIAN_POINT('',(2.35,13.,0.6));
#6241=CARTESIAN_POINT('Origin',(2.35,13.,0.8));
#6242=CARTESIAN_POINT('',(2.35,13.,0.6825));
#6243=CARTESIAN_POINT('Origin',(2.35,13.,0.8));
#6244=CARTESIAN_POINT('Origin',(1.85,13.,0.8));
#6245=CARTESIAN_POINT('',(1.7,13.,0.6));
#6246=CARTESIAN_POINT('',(1.85,13.,0.6));
#6247=CARTESIAN_POINT('Origin',(1.7,13.,0.8));
#6248=CARTESIAN_POINT('Origin',(2.,13.,0.8));
#6249=CARTESIAN_POINT('',(2.5,13.,0.6825));
#6250=CARTESIAN_POINT('Origin',(2.5,13.,0.8));
#6251=CARTESIAN_POINT('',(2.,13.,0.6825));
#6252=CARTESIAN_POINT('Origin',(2.35,13.,-0.8));
#6253=CARTESIAN_POINT('',(2.35,13.,-1.));
#6254=CARTESIAN_POINT('Origin',(2.35,13.,-0.8));
#6255=CARTESIAN_POINT('',(2.35,13.,-0.9175));
#6256=CARTESIAN_POINT('Origin',(2.35,13.,-0.8));
#6257=CARTESIAN_POINT('Origin',(1.85,13.,-0.8));
#6258=CARTESIAN_POINT('',(1.7,13.,-1.));
#6259=CARTESIAN_POINT('',(1.85,13.,-1.));
#6260=CARTESIAN_POINT('Origin',(1.7,13.,-0.8));
#6261=CARTESIAN_POINT('Origin',(2.,13.,-0.8));
#6262=CARTESIAN_POINT('',(2.5,13.,-0.9175));
#6263=CARTESIAN_POINT('Origin',(2.5,13.,-0.8));
#6264=CARTESIAN_POINT('',(2.,13.,-0.9175));
#6265=CARTESIAN_POINT('Origin',(0.,2.61,0.6));
#6266=CARTESIAN_POINT('',(-0.2,2.61,0.6));
#6267=CARTESIAN_POINT('Origin',(0.,2.61,0.6));
#6268=CARTESIAN_POINT('',(-0.1175,2.61,0.6));
#6269=CARTESIAN_POINT('Origin',(0.,2.61,0.6));
#6270=CARTESIAN_POINT('Origin',(0.,3.11,0.6));
#6271=CARTESIAN_POINT('',(-0.2,3.1,0.6));
#6272=CARTESIAN_POINT('',(-0.2,3.11,0.6));
#6273=CARTESIAN_POINT('',(0.,3.1,0.4));
#6274=CARTESIAN_POINT('Origin',(0.,3.1,0.6));
#6275=CARTESIAN_POINT('Origin',(0.,3.1,0.6));
#6276=CARTESIAN_POINT('Origin',(0.,2.8,0.6));
#6277=CARTESIAN_POINT('',(-0.1175,2.3,0.6));
#6278=CARTESIAN_POINT('Origin',(0.,2.3,0.6));
#6279=CARTESIAN_POINT('',(-0.1175,2.8,0.6));
#6280=CARTESIAN_POINT('Origin',(0.,2.61,-0.6));
#6281=CARTESIAN_POINT('',(-0.2,2.61,-0.6));
#6282=CARTESIAN_POINT('Origin',(0.,2.61,-0.6));
#6283=CARTESIAN_POINT('',(-0.1175,2.61,-0.6));
#6284=CARTESIAN_POINT('Origin',(0.,2.61,-0.6));
#6285=CARTESIAN_POINT('Origin',(0.,3.11,-0.6));
#6286=CARTESIAN_POINT('',(-0.2,3.1,-0.6));
#6287=CARTESIAN_POINT('',(-0.2,3.11,-0.6));
#6288=CARTESIAN_POINT('',(0.,3.1,-0.4));
#6289=CARTESIAN_POINT('Origin',(0.,3.1,-0.6));
#6290=CARTESIAN_POINT('Origin',(0.,3.1,-0.6));
#6291=CARTESIAN_POINT('Origin',(0.,2.8,-0.6));
#6292=CARTESIAN_POINT('',(-0.1175,2.3,-0.6));
#6293=CARTESIAN_POINT('Origin',(0.,2.3,-0.6));
#6294=CARTESIAN_POINT('',(-0.1175,2.8,-0.6));
#6295=CARTESIAN_POINT('Origin',(-0.6,2.61,0.));
#6296=CARTESIAN_POINT('',(-0.8,2.61,2.44929359829471E-17));
#6297=CARTESIAN_POINT('Origin',(-0.6,2.61,0.));
#6298=CARTESIAN_POINT('',(-0.7175,2.61,-1.43895998899814E-17));
#6299=CARTESIAN_POINT('Origin',(-0.6,2.61,0.));
#6300=CARTESIAN_POINT('Origin',(-0.6,3.11,0.));
#6301=CARTESIAN_POINT('',(-0.8,3.1,-2.44929359829471E-17));
#6302=CARTESIAN_POINT('',(-0.8,3.11,2.44929359829471E-17));
#6303=CARTESIAN_POINT('Origin',(-0.6,3.1,0.));
#6304=CARTESIAN_POINT('Origin',(-0.6,2.8,0.));
#6305=CARTESIAN_POINT('',(-0.7175,2.3,-1.43895998899814E-17));
#6306=CARTESIAN_POINT('Origin',(-0.6,2.3,0.));
#6307=CARTESIAN_POINT('',(-0.7175,2.8,1.43895998899814E-17));
#6308=CARTESIAN_POINT('Origin',(0.6,2.61,0.));
#6309=CARTESIAN_POINT('',(0.4,2.61,2.44929359829471E-17));
#6310=CARTESIAN_POINT('Origin',(0.6,2.61,0.));
#6311=CARTESIAN_POINT('',(0.4825,2.61,-1.43895998899814E-17));
#6312=CARTESIAN_POINT('Origin',(0.6,2.61,0.));
#6313=CARTESIAN_POINT('Origin',(0.6,3.11,0.));
#6314=CARTESIAN_POINT('',(0.4,3.61,2.44929359829471E-17));
#6315=CARTESIAN_POINT('',(0.4,3.11,2.44929359829471E-17));
#6316=CARTESIAN_POINT('Origin',(0.6,3.61,0.));
#6317=CARTESIAN_POINT('Origin',(0.6,3.61,0.));
#6318=CARTESIAN_POINT('Origin',(0.6,2.8,0.));
#6319=CARTESIAN_POINT('',(0.4825,2.3,-1.43895998899814E-17));
#6320=CARTESIAN_POINT('Origin',(0.6,2.3,0.));
#6321=CARTESIAN_POINT('',(0.4825,2.8,1.43895998899814E-17));
#6322=CARTESIAN_POINT('Origin',(1.25,3.1,0.));
#6323=CARTESIAN_POINT('',(-3.3,3.1,4.04133443718627E-16));
#6324=CARTESIAN_POINT('Origin',(0.,3.1,0.));
#6325=CARTESIAN_POINT('',(1.7,3.1,0.4));
#6326=CARTESIAN_POINT('',(1.25,3.1,0.4));
#6327=CARTESIAN_POINT('',(0.,3.1,0.));
#6328=CARTESIAN_POINT('',(1.7,3.1,-0.4));
#6329=CARTESIAN_POINT('',(1.25,3.1,-0.4));
#6330=CARTESIAN_POINT('',(1.7,3.1,-1.45));
#6331=CARTESIAN_POINT('',(1.7,3.1,0.));
#6332=CARTESIAN_POINT('',(2.5,3.1,-1.45));
#6333=CARTESIAN_POINT('',(1.675,3.1,-1.45));
#6334=CARTESIAN_POINT('',(2.5,3.1,1.45));
#6335=CARTESIAN_POINT('',(2.5,3.1,0.));
#6336=CARTESIAN_POINT('',(1.7,3.1,1.45));
#6337=CARTESIAN_POINT('',(1.675,3.1,1.45));
#6338=CARTESIAN_POINT('',(1.7,3.1,0.));
#6339=CARTESIAN_POINT('Origin',(1.25,8.,0.4));
#6340=CARTESIAN_POINT('',(1.7,13.7,0.4));
#6341=CARTESIAN_POINT('',(1.7,8.,0.4));
#6342=CARTESIAN_POINT('',(0.,13.7,0.4));
#6343=CARTESIAN_POINT('',(1.25,13.7,0.4));
#6344=CARTESIAN_POINT('',(0.,8.,0.4));
#6345=CARTESIAN_POINT('Origin',(1.25,8.,-0.4));
#6346=CARTESIAN_POINT('',(0.,13.7,-0.4));
#6347=CARTESIAN_POINT('',(0.,8.,-0.4));
#6348=CARTESIAN_POINT('',(1.7,13.7,-0.4));
#6349=CARTESIAN_POINT('',(1.25,13.7,-0.4));
#6350=CARTESIAN_POINT('',(1.7,8.,-0.4));
#6351=CARTESIAN_POINT('Origin',(0.,8.,0.));
#6352=CARTESIAN_POINT('',(0.,13.7,0.));
#6353=CARTESIAN_POINT('Origin',(2.5,8.,0.));
#6354=CARTESIAN_POINT('',(2.5,13.7,1.45));
#6355=CARTESIAN_POINT('',(2.5,13.7,-1.45));
#6356=CARTESIAN_POINT('',(2.5,13.7,0.));
#6357=CARTESIAN_POINT('',(2.5,8.,1.45));
#6358=CARTESIAN_POINT('',(2.5,8.,-1.45));
#6359=CARTESIAN_POINT('Origin',(2.1,13.7,0.));
#6360=CARTESIAN_POINT('',(1.7,13.7,1.45));
#6361=CARTESIAN_POINT('',(1.7,13.7,0.));
#6362=CARTESIAN_POINT('',(2.1,13.7,1.45));
#6363=CARTESIAN_POINT('',(1.7,13.7,-1.45));
#6364=CARTESIAN_POINT('',(2.1,13.7,-1.45));
#6365=CARTESIAN_POINT('',(1.7,13.7,0.));
#6366=CARTESIAN_POINT('Origin',(1.7,8.,0.));
#6367=CARTESIAN_POINT('',(1.7,8.,-1.45));
#6368=CARTESIAN_POINT('Origin',(2.1,8.,-1.45));
#6369=CARTESIAN_POINT('Origin',(2.1,8.,1.45));
#6370=CARTESIAN_POINT('',(1.7,8.,1.45));
#6371=CARTESIAN_POINT('Origin',(1.7,8.,0.));
#6372=CARTESIAN_POINT('Origin',(0.,2.7,0.));
#6373=CARTESIAN_POINT('',(-3.3,2.3,4.04133443718627E-16));
#6374=CARTESIAN_POINT('',(-3.3,2.7,4.04133443718627E-16));
#6375=CARTESIAN_POINT('Origin',(0.,2.3,0.));
#6376=CARTESIAN_POINT('Origin',(1.25,2.3,0.));
#6377=CARTESIAN_POINT('',(0.,0.,0.));
#6378=CARTESIAN_POINT('Origin',(5.6,13.,26.55));
#6379=CARTESIAN_POINT('',(5.9,12.75,26.55));
#6380=CARTESIAN_POINT('',(5.9,13.25,26.55));
#6381=CARTESIAN_POINT('',(5.9,12.625,26.55));
#6382=CARTESIAN_POINT('',(5.1,12.75,26.55));
#6383=CARTESIAN_POINT('',(5.6,12.75,26.55));
#6384=CARTESIAN_POINT('',(5.1,13.25,26.55));
#6385=CARTESIAN_POINT('',(5.1,12.625,26.55));
#6386=CARTESIAN_POINT('',(5.6,13.25,26.55));
#6387=CARTESIAN_POINT('Origin',(5.6,11.5,26.55));
#6388=CARTESIAN_POINT('',(5.9,11.25,26.55));
#6389=CARTESIAN_POINT('',(5.9,11.75,26.55));
#6390=CARTESIAN_POINT('',(5.9,11.875,26.55));
#6391=CARTESIAN_POINT('',(5.1,11.25,26.55));
#6392=CARTESIAN_POINT('',(5.6,11.25,26.55));
#6393=CARTESIAN_POINT('',(5.1,11.75,26.55));
#6394=CARTESIAN_POINT('',(5.1,11.875,26.55));
#6395=CARTESIAN_POINT('',(5.6,11.75,26.55));
#6396=CARTESIAN_POINT('Origin',(5.6,11.75,26.05));
#6397=CARTESIAN_POINT('',(5.9,11.75,25.55));
#6398=CARTESIAN_POINT('',(5.9,11.75,19.775));
#6399=CARTESIAN_POINT('',(5.1,11.75,25.55));
#6400=CARTESIAN_POINT('',(5.1,11.75,19.775));
#6401=CARTESIAN_POINT('',(5.6,11.75,25.55));
#6402=CARTESIAN_POINT('Origin',(3.95,13.25,26.25));
#6403=CARTESIAN_POINT('',(5.9,13.25,25.55));
#6404=CARTESIAN_POINT('',(5.9,13.25,19.875));
#6405=CARTESIAN_POINT('',(5.1,13.25,25.55));
#6406=CARTESIAN_POINT('',(5.1,13.25,19.875));
#6407=CARTESIAN_POINT('',(5.6,13.25,25.55));
#6408=CARTESIAN_POINT('Origin',(5.6,13.,25.55));
#6409=CARTESIAN_POINT('',(5.9,12.75,25.55));
#6410=CARTESIAN_POINT('',(5.9,12.625,25.55));
#6411=CARTESIAN_POINT('',(5.1,12.75,25.55));
#6412=CARTESIAN_POINT('',(5.1,12.625,25.55));
#6413=CARTESIAN_POINT('',(5.6,12.75,25.55));
#6414=CARTESIAN_POINT('Origin',(5.6,12.75,26.05));
#6415=CARTESIAN_POINT('',(5.9,12.75,19.775));
#6416=CARTESIAN_POINT('',(5.1,12.75,19.775));
#6417=CARTESIAN_POINT('Origin',(5.6,11.5,25.55));
#6418=CARTESIAN_POINT('',(5.9,11.25,25.55));
#6419=CARTESIAN_POINT('',(5.9,11.875,25.55));
#6420=CARTESIAN_POINT('',(5.1,11.25,25.55));
#6421=CARTESIAN_POINT('',(5.1,11.875,25.55));
#6422=CARTESIAN_POINT('',(5.6,11.25,25.55));
#6423=CARTESIAN_POINT('Origin',(5.25,13.05,24.75));
#6424=CARTESIAN_POINT('',(5.25,13.05,24.95));
#6425=CARTESIAN_POINT('Origin',(5.25,13.05,24.75));
#6426=CARTESIAN_POINT('',(5.25,13.05,24.8675));
#6427=CARTESIAN_POINT('Origin',(5.25,13.05,24.75));
#6428=CARTESIAN_POINT('Origin',(5.75,13.05,24.75));
#6429=CARTESIAN_POINT('',(5.9,13.05,24.95));
#6430=CARTESIAN_POINT('',(5.75,13.05,24.95));
#6431=CARTESIAN_POINT('Origin',(5.9,13.05,24.75));
#6432=CARTESIAN_POINT('Origin',(5.6,13.05,24.75));
#6433=CARTESIAN_POINT('',(5.1,13.05,24.8675));
#6434=CARTESIAN_POINT('Origin',(5.1,13.05,24.75));
#6435=CARTESIAN_POINT('',(5.6,13.05,24.8675));
#6436=CARTESIAN_POINT('Origin',(5.25,11.45,24.75));
#6437=CARTESIAN_POINT('',(5.25,11.45,24.95));
#6438=CARTESIAN_POINT('Origin',(5.25,11.45,24.75));
#6439=CARTESIAN_POINT('',(5.25,11.45,24.8675));
#6440=CARTESIAN_POINT('Origin',(5.25,11.45,24.75));
#6441=CARTESIAN_POINT('Origin',(5.75,11.45,24.75));
#6442=CARTESIAN_POINT('',(5.9,11.45,24.95));
#6443=CARTESIAN_POINT('',(5.75,11.45,24.95));
#6444=CARTESIAN_POINT('Origin',(5.9,11.45,24.75));
#6445=CARTESIAN_POINT('Origin',(5.6,11.45,24.75));
#6446=CARTESIAN_POINT('',(5.1,11.45,24.8675));
#6447=CARTESIAN_POINT('Origin',(5.1,11.45,24.75));
#6448=CARTESIAN_POINT('',(5.6,11.45,24.8675));
#6449=CARTESIAN_POINT('Origin',(5.25,13.05,27.75));
#6450=CARTESIAN_POINT('',(5.25,13.05,27.95));
#6451=CARTESIAN_POINT('Origin',(5.25,13.05,27.75));
#6452=CARTESIAN_POINT('',(5.25,13.05,27.8675));
#6453=CARTESIAN_POINT('Origin',(5.25,13.05,27.75));
#6454=CARTESIAN_POINT('Origin',(5.75,13.05,27.75));
#6455=CARTESIAN_POINT('',(5.9,13.05,27.95));
#6456=CARTESIAN_POINT('',(5.75,13.05,27.95));
#6457=CARTESIAN_POINT('Origin',(5.9,13.05,27.75));
#6458=CARTESIAN_POINT('Origin',(5.6,13.05,27.75));
#6459=CARTESIAN_POINT('',(5.1,13.05,27.8675));
#6460=CARTESIAN_POINT('Origin',(5.1,13.05,27.75));
#6461=CARTESIAN_POINT('',(5.6,13.05,27.8675));
#6462=CARTESIAN_POINT('Origin',(5.25,11.45,27.75));
#6463=CARTESIAN_POINT('',(5.25,11.45,27.95));
#6464=CARTESIAN_POINT('Origin',(5.25,11.45,27.75));
#6465=CARTESIAN_POINT('',(5.25,11.45,27.8675));
#6466=CARTESIAN_POINT('Origin',(5.25,11.45,27.75));
#6467=CARTESIAN_POINT('Origin',(5.75,11.45,27.75));
#6468=CARTESIAN_POINT('',(5.9,11.45,27.95));
#6469=CARTESIAN_POINT('',(5.75,11.45,27.95));
#6470=CARTESIAN_POINT('Origin',(5.9,11.45,27.75));
#6471=CARTESIAN_POINT('Origin',(5.6,11.45,27.75));
#6472=CARTESIAN_POINT('',(5.1,11.45,27.8675));
#6473=CARTESIAN_POINT('Origin',(5.1,11.45,27.75));
#6474=CARTESIAN_POINT('',(5.6,11.45,27.8675));
#6475=CARTESIAN_POINT('Origin',(3.95,11.25,26.25));
#6476=CARTESIAN_POINT('',(5.9,11.25,19.875));
#6477=CARTESIAN_POINT('',(5.1,11.25,19.875));
#6478=CARTESIAN_POINT('Origin',(5.41,11.65,0.));
#6479=CARTESIAN_POINT('',(5.41,11.65,0.2));
#6480=CARTESIAN_POINT('Origin',(5.41,11.65,0.));
#6481=CARTESIAN_POINT('',(5.41,11.65,0.1175));
#6482=CARTESIAN_POINT('Origin',(5.41,11.65,0.));
#6483=CARTESIAN_POINT('Origin',(5.91,11.65,0.));
#6484=CARTESIAN_POINT('',(5.9,11.65,0.2));
#6485=CARTESIAN_POINT('',(5.91,11.65,0.2));
#6486=CARTESIAN_POINT('Origin',(5.9,11.65,0.));
#6487=CARTESIAN_POINT('Origin',(5.6,11.65,0.));
#6488=CARTESIAN_POINT('',(5.1,11.65,0.1175));
#6489=CARTESIAN_POINT('Origin',(5.1,11.65,0.));
#6490=CARTESIAN_POINT('',(5.6,11.65,0.1175));
#6491=CARTESIAN_POINT('Origin',(5.41,12.85,0.));
#6492=CARTESIAN_POINT('',(5.41,12.85,0.2));
#6493=CARTESIAN_POINT('Origin',(5.41,12.85,0.));
#6494=CARTESIAN_POINT('',(5.41,12.85,0.1175));
#6495=CARTESIAN_POINT('Origin',(5.41,12.85,0.));
#6496=CARTESIAN_POINT('Origin',(5.91,12.85,0.));
#6497=CARTESIAN_POINT('',(5.9,12.85,0.2));
#6498=CARTESIAN_POINT('',(5.91,12.85,0.2));
#6499=CARTESIAN_POINT('Origin',(5.9,12.85,0.));
#6500=CARTESIAN_POINT('Origin',(5.6,12.85,0.));
#6501=CARTESIAN_POINT('',(5.1,12.85,0.1175));
#6502=CARTESIAN_POINT('Origin',(5.1,12.85,0.));
#6503=CARTESIAN_POINT('',(5.6,12.85,0.1175));
#6504=CARTESIAN_POINT('Origin',(5.41,12.25,0.6));
#6505=CARTESIAN_POINT('',(5.41,12.25,0.8));
#6506=CARTESIAN_POINT('Origin',(5.41,12.25,0.6));
#6507=CARTESIAN_POINT('',(5.41,12.25,0.7175));
#6508=CARTESIAN_POINT('Origin',(5.41,12.25,0.6));
#6509=CARTESIAN_POINT('Origin',(5.91,12.25,0.6));
#6510=CARTESIAN_POINT('',(5.9,12.25,0.8));
#6511=CARTESIAN_POINT('',(5.91,12.25,0.8));
#6512=CARTESIAN_POINT('Origin',(5.9,12.25,0.6));
#6513=CARTESIAN_POINT('Origin',(5.6,12.25,0.6));
#6514=CARTESIAN_POINT('',(5.1,12.25,0.7175));
#6515=CARTESIAN_POINT('Origin',(5.1,12.25,0.6));
#6516=CARTESIAN_POINT('',(5.6,12.25,0.7175));
#6517=CARTESIAN_POINT('Origin',(5.41,12.25,-0.6));
#6518=CARTESIAN_POINT('',(5.41,12.25,-0.4));
#6519=CARTESIAN_POINT('Origin',(5.41,12.25,-0.6));
#6520=CARTESIAN_POINT('',(5.41,12.25,-0.4825));
#6521=CARTESIAN_POINT('Origin',(5.41,12.25,-0.6));
#6522=CARTESIAN_POINT('Origin',(5.91,12.25,-0.6));
#6523=CARTESIAN_POINT('',(5.9,12.25,-0.4));
#6524=CARTESIAN_POINT('',(5.91,12.25,-0.4));
#6525=CARTESIAN_POINT('Origin',(5.9,12.25,-0.6));
#6526=CARTESIAN_POINT('Origin',(5.6,12.25,-0.6));
#6527=CARTESIAN_POINT('',(5.1,12.25,-0.4825));
#6528=CARTESIAN_POINT('Origin',(5.1,12.25,-0.6));
#6529=CARTESIAN_POINT('',(5.6,12.25,-0.4825));
#6530=CARTESIAN_POINT('Origin',(5.5,12.25,27.));
#6531=CARTESIAN_POINT('',(5.9,13.7,27.));
#6532=CARTESIAN_POINT('',(5.1,13.7,27.));
#6533=CARTESIAN_POINT('',(5.5,13.7,27.));
#6534=CARTESIAN_POINT('',(5.1,10.8,27.));
#6535=CARTESIAN_POINT('Origin',(5.1,12.25,27.));
#6536=CARTESIAN_POINT('',(5.9,10.8,27.));
#6537=CARTESIAN_POINT('',(5.5,10.8,27.));
#6538=CARTESIAN_POINT('Origin',(5.9,12.25,27.));
#6539=CARTESIAN_POINT('Origin',(5.9,12.25,13.5));
#6540=CARTESIAN_POINT('',(5.9,10.8,0.));
#6541=CARTESIAN_POINT('',(5.9,10.8,13.5));
#6542=CARTESIAN_POINT('',(5.9,13.7,0.));
#6543=CARTESIAN_POINT('Origin',(5.9,12.25,0.));
#6544=CARTESIAN_POINT('',(5.9,13.7,13.5));
#6545=CARTESIAN_POINT('Origin',(5.5,12.25,0.));
#6546=CARTESIAN_POINT('',(5.1,13.7,0.));
#6547=CARTESIAN_POINT('',(5.5,13.7,0.));
#6548=CARTESIAN_POINT('',(5.1,10.8,0.));
#6549=CARTESIAN_POINT('',(5.5,10.8,0.));
#6550=CARTESIAN_POINT('Origin',(5.1,12.25,0.));
#6551=CARTESIAN_POINT('Origin',(5.1,12.25,13.5));
#6552=CARTESIAN_POINT('',(5.1,13.7,13.5));
#6553=CARTESIAN_POINT('',(5.1,10.8,13.5));
#6554=CARTESIAN_POINT('Origin',(5.5,10.8,13.5));
#6555=CARTESIAN_POINT('Origin',(5.5,13.7,13.5));
#6556=CARTESIAN_POINT('',(0.,0.,0.));
#6557=CARTESIAN_POINT('Origin',(1.45,11.5,28.3));
#6558=CARTESIAN_POINT('',(1.45,11.25,28.));
#6559=CARTESIAN_POINT('',(1.45,11.75,28.));
#6560=CARTESIAN_POINT('',(1.45,11.875,28.));
#6561=CARTESIAN_POINT('',(1.45,11.25,28.8));
#6562=CARTESIAN_POINT('',(1.45,11.25,28.3));
#6563=CARTESIAN_POINT('',(1.45,11.75,28.8));
#6564=CARTESIAN_POINT('',(1.45,11.875,28.8));
#6565=CARTESIAN_POINT('',(1.45,11.75,28.3));
#6566=CARTESIAN_POINT('Origin',(0.95,11.75,28.3));
#6567=CARTESIAN_POINT('',(0.45,11.75,28.));
#6568=CARTESIAN_POINT('',(0.7625,11.75,28.));
#6569=CARTESIAN_POINT('',(0.45,11.75,28.8));
#6570=CARTESIAN_POINT('',(1.525,11.75,28.8));
#6571=CARTESIAN_POINT('',(0.45,11.75,28.3));
#6572=CARTESIAN_POINT('Origin',(0.45,13.,28.3));
#6573=CARTESIAN_POINT('',(0.45,13.25,28.));
#6574=CARTESIAN_POINT('',(0.45,12.75,28.));
#6575=CARTESIAN_POINT('',(0.45,12.625,28.));
#6576=CARTESIAN_POINT('',(0.45,13.25,28.8));
#6577=CARTESIAN_POINT('',(0.45,13.25,28.3));
#6578=CARTESIAN_POINT('',(0.45,12.75,28.8));
#6579=CARTESIAN_POINT('',(0.45,12.625,28.8));
#6580=CARTESIAN_POINT('',(0.45,12.75,28.3));
#6581=CARTESIAN_POINT('Origin',(0.75,13.25,29.95));
#6582=CARTESIAN_POINT('',(1.45,13.25,28.));
#6583=CARTESIAN_POINT('',(0.6625,13.25,28.));
#6584=CARTESIAN_POINT('',(1.45,13.25,28.8));
#6585=CARTESIAN_POINT('',(1.45,13.25,28.3));
#6586=CARTESIAN_POINT('',(1.425,13.25,28.8));
#6587=CARTESIAN_POINT('Origin',(0.45,11.5,28.3));
#6588=CARTESIAN_POINT('',(0.45,11.25,28.));
#6589=CARTESIAN_POINT('',(0.45,11.875,28.));
#6590=CARTESIAN_POINT('',(0.45,11.25,28.8));
#6591=CARTESIAN_POINT('',(0.45,11.875,28.8));
#6592=CARTESIAN_POINT('',(0.45,11.25,28.3));
#6593=CARTESIAN_POINT('Origin',(0.95,12.75,28.3));
#6594=CARTESIAN_POINT('',(1.45,12.75,28.));
#6595=CARTESIAN_POINT('',(0.7625,12.75,28.));
#6596=CARTESIAN_POINT('',(1.45,12.75,28.8));
#6597=CARTESIAN_POINT('',(1.525,12.75,28.8));
#6598=CARTESIAN_POINT('',(1.45,12.75,28.3));
#6599=CARTESIAN_POINT('Origin',(1.45,13.,28.3));
#6600=CARTESIAN_POINT('',(1.45,12.625,28.));
#6601=CARTESIAN_POINT('',(1.45,12.625,28.8));
#6602=CARTESIAN_POINT('Origin',(2.25,11.45,28.65));
#6603=CARTESIAN_POINT('',(2.05,11.45,28.65));
#6604=CARTESIAN_POINT('Origin',(2.25,11.45,28.65));
#6605=CARTESIAN_POINT('',(2.1325,11.45,28.65));
#6606=CARTESIAN_POINT('Origin',(2.25,11.45,28.65));
#6607=CARTESIAN_POINT('Origin',(2.25,11.45,28.15));
#6608=CARTESIAN_POINT('',(2.05,11.45,27.65));
#6609=CARTESIAN_POINT('',(2.05,11.45,28.15));
#6610=CARTESIAN_POINT('Origin',(2.25,11.45,27.65));
#6611=CARTESIAN_POINT('Origin',(2.25,11.45,27.65));
#6612=CARTESIAN_POINT('Origin',(2.25,11.45,28.3));
#6613=CARTESIAN_POINT('',(2.1325,11.45,28.8));
#6614=CARTESIAN_POINT('Origin',(2.25,11.45,28.8));
#6615=CARTESIAN_POINT('',(2.1325,11.45,28.3));
#6616=CARTESIAN_POINT('Origin',(2.25,13.05,28.65));
#6617=CARTESIAN_POINT('',(2.05,13.05,28.65));
#6618=CARTESIAN_POINT('Origin',(2.25,13.05,28.65));
#6619=CARTESIAN_POINT('',(2.1325,13.05,28.65));
#6620=CARTESIAN_POINT('Origin',(2.25,13.05,28.65));
#6621=CARTESIAN_POINT('Origin',(2.25,13.05,28.15));
#6622=CARTESIAN_POINT('',(2.05,13.05,27.65));
#6623=CARTESIAN_POINT('',(2.05,13.05,28.15));
#6624=CARTESIAN_POINT('Origin',(2.25,13.05,27.65));
#6625=CARTESIAN_POINT('Origin',(2.25,13.05,27.65));
#6626=CARTESIAN_POINT('Origin',(2.25,13.05,28.3));
#6627=CARTESIAN_POINT('',(2.1325,13.05,28.8));
#6628=CARTESIAN_POINT('Origin',(2.25,13.05,28.8));
#6629=CARTESIAN_POINT('',(2.1325,13.05,28.3));
#6630=CARTESIAN_POINT('Origin',(-0.75,11.45,28.65));
#6631=CARTESIAN_POINT('',(-0.95,11.45,28.65));
#6632=CARTESIAN_POINT('Origin',(-0.75,11.45,28.65));
#6633=CARTESIAN_POINT('',(-0.8675,11.45,28.65));
#6634=CARTESIAN_POINT('Origin',(-0.75,11.45,28.65));
#6635=CARTESIAN_POINT('Origin',(-0.75,11.45,28.15));
#6636=CARTESIAN_POINT('',(-0.95,11.45,28.));
#6637=CARTESIAN_POINT('',(-0.95,11.45,28.15));
#6638=CARTESIAN_POINT('Origin',(-0.75,11.45,28.));
#6639=CARTESIAN_POINT('Origin',(-0.75,11.45,28.3));
#6640=CARTESIAN_POINT('',(-0.8675,11.45,28.8));
#6641=CARTESIAN_POINT('Origin',(-0.75,11.45,28.8));
#6642=CARTESIAN_POINT('',(-0.8675,11.45,28.3));
#6643=CARTESIAN_POINT('Origin',(-0.75,13.05,28.65));
#6644=CARTESIAN_POINT('',(-0.95,13.05,28.65));
#6645=CARTESIAN_POINT('Origin',(-0.75,13.05,28.65));
#6646=CARTESIAN_POINT('',(-0.8675,13.05,28.65));
#6647=CARTESIAN_POINT('Origin',(-0.75,13.05,28.65));
#6648=CARTESIAN_POINT('Origin',(-0.75,13.05,28.15));
#6649=CARTESIAN_POINT('',(-0.95,13.05,28.));
#6650=CARTESIAN_POINT('',(-0.95,13.05,28.15));
#6651=CARTESIAN_POINT('Origin',(-0.75,13.05,28.));
#6652=CARTESIAN_POINT('Origin',(-0.75,13.05,28.3));
#6653=CARTESIAN_POINT('',(-0.8675,13.05,28.8));
#6654=CARTESIAN_POINT('Origin',(-0.75,13.05,28.8));
#6655=CARTESIAN_POINT('',(-0.8675,13.05,28.3));
#6656=CARTESIAN_POINT('Origin',(0.75,11.25,29.95));
#6657=CARTESIAN_POINT('',(0.6625,11.25,28.));
#6658=CARTESIAN_POINT('',(1.425,11.25,28.8));
#6659=CARTESIAN_POINT('Origin',(2.19,12.25,26.4));
#6660=CARTESIAN_POINT('',(2.19,12.25,26.2));
#6661=CARTESIAN_POINT('Origin',(2.19,12.25,26.4));
#6662=CARTESIAN_POINT('',(2.19,12.25,26.2825));
#6663=CARTESIAN_POINT('Origin',(2.19,12.25,26.4));
#6664=CARTESIAN_POINT('Origin',(1.69,12.25,26.4));
#6665=CARTESIAN_POINT('',(1.7,12.25,26.2));
#6666=CARTESIAN_POINT('',(1.69,12.25,26.2));
#6667=CARTESIAN_POINT('Origin',(1.7,12.25,26.4));
#6668=CARTESIAN_POINT('Origin',(2.,12.25,26.4));
#6669=CARTESIAN_POINT('',(2.5,12.25,26.2825));
#6670=CARTESIAN_POINT('Origin',(2.5,12.25,26.4));
#6671=CARTESIAN_POINT('',(2.,12.25,26.2825));
#6672=CARTESIAN_POINT('Origin',(2.19,12.25,27.6));
#6673=CARTESIAN_POINT('',(2.19,12.25,27.4));
#6674=CARTESIAN_POINT('Origin',(2.19,12.25,27.6));
#6675=CARTESIAN_POINT('',(2.19,12.25,27.4825));
#6676=CARTESIAN_POINT('Origin',(2.19,12.25,27.6));
#6677=CARTESIAN_POINT('Origin',(1.69,12.25,27.6));
#6678=CARTESIAN_POINT('',(1.7,12.25,27.4));
#6679=CARTESIAN_POINT('',(1.69,12.25,27.4));
#6680=CARTESIAN_POINT('Origin',(1.7,12.25,27.6));
#6681=CARTESIAN_POINT('Origin',(2.,12.25,27.6));
#6682=CARTESIAN_POINT('',(2.5,12.25,27.4825));
#6683=CARTESIAN_POINT('Origin',(2.5,12.25,27.6));
#6684=CARTESIAN_POINT('',(2.,12.25,27.4825));
#6685=CARTESIAN_POINT('Origin',(2.19,12.85,27.));
#6686=CARTESIAN_POINT('',(2.19,12.85,26.8));
#6687=CARTESIAN_POINT('Origin',(2.19,12.85,27.));
#6688=CARTESIAN_POINT('',(2.19,12.85,26.8825));
#6689=CARTESIAN_POINT('Origin',(2.19,12.85,27.));
#6690=CARTESIAN_POINT('Origin',(1.69,12.85,27.));
#6691=CARTESIAN_POINT('',(1.7,12.85,26.8));
#6692=CARTESIAN_POINT('',(1.69,12.85,26.8));
#6693=CARTESIAN_POINT('Origin',(1.7,12.85,27.));
#6694=CARTESIAN_POINT('Origin',(2.,12.85,27.));
#6695=CARTESIAN_POINT('',(2.5,12.85,26.8825));
#6696=CARTESIAN_POINT('Origin',(2.5,12.85,27.));
#6697=CARTESIAN_POINT('',(2.,12.85,26.8825));
#6698=CARTESIAN_POINT('Origin',(2.19,11.65,27.));
#6699=CARTESIAN_POINT('',(2.19,11.65,26.8));
#6700=CARTESIAN_POINT('Origin',(2.19,11.65,27.));
#6701=CARTESIAN_POINT('',(2.19,11.65,26.8825));
#6702=CARTESIAN_POINT('Origin',(2.19,11.65,27.));
#6703=CARTESIAN_POINT('Origin',(1.69,11.65,27.));
#6704=CARTESIAN_POINT('',(1.7,11.65,26.8));
#6705=CARTESIAN_POINT('',(1.69,11.65,26.8));
#6706=CARTESIAN_POINT('Origin',(1.7,11.65,27.));
#6707=CARTESIAN_POINT('Origin',(2.,11.65,27.));
#6708=CARTESIAN_POINT('',(2.5,11.65,26.8825));
#6709=CARTESIAN_POINT('Origin',(2.5,11.65,27.));
#6710=CARTESIAN_POINT('',(2.,11.65,26.8825));
#6711=CARTESIAN_POINT('Origin',(0.575,12.25,28.));
#6712=CARTESIAN_POINT('',(1.7,10.8,28.));
#6713=CARTESIAN_POINT('',(1.7,13.7,28.));
#6714=CARTESIAN_POINT('',(1.7,12.25,28.));
#6715=CARTESIAN_POINT('',(-1.45,10.8,28.));
#6716=CARTESIAN_POINT('',(0.575,10.8,28.));
#6717=CARTESIAN_POINT('',(-1.45,13.7,28.));
#6718=CARTESIAN_POINT('',(-1.45,12.25,28.));
#6719=CARTESIAN_POINT('',(0.575,13.7,28.));
#6720=CARTESIAN_POINT('Origin',(0.575,12.25,28.));
#6721=CARTESIAN_POINT('',(2.5,13.7,28.));
#6722=CARTESIAN_POINT('',(2.5,10.8,28.));
#6723=CARTESIAN_POINT('',(2.5,12.25,28.));
#6724=CARTESIAN_POINT('',(2.6,13.7,28.));
#6725=CARTESIAN_POINT('',(0.575,13.7,28.));
#6726=CARTESIAN_POINT('',(2.6,10.8,28.));
#6727=CARTESIAN_POINT('',(2.6,12.25,28.));
#6728=CARTESIAN_POINT('',(0.575,10.8,28.));
#6729=CARTESIAN_POINT('Origin',(-1.45,12.25,28.4));
#6730=CARTESIAN_POINT('',(-1.45,13.7,28.8));
#6731=CARTESIAN_POINT('',(-1.45,13.7,28.4));
#6732=CARTESIAN_POINT('',(-1.45,10.8,28.8));
#6733=CARTESIAN_POINT('',(-1.45,10.8,28.4));
#6734=CARTESIAN_POINT('',(-1.45,12.25,28.8));
#6735=CARTESIAN_POINT('Origin',(2.6,12.25,28.4));
#6736=CARTESIAN_POINT('',(2.6,10.8,28.8));
#6737=CARTESIAN_POINT('',(2.6,10.8,28.4));
#6738=CARTESIAN_POINT('',(2.6,13.7,28.8));
#6739=CARTESIAN_POINT('',(2.6,13.7,28.4));
#6740=CARTESIAN_POINT('',(2.6,12.25,28.8));
#6741=CARTESIAN_POINT('Origin',(2.5,12.25,27.9));
#6742=CARTESIAN_POINT('',(2.5,10.8,27.));
#6743=CARTESIAN_POINT('',(2.5,10.8,27.9));
#6744=CARTESIAN_POINT('',(2.5,13.7,27.));
#6745=CARTESIAN_POINT('Origin',(2.5,12.25,27.));
#6746=CARTESIAN_POINT('',(2.5,13.7,27.9));
#6747=CARTESIAN_POINT('Origin',(2.1,10.8,27.9));
#6748=CARTESIAN_POINT('',(1.7,10.8,27.));
#6749=CARTESIAN_POINT('',(1.7,10.8,27.9));
#6750=CARTESIAN_POINT('',(2.1,10.8,27.));
#6751=CARTESIAN_POINT('',(0.575,10.8,28.8));
#6752=CARTESIAN_POINT('Origin',(2.1,12.25,27.));
#6753=CARTESIAN_POINT('',(1.7,13.7,27.));
#6754=CARTESIAN_POINT('',(2.1,13.7,27.));
#6755=CARTESIAN_POINT('Origin',(1.7,12.25,27.));
#6756=CARTESIAN_POINT('Origin',(1.7,12.25,27.9));
#6757=CARTESIAN_POINT('',(1.7,13.7,27.9));
#6758=CARTESIAN_POINT('Origin',(2.1,12.25,28.8));
#6759=CARTESIAN_POINT('',(2.1,13.7,28.8));
#6760=CARTESIAN_POINT('Origin',(2.1,13.7,27.9));
#6761=CARTESIAN_POINT('',(0.,0.,0.));
#6762=CARTESIAN_POINT('Origin',(2.,13.,53.55));
#6763=CARTESIAN_POINT('',(2.3,12.75,53.55));
#6764=CARTESIAN_POINT('',(2.3,13.25,53.55));
#6765=CARTESIAN_POINT('',(2.3,12.625,53.55));
#6766=CARTESIAN_POINT('',(1.5,12.75,53.55));
#6767=CARTESIAN_POINT('',(2.,12.75,53.55));
#6768=CARTESIAN_POINT('',(1.5,13.25,53.55));
#6769=CARTESIAN_POINT('',(1.5,12.625,53.55));
#6770=CARTESIAN_POINT('',(2.,13.25,53.55));
#6771=CARTESIAN_POINT('Origin',(2.,11.5,53.55));
#6772=CARTESIAN_POINT('',(2.3,11.25,53.55));
#6773=CARTESIAN_POINT('',(2.3,11.75,53.55));
#6774=CARTESIAN_POINT('',(2.3,11.875,53.55));
#6775=CARTESIAN_POINT('',(1.5,11.25,53.55));
#6776=CARTESIAN_POINT('',(2.,11.25,53.55));
#6777=CARTESIAN_POINT('',(1.5,11.75,53.55));
#6778=CARTESIAN_POINT('',(1.5,11.875,53.55));
#6779=CARTESIAN_POINT('',(2.,11.75,53.55));
#6780=CARTESIAN_POINT('Origin',(2.,11.75,53.05));
#6781=CARTESIAN_POINT('',(2.3,11.75,52.55));
#6782=CARTESIAN_POINT('',(2.3,11.75,42.425));
#6783=CARTESIAN_POINT('',(1.5,11.75,52.55));
#6784=CARTESIAN_POINT('',(1.5,11.75,47.875));
#6785=CARTESIAN_POINT('',(2.,11.75,52.55));
#6786=CARTESIAN_POINT('Origin',(0.35,13.25,53.25));
#6787=CARTESIAN_POINT('',(2.3,13.25,52.55));
#6788=CARTESIAN_POINT('',(2.3,13.25,42.525));
#6789=CARTESIAN_POINT('',(1.5,13.25,52.55));
#6790=CARTESIAN_POINT('',(1.5,13.25,47.975));
#6791=CARTESIAN_POINT('',(2.,13.25,52.55));
#6792=CARTESIAN_POINT('Origin',(2.,13.,52.55));
#6793=CARTESIAN_POINT('',(2.3,12.75,52.55));
#6794=CARTESIAN_POINT('',(2.3,12.625,52.55));
#6795=CARTESIAN_POINT('',(1.5,12.75,52.55));
#6796=CARTESIAN_POINT('',(1.5,12.625,52.55));
#6797=CARTESIAN_POINT('',(2.,12.75,52.55));
#6798=CARTESIAN_POINT('Origin',(2.,12.75,53.05));
#6799=CARTESIAN_POINT('',(2.3,12.75,42.425));
#6800=CARTESIAN_POINT('',(1.5,12.75,47.875));
#6801=CARTESIAN_POINT('Origin',(2.,11.5,52.55));
#6802=CARTESIAN_POINT('',(2.3,11.25,52.55));
#6803=CARTESIAN_POINT('',(2.3,11.875,52.55));
#6804=CARTESIAN_POINT('',(1.5,11.25,52.55));
#6805=CARTESIAN_POINT('',(1.5,11.875,52.55));
#6806=CARTESIAN_POINT('',(2.,11.25,52.55));
#6807=CARTESIAN_POINT('Origin',(1.65,13.05,51.75));
#6808=CARTESIAN_POINT('',(1.65,13.05,51.95));
#6809=CARTESIAN_POINT('Origin',(1.65,13.05,51.75));
#6810=CARTESIAN_POINT('',(1.65,13.05,51.8675));
#6811=CARTESIAN_POINT('Origin',(1.65,13.05,51.75));
#6812=CARTESIAN_POINT('Origin',(2.15,13.05,51.75));
#6813=CARTESIAN_POINT('',(2.3,13.05,51.95));
#6814=CARTESIAN_POINT('',(2.15,13.05,51.95));
#6815=CARTESIAN_POINT('Origin',(2.3,13.05,51.75));
#6816=CARTESIAN_POINT('Origin',(2.,13.05,51.75));
#6817=CARTESIAN_POINT('',(1.5,13.05,51.8675));
#6818=CARTESIAN_POINT('Origin',(1.5,13.05,51.75));
#6819=CARTESIAN_POINT('',(2.,13.05,51.8675));
#6820=CARTESIAN_POINT('Origin',(1.65,11.45,51.75));
#6821=CARTESIAN_POINT('',(1.65,11.45,51.95));
#6822=CARTESIAN_POINT('Origin',(1.65,11.45,51.75));
#6823=CARTESIAN_POINT('',(1.65,11.45,51.8675));
#6824=CARTESIAN_POINT('Origin',(1.65,11.45,51.75));
#6825=CARTESIAN_POINT('Origin',(2.15,11.45,51.75));
#6826=CARTESIAN_POINT('',(2.3,11.45,51.95));
#6827=CARTESIAN_POINT('',(2.15,11.45,51.95));
#6828=CARTESIAN_POINT('Origin',(2.3,11.45,51.75));
#6829=CARTESIAN_POINT('Origin',(2.,11.45,51.75));
#6830=CARTESIAN_POINT('',(1.5,11.45,51.8675));
#6831=CARTESIAN_POINT('Origin',(1.5,11.45,51.75));
#6832=CARTESIAN_POINT('',(2.,11.45,51.8675));
#6833=CARTESIAN_POINT('Origin',(1.65,13.05,54.75));
#6834=CARTESIAN_POINT('',(1.65,13.05,54.95));
#6835=CARTESIAN_POINT('Origin',(1.65,13.05,54.75));
#6836=CARTESIAN_POINT('',(1.65,13.05,54.8675));
#6837=CARTESIAN_POINT('Origin',(1.65,13.05,54.75));
#6838=CARTESIAN_POINT('Origin',(2.15,13.05,54.75));
#6839=CARTESIAN_POINT('',(2.3,13.05,54.95));
#6840=CARTESIAN_POINT('',(2.15,13.05,54.95));
#6841=CARTESIAN_POINT('Origin',(2.3,13.05,54.75));
#6842=CARTESIAN_POINT('Origin',(2.,13.05,54.75));
#6843=CARTESIAN_POINT('',(1.5,13.05,54.8675));
#6844=CARTESIAN_POINT('Origin',(1.5,13.05,54.75));
#6845=CARTESIAN_POINT('',(2.,13.05,54.8675));
#6846=CARTESIAN_POINT('Origin',(1.65,11.45,54.75));
#6847=CARTESIAN_POINT('',(1.65,11.45,54.95));
#6848=CARTESIAN_POINT('Origin',(1.65,11.45,54.75));
#6849=CARTESIAN_POINT('',(1.65,11.45,54.8675));
#6850=CARTESIAN_POINT('Origin',(1.65,11.45,54.75));
#6851=CARTESIAN_POINT('Origin',(2.15,11.45,54.75));
#6852=CARTESIAN_POINT('',(2.3,11.45,54.95));
#6853=CARTESIAN_POINT('',(2.15,11.45,54.95));
#6854=CARTESIAN_POINT('Origin',(2.3,11.45,54.75));
#6855=CARTESIAN_POINT('Origin',(2.,11.45,54.75));
#6856=CARTESIAN_POINT('',(1.5,11.45,54.8675));
#6857=CARTESIAN_POINT('Origin',(1.5,11.45,54.75));
#6858=CARTESIAN_POINT('',(2.,11.45,54.8675));
#6859=CARTESIAN_POINT('Origin',(0.35,11.25,53.25));
#6860=CARTESIAN_POINT('',(2.3,11.25,42.525));
#6861=CARTESIAN_POINT('',(1.5,11.25,47.975));
#6862=CARTESIAN_POINT('Origin',(0.6,12.25,31.71));
#6863=CARTESIAN_POINT('',(0.4,12.25,31.71));
#6864=CARTESIAN_POINT('Origin',(0.6,12.25,31.71));
#6865=CARTESIAN_POINT('',(0.4825,12.25,31.71));
#6866=CARTESIAN_POINT('Origin',(0.6,12.25,31.71));
#6867=CARTESIAN_POINT('Origin',(0.6,12.25,32.21));
#6868=CARTESIAN_POINT('',(0.4,12.25,32.2));
#6869=CARTESIAN_POINT('',(0.4,12.25,32.21));
#6870=CARTESIAN_POINT('Origin',(0.6,12.25,32.2));
#6871=CARTESIAN_POINT('Origin',(0.6,12.25,31.9));
#6872=CARTESIAN_POINT('',(0.4825,12.25,31.4));
#6873=CARTESIAN_POINT('Origin',(0.6,12.25,31.4));
#6874=CARTESIAN_POINT('',(0.4825,12.25,31.9));
#6875=CARTESIAN_POINT('Origin',(-0.6,12.25,31.71));
#6876=CARTESIAN_POINT('',(-0.8,12.25,31.71));
#6877=CARTESIAN_POINT('Origin',(-0.6,12.25,31.71));
#6878=CARTESIAN_POINT('',(-0.7175,12.25,31.71));
#6879=CARTESIAN_POINT('Origin',(-0.6,12.25,31.71));
#6880=CARTESIAN_POINT('Origin',(-0.6,12.25,32.21));
#6881=CARTESIAN_POINT('',(-0.8,12.25,32.2));
#6882=CARTESIAN_POINT('',(-0.8,12.25,32.21));
#6883=CARTESIAN_POINT('Origin',(-0.6,12.25,32.2));
#6884=CARTESIAN_POINT('Origin',(-0.6,12.25,31.9));
#6885=CARTESIAN_POINT('',(-0.7175,12.25,31.4));
#6886=CARTESIAN_POINT('Origin',(-0.6,12.25,31.4));
#6887=CARTESIAN_POINT('',(-0.7175,12.25,31.9));
#6888=CARTESIAN_POINT('Origin',(0.,11.65,31.71));
#6889=CARTESIAN_POINT('',(-0.2,11.65,31.71));
#6890=CARTESIAN_POINT('Origin',(0.,11.65,31.71));
#6891=CARTESIAN_POINT('',(-0.1175,11.65,31.71));
#6892=CARTESIAN_POINT('Origin',(0.,11.65,31.71));
#6893=CARTESIAN_POINT('Origin',(0.,11.65,32.21));
#6894=CARTESIAN_POINT('',(-0.2,11.65,32.2));
#6895=CARTESIAN_POINT('',(-0.2,11.65,32.21));
#6896=CARTESIAN_POINT('Origin',(0.,11.65,32.2));
#6897=CARTESIAN_POINT('Origin',(0.,11.65,31.9));
#6898=CARTESIAN_POINT('',(-0.1175,11.65,31.4));
#6899=CARTESIAN_POINT('Origin',(0.,11.65,31.4));
#6900=CARTESIAN_POINT('',(-0.1175,11.65,31.9));
#6901=CARTESIAN_POINT('Origin',(0.,12.85,31.71));
#6902=CARTESIAN_POINT('',(-0.2,12.85,31.71));
#6903=CARTESIAN_POINT('Origin',(0.,12.85,31.71));
#6904=CARTESIAN_POINT('',(-0.1175,12.85,31.71));
#6905=CARTESIAN_POINT('Origin',(0.,12.85,31.71));
#6906=CARTESIAN_POINT('Origin',(0.,12.85,32.21));
#6907=CARTESIAN_POINT('',(-0.2,12.85,32.2));
#6908=CARTESIAN_POINT('',(-0.2,12.85,32.21));
#6909=CARTESIAN_POINT('Origin',(0.,12.85,32.2));
#6910=CARTESIAN_POINT('Origin',(0.,12.85,31.9));
#6911=CARTESIAN_POINT('',(-0.1175,12.85,31.4));
#6912=CARTESIAN_POINT('Origin',(0.,12.85,31.4));
#6913=CARTESIAN_POINT('',(-0.1175,12.85,31.9));
#6914=CARTESIAN_POINT('Origin',(1.5,12.25,42.7));
#6915=CARTESIAN_POINT('',(1.5,10.8,32.2));
#6916=CARTESIAN_POINT('',(1.5,13.7,32.2));
#6917=CARTESIAN_POINT('',(1.5,12.25,32.2));
#6918=CARTESIAN_POINT('',(1.5,10.8,54.));
#6919=CARTESIAN_POINT('',(1.5,10.8,42.7));
#6920=CARTESIAN_POINT('',(1.5,13.7,54.));
#6921=CARTESIAN_POINT('Origin',(1.5,12.25,54.));
#6922=CARTESIAN_POINT('',(1.5,13.7,42.7));
#6923=CARTESIAN_POINT('Origin',(1.9,12.25,54.));
#6924=CARTESIAN_POINT('',(2.3,13.7,54.));
#6925=CARTESIAN_POINT('',(1.9,13.7,54.));
#6926=CARTESIAN_POINT('',(2.3,10.8,54.));
#6927=CARTESIAN_POINT('',(1.9,10.8,54.));
#6928=CARTESIAN_POINT('Origin',(2.3,12.25,54.));
#6929=CARTESIAN_POINT('Origin',(1.15,13.7,31.8));
#6930=CARTESIAN_POINT('',(0.,13.7,31.4));
#6931=CARTESIAN_POINT('',(2.3,13.7,31.4));
#6932=CARTESIAN_POINT('',(1.15,13.7,31.4));
#6933=CARTESIAN_POINT('',(0.,13.7,32.2));
#6934=CARTESIAN_POINT('',(0.,13.7,31.8));
#6935=CARTESIAN_POINT('',(1.15,13.7,32.2));
#6936=CARTESIAN_POINT('',(2.3,13.7,42.7));
#6937=CARTESIAN_POINT('Origin',(0.,12.25,31.8));
#6938=CARTESIAN_POINT('',(0.,10.8,31.4));
#6939=CARTESIAN_POINT('Origin',(0.,12.25,31.4));
#6940=CARTESIAN_POINT('',(0.,10.8,32.2));
#6941=CARTESIAN_POINT('',(0.,10.8,31.8));
#6942=CARTESIAN_POINT('Origin',(0.,12.25,32.2));
#6943=CARTESIAN_POINT('Origin',(1.15,12.25,32.2));
#6944=CARTESIAN_POINT('',(1.15,10.8,32.2));
#6945=CARTESIAN_POINT('Origin',(1.15,12.25,31.4));
#6946=CARTESIAN_POINT('',(2.3,10.8,31.4));
#6947=CARTESIAN_POINT('',(1.15,10.8,31.4));
#6948=CARTESIAN_POINT('',(2.3,12.25,31.4));
#6949=CARTESIAN_POINT('Origin',(1.15,10.8,31.8));
#6950=CARTESIAN_POINT('',(2.3,10.8,31.8));
#6951=CARTESIAN_POINT('Origin',(2.3,12.25,31.8));
#6952=CARTESIAN_POINT('',(0.,0.,0.));
#6953=CARTESIAN_POINT('Origin',(-6.05,11.5,58.9));
#6954=CARTESIAN_POINT('',(-6.05,11.25,58.6));
#6955=CARTESIAN_POINT('',(-6.05,11.75,58.6));
#6956=CARTESIAN_POINT('',(-6.05,11.875,58.6));
#6957=CARTESIAN_POINT('',(-6.05,11.25,59.4));
#6958=CARTESIAN_POINT('',(-6.05,11.25,58.9));
#6959=CARTESIAN_POINT('',(-6.05,11.75,59.4));
#6960=CARTESIAN_POINT('',(-6.05,11.875,59.4));
#6961=CARTESIAN_POINT('',(-6.05,11.75,58.9));
#6962=CARTESIAN_POINT('Origin',(-6.55,11.75,58.9));
#6963=CARTESIAN_POINT('',(-7.05,11.75,58.6));
#6964=CARTESIAN_POINT('',(-5.7,11.75,58.6));
#6965=CARTESIAN_POINT('',(-7.05,11.75,59.4));
#6966=CARTESIAN_POINT('',(-4.025,11.75,59.4));
#6967=CARTESIAN_POINT('',(-7.05,11.75,58.9));
#6968=CARTESIAN_POINT('Origin',(-7.05,13.,58.9));
#6969=CARTESIAN_POINT('',(-7.05,13.25,58.6));
#6970=CARTESIAN_POINT('',(-7.05,12.75,58.6));
#6971=CARTESIAN_POINT('',(-7.05,12.625,58.6));
#6972=CARTESIAN_POINT('',(-7.05,13.25,59.4));
#6973=CARTESIAN_POINT('',(-7.05,13.25,58.9));
#6974=CARTESIAN_POINT('',(-7.05,12.75,59.4));
#6975=CARTESIAN_POINT('',(-7.05,12.625,59.4));
#6976=CARTESIAN_POINT('',(-7.05,12.75,58.9));
#6977=CARTESIAN_POINT('Origin',(-6.75,13.25,60.55));
#6978=CARTESIAN_POINT('',(-6.05,13.25,58.6));
#6979=CARTESIAN_POINT('',(-5.8,13.25,58.6));
#6980=CARTESIAN_POINT('',(-6.05,13.25,59.4));
#6981=CARTESIAN_POINT('',(-6.05,13.25,58.9));
#6982=CARTESIAN_POINT('',(-4.125,13.25,59.4));
#6983=CARTESIAN_POINT('Origin',(-7.05,11.5,58.9));
#6984=CARTESIAN_POINT('',(-7.05,11.25,58.6));
#6985=CARTESIAN_POINT('',(-7.05,11.875,58.6));
#6986=CARTESIAN_POINT('',(-7.05,11.25,59.4));
#6987=CARTESIAN_POINT('',(-7.05,11.875,59.4));
#6988=CARTESIAN_POINT('',(-7.05,11.25,58.9));
#6989=CARTESIAN_POINT('Origin',(-6.55,12.75,58.9));
#6990=CARTESIAN_POINT('',(-6.05,12.75,58.6));
#6991=CARTESIAN_POINT('',(-5.7,12.75,58.6));
#6992=CARTESIAN_POINT('',(-6.05,12.75,59.4));
#6993=CARTESIAN_POINT('',(-4.025,12.75,59.4));
#6994=CARTESIAN_POINT('',(-6.05,12.75,58.9));
#6995=CARTESIAN_POINT('Origin',(-6.05,13.,58.9));
#6996=CARTESIAN_POINT('',(-6.05,12.625,58.6));
#6997=CARTESIAN_POINT('',(-6.05,12.625,59.4));
#6998=CARTESIAN_POINT('Origin',(-5.25,11.45,59.25));
#6999=CARTESIAN_POINT('',(-5.45,11.45,59.25));
#7000=CARTESIAN_POINT('Origin',(-5.25,11.45,59.25));
#7001=CARTESIAN_POINT('',(-5.3675,11.45,59.25));
#7002=CARTESIAN_POINT('Origin',(-5.25,11.45,59.25));
#7003=CARTESIAN_POINT('Origin',(-5.25,11.45,58.75));
#7004=CARTESIAN_POINT('',(-5.45,11.45,58.6));
#7005=CARTESIAN_POINT('',(-5.45,11.45,58.75));
#7006=CARTESIAN_POINT('Origin',(-5.25,11.45,58.6));
#7007=CARTESIAN_POINT('Origin',(-5.25,11.45,58.9));
#7008=CARTESIAN_POINT('',(-5.3675,11.45,59.4));
#7009=CARTESIAN_POINT('Origin',(-5.25,11.45,59.4));
#7010=CARTESIAN_POINT('',(-5.3675,11.45,58.9));
#7011=CARTESIAN_POINT('Origin',(-5.25,13.05,59.25));
#7012=CARTESIAN_POINT('',(-5.45,13.05,59.25));
#7013=CARTESIAN_POINT('Origin',(-5.25,13.05,59.25));
#7014=CARTESIAN_POINT('',(-5.3675,13.05,59.25));
#7015=CARTESIAN_POINT('Origin',(-5.25,13.05,59.25));
#7016=CARTESIAN_POINT('Origin',(-5.25,13.05,58.75));
#7017=CARTESIAN_POINT('',(-5.45,13.05,58.6));
#7018=CARTESIAN_POINT('',(-5.45,13.05,58.75));
#7019=CARTESIAN_POINT('Origin',(-5.25,13.05,58.6));
#7020=CARTESIAN_POINT('Origin',(-5.25,13.05,58.9));
#7021=CARTESIAN_POINT('',(-5.3675,13.05,59.4));
#7022=CARTESIAN_POINT('Origin',(-5.25,13.05,59.4));
#7023=CARTESIAN_POINT('',(-5.3675,13.05,58.9));
#7024=CARTESIAN_POINT('Origin',(-8.25,11.45,59.25));
#7025=CARTESIAN_POINT('',(-8.45,11.45,59.25));
#7026=CARTESIAN_POINT('Origin',(-8.25,11.45,59.25));
#7027=CARTESIAN_POINT('',(-8.3675,11.45,59.25));
#7028=CARTESIAN_POINT('Origin',(-8.25,11.45,59.25));
#7029=CARTESIAN_POINT('Origin',(-8.25,11.45,58.75));
#7030=CARTESIAN_POINT('',(-8.45,11.45,58.6));
#7031=CARTESIAN_POINT('',(-8.45,11.45,58.75));
#7032=CARTESIAN_POINT('Origin',(-8.25,11.45,58.6));
#7033=CARTESIAN_POINT('Origin',(-8.25,11.45,58.9));
#7034=CARTESIAN_POINT('',(-8.3675,11.45,59.4));
#7035=CARTESIAN_POINT('Origin',(-8.25,11.45,59.4));
#7036=CARTESIAN_POINT('',(-8.3675,11.45,58.9));
#7037=CARTESIAN_POINT('Origin',(-8.25,13.05,59.25));
#7038=CARTESIAN_POINT('',(-8.45,13.05,59.25));
#7039=CARTESIAN_POINT('Origin',(-8.25,13.05,59.25));
#7040=CARTESIAN_POINT('',(-8.3675,13.05,59.25));
#7041=CARTESIAN_POINT('Origin',(-8.25,13.05,59.25));
#7042=CARTESIAN_POINT('Origin',(-8.25,13.05,58.75));
#7043=CARTESIAN_POINT('',(-8.45,13.05,58.6));
#7044=CARTESIAN_POINT('',(-8.45,13.05,58.75));
#7045=CARTESIAN_POINT('Origin',(-8.25,13.05,58.6));
#7046=CARTESIAN_POINT('Origin',(-8.25,13.05,58.9));
#7047=CARTESIAN_POINT('',(-8.3675,13.05,59.4));
#7048=CARTESIAN_POINT('Origin',(-8.25,13.05,59.4));
#7049=CARTESIAN_POINT('',(-8.3675,13.05,58.9));
#7050=CARTESIAN_POINT('Origin',(-6.75,11.25,60.55));
#7051=CARTESIAN_POINT('',(-5.8,11.25,58.6));
#7052=CARTESIAN_POINT('',(-4.125,11.25,59.4));
#7053=CARTESIAN_POINT('Origin',(-1.41,12.25,53.4));
#7054=CARTESIAN_POINT('',(-1.41,12.25,53.2));
#7055=CARTESIAN_POINT('Origin',(-1.41,12.25,53.4));
#7056=CARTESIAN_POINT('',(-1.41,12.25,53.2825));
#7057=CARTESIAN_POINT('Origin',(-1.41,12.25,53.4));
#7058=CARTESIAN_POINT('Origin',(-1.91,12.25,53.4));
#7059=CARTESIAN_POINT('',(-1.9,12.25,53.2));
#7060=CARTESIAN_POINT('',(-1.91,12.25,53.2));
#7061=CARTESIAN_POINT('Origin',(-1.9,12.25,53.4));
#7062=CARTESIAN_POINT('Origin',(-1.6,12.25,53.4));
#7063=CARTESIAN_POINT('',(-1.1,12.25,53.2825));
#7064=CARTESIAN_POINT('Origin',(-1.1,12.25,53.4));
#7065=CARTESIAN_POINT('',(-1.6,12.25,53.2825));
#7066=CARTESIAN_POINT('Origin',(-1.41,12.25,54.6));
#7067=CARTESIAN_POINT('',(-1.41,12.25,54.4));
#7068=CARTESIAN_POINT('Origin',(-1.41,12.25,54.6));
#7069=CARTESIAN_POINT('',(-1.41,12.25,54.4825));
#7070=CARTESIAN_POINT('Origin',(-1.41,12.25,54.6));
#7071=CARTESIAN_POINT('Origin',(-1.91,12.25,54.6));
#7072=CARTESIAN_POINT('',(-1.9,12.25,54.4));
#7073=CARTESIAN_POINT('',(-1.91,12.25,54.4));
#7074=CARTESIAN_POINT('Origin',(-1.9,12.25,54.6));
#7075=CARTESIAN_POINT('Origin',(-1.6,12.25,54.6));
#7076=CARTESIAN_POINT('',(-1.1,12.25,54.4825));
#7077=CARTESIAN_POINT('Origin',(-1.1,12.25,54.6));
#7078=CARTESIAN_POINT('',(-1.6,12.25,54.4825));
#7079=CARTESIAN_POINT('Origin',(-1.41,12.85,54.));
#7080=CARTESIAN_POINT('',(-1.41,12.85,53.8));
#7081=CARTESIAN_POINT('Origin',(-1.41,12.85,54.));
#7082=CARTESIAN_POINT('',(-1.41,12.85,53.8825));
#7083=CARTESIAN_POINT('Origin',(-1.41,12.85,54.));
#7084=CARTESIAN_POINT('Origin',(-1.91,12.85,54.));
#7085=CARTESIAN_POINT('',(-1.9,12.85,53.8));
#7086=CARTESIAN_POINT('',(-1.91,12.85,53.8));
#7087=CARTESIAN_POINT('Origin',(-1.9,12.85,54.));
#7088=CARTESIAN_POINT('Origin',(-1.6,12.85,54.));
#7089=CARTESIAN_POINT('',(-1.1,12.85,53.8825));
#7090=CARTESIAN_POINT('Origin',(-1.1,12.85,54.));
#7091=CARTESIAN_POINT('',(-1.6,12.85,53.8825));
#7092=CARTESIAN_POINT('Origin',(-1.41,11.65,54.));
#7093=CARTESIAN_POINT('',(-1.41,11.65,53.8));
#7094=CARTESIAN_POINT('Origin',(-1.41,11.65,54.));
#7095=CARTESIAN_POINT('',(-1.41,11.65,53.8825));
#7096=CARTESIAN_POINT('Origin',(-1.41,11.65,54.));
#7097=CARTESIAN_POINT('Origin',(-1.91,11.65,54.));
#7098=CARTESIAN_POINT('',(-1.9,11.65,53.8));
#7099=CARTESIAN_POINT('',(-1.91,11.65,53.8));
#7100=CARTESIAN_POINT('Origin',(-1.9,11.65,54.));
#7101=CARTESIAN_POINT('Origin',(-1.6,11.65,54.));
#7102=CARTESIAN_POINT('',(-1.1,11.65,53.8825));
#7103=CARTESIAN_POINT('Origin',(-1.1,11.65,54.));
#7104=CARTESIAN_POINT('',(-1.6,11.65,53.8825));
#7105=CARTESIAN_POINT('Origin',(-4.85,12.25,58.6));
#7106=CARTESIAN_POINT('',(-1.9,10.8,58.6));
#7107=CARTESIAN_POINT('',(-1.9,13.7,58.6));
#7108=CARTESIAN_POINT('',(-1.9,12.25,58.6));
#7109=CARTESIAN_POINT('',(-8.6,10.8,58.6));
#7110=CARTESIAN_POINT('',(-4.85,10.8,58.6));
#7111=CARTESIAN_POINT('',(-8.6,13.7,58.6));
#7112=CARTESIAN_POINT('',(-8.6,12.25,58.6));
#7113=CARTESIAN_POINT('',(-4.85,13.7,58.6));
#7114=CARTESIAN_POINT('Origin',(-8.6,12.25,59.));
#7115=CARTESIAN_POINT('',(-8.6,13.7,59.4));
#7116=CARTESIAN_POINT('',(-8.6,13.7,59.));
#7117=CARTESIAN_POINT('',(-8.6,10.8,59.4));
#7118=CARTESIAN_POINT('',(-8.6,10.8,59.));
#7119=CARTESIAN_POINT('',(-8.6,12.25,59.4));
#7120=CARTESIAN_POINT('Origin',(-1.1,12.25,56.7));
#7121=CARTESIAN_POINT('',(-1.1,10.8,59.4));
#7122=CARTESIAN_POINT('',(-1.1,10.8,54.));
#7123=CARTESIAN_POINT('',(-1.1,10.8,56.7));
#7124=CARTESIAN_POINT('',(-1.1,13.7,54.));
#7125=CARTESIAN_POINT('Origin',(-1.1,12.25,54.));
#7126=CARTESIAN_POINT('',(-1.1,13.7,59.4));
#7127=CARTESIAN_POINT('',(-1.1,13.7,56.7));
#7128=CARTESIAN_POINT('',(-1.1,12.25,59.4));
#7129=CARTESIAN_POINT('Origin',(-1.5,10.8,56.7));
#7130=CARTESIAN_POINT('',(-1.9,10.8,54.));
#7131=CARTESIAN_POINT('',(-1.9,10.8,56.7));
#7132=CARTESIAN_POINT('',(-1.5,10.8,54.));
#7133=CARTESIAN_POINT('',(-1.5,10.8,59.4));
#7134=CARTESIAN_POINT('Origin',(-1.5,12.25,54.));
#7135=CARTESIAN_POINT('',(-1.9,13.7,54.));
#7136=CARTESIAN_POINT('',(-1.5,13.7,54.));
#7137=CARTESIAN_POINT('Origin',(-1.9,12.25,54.));
#7138=CARTESIAN_POINT('Origin',(-1.9,12.25,56.7));
#7139=CARTESIAN_POINT('',(-1.9,13.7,56.7));
#7140=CARTESIAN_POINT('Origin',(-1.5,12.25,59.4));
#7141=CARTESIAN_POINT('',(-1.5,13.7,59.4));
#7142=CARTESIAN_POINT('Origin',(-1.5,13.7,56.7));
#7143=CARTESIAN_POINT('',(0.,0.,0.));
#7144=CARTESIAN_POINT('Origin',(0.,0.425,-3.6));
#7145=CARTESIAN_POINT('',(-0.22,0.25,-3.6));
#7146=CARTESIAN_POINT('Origin',(0.,0.25,-3.6));
#7147=CARTESIAN_POINT('',(-0.22,0.5,-3.6));
#7148=CARTESIAN_POINT('',(-0.22,0.425,-3.6));
#7149=CARTESIAN_POINT('Origin',(0.,0.5,-3.6));
#7150=CARTESIAN_POINT('Origin',(0.,0.25,-3.6));
#7151=CARTESIAN_POINT('',(-0.12,0.25,-3.6));
#7152=CARTESIAN_POINT('Origin',(0.,0.25,-3.6));
#7153=CARTESIAN_POINT('Origin',(0.,0.25,-3.6));
#7154=CARTESIAN_POINT('',(-0.12,0.,-3.6));
#7155=CARTESIAN_POINT('Origin',(0.,0.,-3.6));
#7156=CARTESIAN_POINT('',(-0.12,0.25,-3.6));
#7157=CARTESIAN_POINT('Origin',(0.,0.425,3.6));
#7158=CARTESIAN_POINT('',(-0.22,0.25,3.6));
#7159=CARTESIAN_POINT('Origin',(0.,0.25,3.6));
#7160=CARTESIAN_POINT('',(-0.22,0.5,3.6));
#7161=CARTESIAN_POINT('',(-0.22,0.425,3.6));
#7162=CARTESIAN_POINT('Origin',(0.,0.5,3.6));
#7163=CARTESIAN_POINT('Origin',(0.,0.25,3.6));
#7164=CARTESIAN_POINT('',(-0.12,0.25,3.6));
#7165=CARTESIAN_POINT('Origin',(0.,0.25,3.6));
#7166=CARTESIAN_POINT('Origin',(0.,0.25,3.6));
#7167=CARTESIAN_POINT('',(-0.12,0.,3.6));
#7168=CARTESIAN_POINT('Origin',(0.,0.,3.6));
#7169=CARTESIAN_POINT('',(-0.12,0.25,3.6));
#7170=CARTESIAN_POINT('Origin',(-3.6,0.425,0.));
#7171=CARTESIAN_POINT('',(-3.82,0.25,2.69422295812418E-17));
#7172=CARTESIAN_POINT('Origin',(-3.6,0.25,0.));
#7173=CARTESIAN_POINT('',(-3.82,0.5,-2.69422295812418E-17));
#7174=CARTESIAN_POINT('',(-3.82,0.425,2.69422295812418E-17));
#7175=CARTESIAN_POINT('Origin',(-3.6,0.5,0.));
#7176=CARTESIAN_POINT('Origin',(-3.6,0.25,0.));
#7177=CARTESIAN_POINT('',(-3.72,0.25,1.46957615897682E-17));
#7178=CARTESIAN_POINT('Origin',(-3.6,0.25,0.));
#7179=CARTESIAN_POINT('Origin',(-3.6,0.25,0.));
#7180=CARTESIAN_POINT('',(-3.72,0.,1.46957615897682E-17));
#7181=CARTESIAN_POINT('Origin',(-3.6,0.,0.));
#7182=CARTESIAN_POINT('',(-3.72,0.25,1.46957615897682E-17));
#7183=CARTESIAN_POINT('Origin',(3.6,0.425,0.));
#7184=CARTESIAN_POINT('',(3.38,0.25,2.69422295812418E-17));
#7185=CARTESIAN_POINT('Origin',(3.6,0.25,0.));
#7186=CARTESIAN_POINT('',(3.38,0.5,-2.69422295812418E-17));
#7187=CARTESIAN_POINT('',(3.38,0.425,2.69422295812418E-17));
#7188=CARTESIAN_POINT('Origin',(3.6,0.5,0.));
#7189=CARTESIAN_POINT('Origin',(3.6,0.25,0.));
#7190=CARTESIAN_POINT('',(3.48,0.25,1.46957615897682E-17));
#7191=CARTESIAN_POINT('Origin',(3.6,0.25,0.));
#7192=CARTESIAN_POINT('Origin',(3.6,0.25,0.));
#7193=CARTESIAN_POINT('',(3.48,0.,1.46957615897682E-17));
#7194=CARTESIAN_POINT('Origin',(3.6,0.,0.));
#7195=CARTESIAN_POINT('',(3.48,0.25,1.46957615897682E-17));
#7196=CARTESIAN_POINT('Origin',(0.,0.5,0.));
#7197=CARTESIAN_POINT('',(-1.2,0.5,3.07408522978788));
#7198=CARTESIAN_POINT('',(1.2,0.5,3.07408522978788));
#7199=CARTESIAN_POINT('Origin',(0.,0.5,0.));
#7200=CARTESIAN_POINT('',(-1.2,0.5,3.71079506305589));
#7201=CARTESIAN_POINT('',(-1.2,0.5,1.475));
#7202=CARTESIAN_POINT('',(1.2,0.5,3.71079506305589));
#7203=CARTESIAN_POINT('Origin',(0.,0.5,0.));
#7204=CARTESIAN_POINT('',(1.2,0.5,1.475));
#7205=CARTESIAN_POINT('Origin',(0.,0.25,0.));
#7206=CARTESIAN_POINT('',(-1.2,0.,3.71079506305589));
#7207=CARTESIAN_POINT('',(-1.2,0.25,3.71079506305589));
#7208=CARTESIAN_POINT('',(1.2,0.,3.71079506305589));
#7209=CARTESIAN_POINT('Origin',(0.,0.,0.));
#7210=CARTESIAN_POINT('',(1.2,0.25,3.71079506305589));
#7211=CARTESIAN_POINT('Origin',(0.,0.25,0.));
#7212=CARTESIAN_POINT('',(-1.2,0.5,-3.71079506305589));
#7213=CARTESIAN_POINT('',(-1.2,0.,-3.71079506305589));
#7214=CARTESIAN_POINT('',(-1.2,0.25,-3.71079506305589));
#7215=CARTESIAN_POINT('',(1.2,0.5,-3.71079506305589));
#7216=CARTESIAN_POINT('Origin',(0.,0.5,0.));
#7217=CARTESIAN_POINT('',(1.2,0.,-3.71079506305589));
#7218=CARTESIAN_POINT('',(1.2,0.25,-3.71079506305589));
#7219=CARTESIAN_POINT('Origin',(0.,0.,0.));
#7220=CARTESIAN_POINT('Origin',(0.,0.5,0.));
#7221=CARTESIAN_POINT('',(1.2,0.5,-3.07408522978788));
#7222=CARTESIAN_POINT('',(-1.2,0.5,-3.07408522978788));
#7223=CARTESIAN_POINT('Origin',(0.,0.5,0.));
#7224=CARTESIAN_POINT('',(1.2,0.5,-1.475));
#7225=CARTESIAN_POINT('',(-1.2,0.5,-1.475));
#7226=CARTESIAN_POINT('Origin',(0.,0.5,0.));
#7227=CARTESIAN_POINT('',(3.07408522978788,0.5,1.2));
#7228=CARTESIAN_POINT('',(3.07408522978788,0.5,-1.2));
#7229=CARTESIAN_POINT('Origin',(0.,0.5,0.));
#7230=CARTESIAN_POINT('',(3.71079506305589,0.5,1.2));
#7231=CARTESIAN_POINT('',(1.475,0.5,1.2));
#7232=CARTESIAN_POINT('',(3.71079506305589,0.5,-1.2));
#7233=CARTESIAN_POINT('Origin',(0.,0.5,0.));
#7234=CARTESIAN_POINT('',(1.475,0.5,-1.2));
#7235=CARTESIAN_POINT('Origin',(0.,0.25,0.));
#7236=CARTESIAN_POINT('',(3.71079506305589,0.,1.2));
#7237=CARTESIAN_POINT('',(3.71079506305589,0.25,1.2));
#7238=CARTESIAN_POINT('',(3.71079506305589,0.,-1.2));
#7239=CARTESIAN_POINT('Origin',(0.,0.,0.));
#7240=CARTESIAN_POINT('',(3.71079506305589,0.25,-1.2));
#7241=CARTESIAN_POINT('Origin',(0.,0.25,0.));
#7242=CARTESIAN_POINT('',(-3.71079506305589,0.5,1.2));
#7243=CARTESIAN_POINT('',(-3.71079506305589,0.,1.2));
#7244=CARTESIAN_POINT('',(-3.71079506305589,0.25,1.2));
#7245=CARTESIAN_POINT('',(-3.71079506305589,0.5,-1.2));
#7246=CARTESIAN_POINT('Origin',(0.,0.5,0.));
#7247=CARTESIAN_POINT('',(-3.71079506305589,0.,-1.2));
#7248=CARTESIAN_POINT('',(-3.71079506305589,0.25,-1.2));
#7249=CARTESIAN_POINT('Origin',(0.,0.,0.));
#7250=CARTESIAN_POINT('Origin',(0.,0.5,0.));
#7251=CARTESIAN_POINT('',(-3.07408522978788,0.5,-1.2));
#7252=CARTESIAN_POINT('',(-3.3,0.5,4.04133443718627E-16));
#7253=CARTESIAN_POINT('Origin',(0.,0.5,0.));
#7254=CARTESIAN_POINT('',(-1.475,0.5,-1.2));
#7255=CARTESIAN_POINT('',(-3.07408522978788,0.5,1.2));
#7256=CARTESIAN_POINT('',(-1.475,0.5,1.2));
#7257=CARTESIAN_POINT('Origin',(0.,0.5,0.));
#7258=CARTESIAN_POINT('Origin',(1.2,1.15,2.95));
#7259=CARTESIAN_POINT('',(1.2,0.,2.5298221281347));
#7260=CARTESIAN_POINT('',(1.2,1.8,2.5298221281347));
#7261=CARTESIAN_POINT('',(1.2,0.9,2.5298221281347));
#7262=CARTESIAN_POINT('',(1.2,1.8,3.07408522978788));
#7263=CARTESIAN_POINT('',(1.2,1.8,1.475));
#7264=CARTESIAN_POINT('',(1.2,0.9,3.07408522978788));
#7265=CARTESIAN_POINT('',(1.2,0.,1.475));
#7266=CARTESIAN_POINT('Origin',(2.95,1.15,-1.2));
#7267=CARTESIAN_POINT('',(2.5298221281347,0.,-1.2));
#7268=CARTESIAN_POINT('',(2.5298221281347,1.8,-1.2));
#7269=CARTESIAN_POINT('',(2.5298221281347,0.9,-1.2));
#7270=CARTESIAN_POINT('',(3.07408522978788,1.8,-1.2));
#7271=CARTESIAN_POINT('',(1.475,1.8,-1.2));
#7272=CARTESIAN_POINT('',(3.07408522978788,0.9,-1.2));
#7273=CARTESIAN_POINT('',(1.475,0.,-1.2));
#7274=CARTESIAN_POINT('Origin',(0.,2.05,0.));
#7275=CARTESIAN_POINT('',(-3.3,2.3,4.04133443718627E-16));
#7276=CARTESIAN_POINT('Origin',(0.,2.3,0.));
#7277=CARTESIAN_POINT('',(-3.3,2.05,4.04133443718627E-16));
#7278=CARTESIAN_POINT('',(-3.07408522978788,1.8,1.2));
#7279=CARTESIAN_POINT('',(-3.07408522978788,0.9,1.2));
#7280=CARTESIAN_POINT('',(-1.2,1.8,3.07408522978788));
#7281=CARTESIAN_POINT('Origin',(0.,1.8,0.));
#7282=CARTESIAN_POINT('',(-1.2,0.9,3.07408522978788));
#7283=CARTESIAN_POINT('',(3.07408522978788,1.8,1.2));
#7284=CARTESIAN_POINT('Origin',(0.,1.8,0.));
#7285=CARTESIAN_POINT('',(3.07408522978788,0.9,1.2));
#7286=CARTESIAN_POINT('',(1.2,1.8,-3.07408522978788));
#7287=CARTESIAN_POINT('Origin',(0.,1.8,0.));
#7288=CARTESIAN_POINT('',(1.2,0.9,-3.07408522978788));
#7289=CARTESIAN_POINT('',(-1.2,1.8,-3.07408522978788));
#7290=CARTESIAN_POINT('',(-1.2,0.9,-3.07408522978788));
#7291=CARTESIAN_POINT('',(-3.07408522978788,1.8,-1.2));
#7292=CARTESIAN_POINT('Origin',(0.,1.8,0.));
#7293=CARTESIAN_POINT('',(-3.07408522978788,0.9,-1.2));
#7294=CARTESIAN_POINT('Origin',(-1.2,1.15,2.95));
#7295=CARTESIAN_POINT('',(-1.2,1.8,2.5298221281347));
#7296=CARTESIAN_POINT('',(-1.2,1.8,1.475));
#7297=CARTESIAN_POINT('',(-1.2,0.,2.5298221281347));
#7298=CARTESIAN_POINT('',(-1.2,0.9,2.5298221281347));
#7299=CARTESIAN_POINT('',(-1.2,0.,1.475));
#7300=CARTESIAN_POINT('Origin',(0.,0.,0.));
#7301=CARTESIAN_POINT('Origin',(0.,0.,0.));
#7302=CARTESIAN_POINT('Origin',(0.,0.,0.));
#7303=CARTESIAN_POINT('',(-1.2,0.,-2.5298221281347));
#7304=CARTESIAN_POINT('',(-1.2,0.,-1.475));
#7305=CARTESIAN_POINT('',(1.2,0.,-2.5298221281347));
#7306=CARTESIAN_POINT('',(1.2,0.,-1.475));
#7307=CARTESIAN_POINT('Origin',(0.,0.,0.));
#7308=CARTESIAN_POINT('Origin',(1.2,1.15,-2.95));
#7309=CARTESIAN_POINT('',(1.2,1.8,-2.5298221281347));
#7310=CARTESIAN_POINT('',(1.2,1.8,-1.475));
#7311=CARTESIAN_POINT('',(1.2,0.9,-2.5298221281347));
#7312=CARTESIAN_POINT('Origin',(-1.2,1.15,-2.95));
#7313=CARTESIAN_POINT('',(-1.2,1.8,-2.5298221281347));
#7314=CARTESIAN_POINT('',(-1.2,0.9,-2.5298221281347));
#7315=CARTESIAN_POINT('',(-1.2,1.8,-1.475));
#7316=CARTESIAN_POINT('Origin',(2.95,1.15,1.2));
#7317=CARTESIAN_POINT('',(2.5298221281347,1.8,1.2));
#7318=CARTESIAN_POINT('',(1.475,1.8,1.2));
#7319=CARTESIAN_POINT('',(2.5298221281347,0.,1.2));
#7320=CARTESIAN_POINT('',(2.5298221281347,0.9,1.2));
#7321=CARTESIAN_POINT('',(1.475,0.,1.2));
#7322=CARTESIAN_POINT('Origin',(0.,0.,0.));
#7323=CARTESIAN_POINT('Origin',(0.,0.,0.));
#7324=CARTESIAN_POINT('Origin',(0.,0.,0.));
#7325=CARTESIAN_POINT('',(-2.5298221281347,0.,1.2));
#7326=CARTESIAN_POINT('',(-1.475,0.,1.2));
#7327=CARTESIAN_POINT('',(-2.5298221281347,0.,-1.2));
#7328=CARTESIAN_POINT('',(-1.475,0.,-1.2));
#7329=CARTESIAN_POINT('',(-2.8,0.,3.42901103761259E-16));
#7330=CARTESIAN_POINT('Origin',(0.,0.,0.));
#7331=CARTESIAN_POINT('Origin',(0.,0.,0.));
#7332=CARTESIAN_POINT('Origin',(-2.95,1.15,-1.2));
#7333=CARTESIAN_POINT('',(-2.5298221281347,1.8,-1.2));
#7334=CARTESIAN_POINT('',(-1.475,1.8,-1.2));
#7335=CARTESIAN_POINT('',(-2.5298221281347,0.9,-1.2));
#7336=CARTESIAN_POINT('Origin',(-2.95,1.15,1.2));
#7337=CARTESIAN_POINT('',(-2.5298221281347,1.8,1.2));
#7338=CARTESIAN_POINT('',(-2.5298221281347,0.9,1.2));
#7339=CARTESIAN_POINT('',(-1.475,1.8,1.2));
#7340=CARTESIAN_POINT('Origin',(0.,1.8,0.));
#7341=CARTESIAN_POINT('Origin',(0.,1.8,0.));
#7342=CARTESIAN_POINT('Origin',(0.,1.8,0.));
#7343=CARTESIAN_POINT('Origin',(0.,1.8,0.));
#7344=CARTESIAN_POINT('Origin',(0.,1.8,0.));
#7345=CARTESIAN_POINT('Origin',(0.,1.8,0.));
#7346=CARTESIAN_POINT('Origin',(0.,1.8,0.));
#7347=CARTESIAN_POINT('Origin',(0.,1.8,0.));
#7348=CARTESIAN_POINT('Origin',(0.,2.05,0.));
#7349=CARTESIAN_POINT('',(-2.8,2.3,-3.42901103761259E-16));
#7350=CARTESIAN_POINT('',(-2.8,2.05,3.42901103761259E-16));
#7351=CARTESIAN_POINT('Origin',(0.,2.3,0.));
#7352=CARTESIAN_POINT('Origin',(0.,2.3,0.));
#7353=CARTESIAN_POINT('',(0.,0.,0.));
#7354=CARTESIAN_POINT('',(0.,0.,0.));
#7355=CARTESIAN_POINT('',(0.,0.,0.));
#7356=CARTESIAN_POINT('',(0.,0.,0.));
#7357=CARTESIAN_POINT('',(0.,0.,0.));
#7358=CARTESIAN_POINT('',(0.,0.,0.));
#7359=UNCERTAINTY_MEASURE_WITH_UNIT(LENGTH_MEASURE(0.001),#7375,
'DISTANCE_ACCURACY_VALUE',
'Maximum model space distance between geometric entities at asserted c
onnectivities');
#7360=UNCERTAINTY_MEASURE_WITH_UNIT(LENGTH_MEASURE(0.001),#7375,
'DISTANCE_ACCURACY_VALUE',
'Maximum model space distance between geometric entities at asserted c
onnectivities');
#7361=UNCERTAINTY_MEASURE_WITH_UNIT(LENGTH_MEASURE(0.001),#7375,
'DISTANCE_ACCURACY_VALUE',
'Maximum model space distance between geometric entities at asserted c
onnectivities');
#7362=UNCERTAINTY_MEASURE_WITH_UNIT(LENGTH_MEASURE(0.001),#7375,
'DISTANCE_ACCURACY_VALUE',
'Maximum model space distance between geometric entities at asserted c
onnectivities');
#7363=UNCERTAINTY_MEASURE_WITH_UNIT(LENGTH_MEASURE(0.001),#7375,
'DISTANCE_ACCURACY_VALUE',
'Maximum model space distance between geometric entities at asserted c
onnectivities');
#7364=UNCERTAINTY_MEASURE_WITH_UNIT(LENGTH_MEASURE(0.001),#7375,
'DISTANCE_ACCURACY_VALUE',
'Maximum model space distance between geometric entities at asserted c
onnectivities');
#7365=UNCERTAINTY_MEASURE_WITH_UNIT(LENGTH_MEASURE(0.001),#7375,
'DISTANCE_ACCURACY_VALUE',
'Maximum model space distance between geometric entities at asserted c
onnectivities');
#7366=UNCERTAINTY_MEASURE_WITH_UNIT(LENGTH_MEASURE(0.001),#7375,
'DISTANCE_ACCURACY_VALUE',
'Maximum model space distance between geometric entities at asserted c
onnectivities');
#7367=(
GEOMETRIC_REPRESENTATION_CONTEXT(3)
GLOBAL_UNCERTAINTY_ASSIGNED_CONTEXT((#7359))
GLOBAL_UNIT_ASSIGNED_CONTEXT((#7375,#7377,#7378))
REPRESENTATION_CONTEXT('','3D')
);
#7368=(
GEOMETRIC_REPRESENTATION_CONTEXT(3)
GLOBAL_UNCERTAINTY_ASSIGNED_CONTEXT((#7360))
GLOBAL_UNIT_ASSIGNED_CONTEXT((#7375,#7377,#7378))
REPRESENTATION_CONTEXT('','3D')
);
#7369=(
GEOMETRIC_REPRESENTATION_CONTEXT(3)
GLOBAL_UNCERTAINTY_ASSIGNED_CONTEXT((#7361))
GLOBAL_UNIT_ASSIGNED_CONTEXT((#7375,#7377,#7378))
REPRESENTATION_CONTEXT('','3D')
);
#7370=(
GEOMETRIC_REPRESENTATION_CONTEXT(3)
GLOBAL_UNCERTAINTY_ASSIGNED_CONTEXT((#7362))
GLOBAL_UNIT_ASSIGNED_CONTEXT((#7375,#7377,#7378))
REPRESENTATION_CONTEXT('','3D')
);
#7371=(
GEOMETRIC_REPRESENTATION_CONTEXT(3)
GLOBAL_UNCERTAINTY_ASSIGNED_CONTEXT((#7363))
GLOBAL_UNIT_ASSIGNED_CONTEXT((#7375,#7377,#7378))
REPRESENTATION_CONTEXT('','3D')
);
#7372=(
GEOMETRIC_REPRESENTATION_CONTEXT(3)
GLOBAL_UNCERTAINTY_ASSIGNED_CONTEXT((#7364))
GLOBAL_UNIT_ASSIGNED_CONTEXT((#7375,#7377,#7378))
REPRESENTATION_CONTEXT('','3D')
);
#7373=(
GEOMETRIC_REPRESENTATION_CONTEXT(3)
GLOBAL_UNCERTAINTY_ASSIGNED_CONTEXT((#7365))
GLOBAL_UNIT_ASSIGNED_CONTEXT((#7375,#7377,#7378))
REPRESENTATION_CONTEXT('','3D')
);
#7374=(
GEOMETRIC_REPRESENTATION_CONTEXT(3)
GLOBAL_UNCERTAINTY_ASSIGNED_CONTEXT((#7366))
GLOBAL_UNIT_ASSIGNED_CONTEXT((#7375,#7377,#7378))
REPRESENTATION_CONTEXT('','3D')
);
#7375=(
LENGTH_UNIT()
NAMED_UNIT(*)
SI_UNIT(.CENTI.,.METRE.)
);
#7376=(
LENGTH_UNIT()
NAMED_UNIT(*)
SI_UNIT($,.METRE.)
);
#7377=(
NAMED_UNIT(*)
PLANE_ANGLE_UNIT()
SI_UNIT($,.RADIAN.)
);
#7378=(
NAMED_UNIT(*)
SI_UNIT($,.STERADIAN.)
SOLID_ANGLE_UNIT()
);
#7379=SHAPE_DEFINITION_REPRESENTATION(#7386,#7399);
#7380=SHAPE_DEFINITION_REPRESENTATION(#7387,#7400);
#7381=SHAPE_DEFINITION_REPRESENTATION(#7388,#7401);
#7382=SHAPE_DEFINITION_REPRESENTATION(#7389,#7402);
#7383=SHAPE_DEFINITION_REPRESENTATION(#7390,#7403);
#7384=SHAPE_DEFINITION_REPRESENTATION(#7391,#7404);
#7385=SHAPE_DEFINITION_REPRESENTATION(#7392,#7405);
#7386=PRODUCT_DEFINITION_SHAPE('',$,#7407);
#7387=PRODUCT_DEFINITION_SHAPE('',$,#7408);
#7388=PRODUCT_DEFINITION_SHAPE('',$,#7409);
#7389=PRODUCT_DEFINITION_SHAPE('',$,#7410);
#7390=PRODUCT_DEFINITION_SHAPE('',$,#7411);
#7391=PRODUCT_DEFINITION_SHAPE('',$,#7412);
#7392=PRODUCT_DEFINITION_SHAPE('',$,#7413);
#7393=PRODUCT_DEFINITION_SHAPE($,$,#29);
#7394=PRODUCT_DEFINITION_SHAPE($,$,#30);
#7395=PRODUCT_DEFINITION_SHAPE($,$,#31);
#7396=PRODUCT_DEFINITION_SHAPE($,$,#32);
#7397=PRODUCT_DEFINITION_SHAPE($,$,#33);
#7398=PRODUCT_DEFINITION_SHAPE($,$,#34);
#7399=SHAPE_REPRESENTATION('',(#4383,#4856,#4857,#4858,#4859,#4860,#4861),
#7367);
#7400=SHAPE_REPRESENTATION('',(#4384),#7368);
#7401=SHAPE_REPRESENTATION('',(#4466),#7369);
#7402=SHAPE_REPRESENTATION('',(#4541),#7370);
#7403=SHAPE_REPRESENTATION('',(#4620),#7371);
#7404=SHAPE_REPRESENTATION('',(#4697),#7372);
#7405=SHAPE_REPRESENTATION('',(#4772),#7373);
#7406=PRODUCT_DEFINITION_CONTEXT('part definition',#7429,'design');
#7407=PRODUCT_DEFINITION('(\X2\672A4FDD5B58\X0\)','(\X2\672A4FDD5B58\X0\)',
#7414,#7406);
#7408=PRODUCT_DEFINITION('L1','L1',#7415,#7406);
#7409=PRODUCT_DEFINITION('L2','L2',#7416,#7406);
#7410=PRODUCT_DEFINITION('L3','L3',#7417,#7406);
#7411=PRODUCT_DEFINITION('L4','L4',#7418,#7406);
#7412=PRODUCT_DEFINITION('L5','L5',#7419,#7406);
#7413=PRODUCT_DEFINITION('ring','ring',#7420,#7406);
#7414=PRODUCT_DEFINITION_FORMATION('',$,#7431);
#7415=PRODUCT_DEFINITION_FORMATION('',$,#7432);
#7416=PRODUCT_DEFINITION_FORMATION('',$,#7433);
#7417=PRODUCT_DEFINITION_FORMATION('',$,#7434);
#7418=PRODUCT_DEFINITION_FORMATION('',$,#7435);
#7419=PRODUCT_DEFINITION_FORMATION('',$,#7436);
#7420=PRODUCT_DEFINITION_FORMATION('',$,#7437);
#7421=PRODUCT_RELATED_PRODUCT_CATEGORY('(\X2\672A4FDD5B58\X0\)',
'(\X2\672A4FDD5B58\X0\)',(#7431));
#7422=PRODUCT_RELATED_PRODUCT_CATEGORY('L1','L1',(#7432));
#7423=PRODUCT_RELATED_PRODUCT_CATEGORY('L2','L2',(#7433));
#7424=PRODUCT_RELATED_PRODUCT_CATEGORY('L3','L3',(#7434));
#7425=PRODUCT_RELATED_PRODUCT_CATEGORY('L4','L4',(#7435));
#7426=PRODUCT_RELATED_PRODUCT_CATEGORY('L5','L5',(#7436));
#7427=PRODUCT_RELATED_PRODUCT_CATEGORY('ring','ring',(#7437));
#7428=APPLICATION_PROTOCOL_DEFINITION('international standard',
'automotive_design',2009,#7429);
#7429=APPLICATION_CONTEXT(
'Core Data for Automotive Mechanical Design Process');
#7430=PRODUCT_CONTEXT('part definition',#7429,'mechanical');
#7431=PRODUCT('(\X2\672A4FDD5B58\X0\)','(\X2\672A4FDD5B58\X0\)',$,(#7430));
#7432=PRODUCT('L1','L1',$,(#7430));
#7433=PRODUCT('L2','L2',$,(#7430));
#7434=PRODUCT('L3','L3',$,(#7430));
#7435=PRODUCT('L4','L4',$,(#7430));
#7436=PRODUCT('L5','L5',$,(#7430));
#7437=PRODUCT('ring','ring',$,(#7430));
#7438=PRESENTATION_STYLE_ASSIGNMENT((#7439));
#7439=SURFACE_STYLE_USAGE(.BOTH.,#7440);
#7440=SURFACE_SIDE_STYLE('',(#7441));
#7441=SURFACE_STYLE_FILL_AREA(#7442);
#7442=FILL_AREA_STYLE('\X2\92FC\X0\ - \X2\30B530C630F3\X0\',(#7443));
#7443=FILL_AREA_STYLE_COLOUR('\X2\92FC\X0\ - \X2\30B530C630F3\X0\',#7444);
#7444=COLOUR_RGB('\X2\92FC\X0\ - \X2\30B530C630F3\X0\',0.627450980392157,
0.627450980392157,0.627450980392157);
ENDSEC;
END-ISO-10303-21;
